{
  "timestamp": "2025-11-30T14:24:36.477108",
  "device_info": {
    "screen_width": 2560,
    "screen_height": 1440,
    "screen_width_mm": 597,
    "screen_height_mm": 336,
    "webcam_width": 1280,
    "webcam_height": 1024,
    "camera_matrix": [
      [
        1408.572643,
        0.0,
        918.986646
      ],
      [
        0.0,
        1378.049178,
        553.273009
      ],
      [
        0.0,
        0.0,
        1.0
      ]
    ],
    "dist_coeffs": [
      -0.355882,
      0.159152,
      0.002311,
      -0.001401,
      -0.055078
    ]
  },
  "calibration_parameters": {
    "sfm_enabled": true,
    "total_calibration_points": 2,
    "calibration_time_per_point": 2.5
  },
  "transformation_matrices": {
    "STransG": [
      [
        -1.0,
        0.0,
        0.0,
        345.86185960669957
      ],
      [
        0.0,
        -1.0,
        0.0,
        24.460933173817082
      ],
      [
        0.0,
        0.0,
        1.0,
        -590.2516974022178
      ],
      [
        0.0,
        0.0,
        0.0,
        1.0
      ]
    ],
    "StG": [
      [
        [
          346.05357008204584
        ],
        [
          23.42891514967545
        ],
        [
          -590.2516974022178
        ]
      ],
      [
        [
          347.28450880646653
        ],
        [
          34.1875338880008
        ],
        [
          -590.2516974022178
        ]
      ]
    ]
  },
  "calibration_points": {
    "SetValues": [
      [
        [
          11.0
        ],
        [
          6.0
        ],
        [
          0.0
        ]
      ],
      [
        [
          585.0
        ],
        [
          6.0
        ],
        [
          0.0
        ]
      ]
    ],
    "gaze_data": [
      "      gaze_x    gaze_y    gaze_z\n6   0.492392  0.008743  0.870136\n7   0.492392  0.014551  0.870136\n13  0.486945  0.016673  0.873201\n21  0.487213  0.040997  0.867115\n22  0.489679  0.040997  0.867115\n29  0.496893  0.025802  0.867428\n32  0.496893  0.025424  0.867428\n33  0.496893  0.025802  0.867428\n34  0.489276  0.020794  0.870616\n35  0.489276  0.018888  0.870616\n37  0.497144  0.036424  0.866903\n38  0.497144  0.036424  0.866903",
      "      gaze_x    gaze_y   gaze_z\n45 -0.373211  0.044254  0.92669"
    ],
    "SetVal": "    set_x  set_y  set_z\n6    11.0    6.0    0.0\n7    11.0    6.0    0.0\n13   11.0    6.0    0.0\n21   11.0    6.0    0.0\n22   11.0    6.0    0.0\n29   11.0    6.0    0.0\n32   11.0    6.0    0.0\n33   11.0    6.0    0.0\n34   11.0    6.0    0.0\n35   11.0    6.0    0.0\n37   11.0    6.0    0.0\n38   11.0    6.0    0.0\n45  585.0    6.0    0.0",
    "gaze": "      gaze_x    gaze_y    gaze_z\n6   0.492392  0.008743  0.870136\n7   0.492392  0.014551  0.870136\n13  0.486945  0.016673  0.873201\n21  0.487213  0.040997  0.867115\n22  0.489679  0.040997  0.867115\n29  0.496893  0.025802  0.867428\n32  0.496893  0.025424  0.867428\n33  0.496893  0.025802  0.867428\n34  0.489276  0.020794  0.870616\n35  0.489276  0.018888  0.870616\n37  0.497144  0.036424  0.866903\n38  0.497144  0.036424  0.866903\n45 -0.373211  0.044254  0.926690"
  },
  "sfm_data": {
    "STransW": [
      [
        -1.0,
        0.0,
        0.0,
        217.1024543973864
      ],
      [
        0.0,
        1.0,
        0.0,
        105.78588990647965
      ],
      [
        0.0,
        0.0,
        -1.0,
        0.0
      ],
      [
        0.0,
        0.0,
        0.0,
        1.0
      ]
    ],
    "scaleWtG": 609.6919272890243,
    "StW": [
      [
        [
          217.2941648727327
        ],
        [
          104.75387188233802
        ],
        [
          0.0
        ]
      ],
      [
        [
          218.5251035971534
        ],
        [
          115.51249062066337
        ],
        [
          0.0
        ]
      ]
    ]
  }
}