{
  "timestamp": "2025-11-11T12:32:14.112354",
  "device_info": {
    "screen_width": 2560,
    "screen_height": 1440,
    "screen_width_mm": 597,
    "screen_height_mm": 336,
    "webcam_width": 1280,
    "webcam_height": 1024,
    "camera_matrix": [
      [
        1335.148396,
        0.0,
        1070.916963
      ],
      [
        0.0,
        1333.195175,
        488.35109
      ],
      [
        0.0,
        0.0,
        1.0
      ]
    ],
    "dist_coeffs": [
      -0.114598,
      0.087779,
      -0.003087,
      -0.005882,
      -0.073706
    ]
  },
  "calibration_parameters": {
    "sfm_enabled": true,
    "total_calibration_points": 4,
    "calibration_time_per_point": 2.5
  },
  "transformation_matrices": {
    "STransG": [
      [
        -1.0,
        0.0,
        0.0,
        252.98451587224034
      ],
      [
        0.0,
        -1.0,
        0.0,
        -94.26503939732201
      ],
      [
        0.0,
        0.0,
        1.0,
        -708.5020827996227
      ],
      [
        0.0,
        0.0,
        0.0,
        1.0
      ]
    ],
    "StG": [
      [
        [
          181.2682804653595
        ],
        [
          -236.74239020741422
        ],
        [
          -708.5020827996227
        ]
      ],
      [
        [
          393.14315122895283
        ],
        [
          -242.82554108240683
        ],
        [
          -708.5020827996227
        ]
      ],
      [
        [
          244.8865645102942
        ],
        [
          79.16468242246944
        ],
        [
          -708.5020827996227
        ]
      ],
      [
        [
          155.11778953656477
        ],
        [
          21.845005749264715
        ],
        [
          -708.5020827996227
        ]
      ]
    ]
  },
  "calibration_points": {
    "SetValues": [
      [
        [
          11.0
        ],
        [
          6.0
        ],
        [
          0.0
        ]
      ],
      [
        [
          585.0
        ],
        [
          6.0
        ],
        [
          0.0
        ]
      ],
      [
        [
          11.0
        ],
        [
          329.0
        ],
        [
          0.0
        ]
      ],
      [
        [
          585.0
        ],
        [
          329.0
        ],
        [
          0.0
        ]
      ]
    ],
    "gaze_data": [
      "      gaze_x    gaze_y    gaze_z\n10  0.213053 -0.336521  0.915472\n11  0.212424 -0.336521  0.917258\n12  0.212424 -0.336521  0.917258\n16  0.213913 -0.313192  0.917122\n17  0.266733 -0.309850  0.921524\n20  0.266733 -0.313192  0.911307\n21  0.265416 -0.314760  0.918702\n22  0.251440 -0.316222  0.914758\n23  0.234570 -0.316222  0.918702\n24  0.220784 -0.314760  0.919007\n25  0.220784 -0.307373  0.920064\n29  0.240645 -0.295622  0.923319\n30  0.218843 -0.298631  0.923319",
      "      gaze_x    gaze_y    gaze_z\n35 -0.248331 -0.297448  0.917692\n36 -0.250309 -0.294398  0.913885\n41 -0.252934 -0.304261  0.919380\n42 -0.246870 -0.301272  0.920568\n43 -0.246870 -0.301272  0.920568\n44 -0.246870 -0.304261  0.919380\n45 -0.245599 -0.319524  0.910422\n46 -0.246870 -0.319524  0.910422\n47 -0.245599 -0.326315  0.910422\n50 -0.255486 -0.326315  0.910908\n51 -0.255486 -0.326315  0.910908\n52 -0.255486 -0.323879  0.910908\n53 -0.250012 -0.323879  0.912467\n54 -0.250012 -0.322719  0.914828\n55 -0.243391 -0.323879  0.914828\n56 -0.243391 -0.323879  0.917972",
      "      gaze_x    gaze_y    gaze_z\n77  0.255295 -0.320956  0.905087\n79  0.283466 -0.319773  0.905087\n80  0.296545 -0.316963  0.905087\n81  0.296545 -0.311752  0.905087\n82  0.325332 -0.303265  0.896799\n83  0.325332 -0.303265  0.890909\n84  0.314286 -0.303265  0.896799\n85  0.314286 -0.312863  0.896799\n86  0.305845 -0.312863  0.897840\n87  0.296085 -0.316767  0.897840\n88  0.296085 -0.316767  0.898312\n89  0.294800 -0.316449  0.901639\n90  0.294800 -0.318995  0.901639\n91  0.296085 -0.320606  0.898312\n92  0.300412 -0.320606  0.898312",
      "       gaze_x    gaze_y    gaze_z\n102 -0.441851 -0.347238  0.820791\n103 -0.459705 -0.344084  0.818893\n104 -0.470314 -0.344084  0.805476\n105 -0.483758 -0.344084  0.805476\n106 -0.485763 -0.344084  0.803518\n107 -0.485763 -0.344084  0.803518\n108 -0.504532 -0.341975  0.790796\n117 -0.478614 -0.355990  0.801012\n118 -0.498462 -0.346926  0.790447\n119 -0.479528 -0.355990  0.800189\n120 -0.498462 -0.347311  0.790447\n121 -0.507128 -0.347311  0.788794\n123 -0.507128 -0.356988  0.788794\n124 -0.507128 -0.347311  0.788794"
    ],
    "SetVal": "     set_x  set_y  set_z\n10    11.0    6.0    0.0\n11    11.0    6.0    0.0\n12    11.0    6.0    0.0\n16    11.0    6.0    0.0\n17    11.0    6.0    0.0\n20    11.0    6.0    0.0\n21    11.0    6.0    0.0\n22    11.0    6.0    0.0\n23    11.0    6.0    0.0\n24    11.0    6.0    0.0\n25    11.0    6.0    0.0\n29    11.0    6.0    0.0\n30    11.0    6.0    0.0\n35   585.0    6.0    0.0\n36   585.0    6.0    0.0\n41   585.0    6.0    0.0\n42   585.0    6.0    0.0\n43   585.0    6.0    0.0\n44   585.0    6.0    0.0\n45   585.0    6.0    0.0\n46   585.0    6.0    0.0\n47   585.0    6.0    0.0\n50   585.0    6.0    0.0\n51   585.0    6.0    0.0\n52   585.0    6.0    0.0\n53   585.0    6.0    0.0\n54   585.0    6.0    0.0\n55   585.0    6.0    0.0\n56   585.0    6.0    0.0\n77    11.0  329.0    0.0\n79    11.0  329.0    0.0\n80    11.0  329.0    0.0\n81    11.0  329.0    0.0\n82    11.0  329.0    0.0\n83    11.0  329.0    0.0\n84    11.0  329.0    0.0\n85    11.0  329.0    0.0\n86    11.0  329.0    0.0\n87    11.0  329.0    0.0\n88    11.0  329.0    0.0\n89    11.0  329.0    0.0\n90    11.0  329.0    0.0\n91    11.0  329.0    0.0\n92    11.0  329.0    0.0\n102  585.0  329.0    0.0\n103  585.0  329.0    0.0\n104  585.0  329.0    0.0\n105  585.0  329.0    0.0\n106  585.0  329.0    0.0\n107  585.0  329.0    0.0\n108  585.0  329.0    0.0\n117  585.0  329.0    0.0\n118  585.0  329.0    0.0\n119  585.0  329.0    0.0\n120  585.0  329.0    0.0\n121  585.0  329.0    0.0\n123  585.0  329.0    0.0\n124  585.0  329.0    0.0",