{
  "timestamp": "2025-11-24T17:39:49.078881",
  "device_info": {
    "screen_width": 2560,
    "screen_height": 1440,
    "screen_width_mm": 1394,
    "screen_height_mm": 784,
    "webcam_width": 1280,
    "webcam_height": 1024,
    "camera_matrix": [
      [
        642.335761,
        0.0,
        297.164041
      ],
      [
        0.0,
        640.430524,
        256.749049
      ],
      [
        0.0,
        0.0,
        1.0
      ]
    ],
    "dist_coeffs": [
      -0.404469,
      0.395928,
      -0.001916,
      0.001824,
      -0.502759
    ]
  },
  "calibration_parameters": {
    "sfm_enabled": true,
    "total_calibration_points": 5,
    "calibration_time_per_point": 2.5
  },
  "transformation_matrices": {
    "STransG": [
      [
        -1.0,
        0.0,
        0.0,
        829.2419612725548
      ],
      [
        0.0,
        -1.0,
        0.0,
        281.582671744799
      ],
      [
        0.0,
        0.0,
        1.0,
        -1236.9394325767091
      ],
      [
        0.0,
        0.0,
        0.0,
        1.0
      ]
    ],
    "StG": [
      [
        [
          812.1511652957095
        ],
        [
          328.73631700621576
        ],
        [
          -1236.9394325767091
        ]
      ],
      [
        [
          878.7081225838617
        ],
        [
          269.12430193233433
        ],
        [
          -1236.9394325767091
        ]
      ],
      [
        [
          816.1216463378873
        ],
        [
          214.6020412035408
        ],
        [
          -1236.9394325767091
        ]
      ],
      [
        [
          853.2133819731887
        ],
        [
          282.6613191486929
        ],
        [
          -1236.9394325767091
        ]
      ],
      [
        [
          821.135565367839
        ],
        [
          279.1409335762419
        ],
        [
          -1236.9394325767091
        ]
      ]
    ]
  },
  "calibration_points": {
    "SetValues": [
      [
        [
          27.0
        ],
        [
          15.0
        ],
        [
          0.0
        ]
      ],
      [
        [
          1366.0
        ],
        [
          15.0
        ],
        [
          0.0
        ]
      ],
      [
        [
          27.0
        ],
        [
          768.0
        ],
        [
          0.0
        ]
      ],
      [
        [
          1366.0
        ],
        [
          768.0
        ],
        [
          0.0
        ]
      ],
      [
        [
          697.0
        ],
        [
          392.0
        ],
        [
          0.0
        ]
      ]
    ],
    "gaze_data": [
      "      gaze_x    gaze_y    gaze_z\n10  0.517544  0.209768  0.829545\n11  0.517544  0.209768  0.829545\n12  0.524387  0.209768  0.825499\n13  0.517544  0.208735  0.829545\n14  0.524387  0.208735  0.825499\n18  0.530170  0.200734  0.824857\n19  0.530716  0.200734  0.824857\n20  0.524691  0.200787  0.827288\n21  0.524691  0.200787  0.827288\n22  0.518859  0.208576  0.828197\n23  0.527713  0.208576  0.823947\n24  0.518859  0.208803  0.829024\n25  0.527713  0.211093  0.823359\n26  0.529996  0.211093  0.821474\n27  0.530922  0.213820  0.820240\n28  0.529996  0.216265  0.819975\n34  0.530978  0.213717  0.820232\n35  0.530978  0.213717  0.820232\n36  0.524206  0.213717  0.827236\n38  0.524206  0.209599  0.827236\n39  0.524206  0.209599  0.827236\n40  0.524206  0.209599  0.827236",
      "      gaze_x    gaze_y    gaze_z\n46 -0.358521  0.185017  0.913942\n48 -0.360398  0.190189  0.913942\n49 -0.358521  0.187887  0.915776\n50 -0.360398  0.187887  0.915776\n51 -0.360398  0.187887  0.915776\n79 -0.351544  0.191474  0.916381\n80 -0.360280  0.191474  0.914534\n81 -0.360280  0.186369  0.914534\n82 -0.360280  0.183916  0.914534",
      "       gaze_x    gaze_y    gaze_z\n106  0.502287 -0.356960  0.786858\n107  0.502287 -0.356960  0.786858\n108  0.499587 -0.358028  0.789372\n109  0.502287 -0.358028  0.786858\n110  0.499587 -0.356796  0.789372\n111  0.499587 -0.349901  0.789372\n112  0.501238 -0.349901  0.790369\n113  0.502970 -0.349901  0.787330\n114  0.501238 -0.349512  0.790369\n115  0.502970 -0.352246  0.787330\n116  0.502970 -0.352246  0.787330\n117  0.503033 -0.349041  0.787330\n125  0.496094 -0.356692  0.793228",
      "       gaze_x    gaze_y    gaze_z\n153 -0.359639 -0.338073  0.868052\n154 -0.359639 -0.342272  0.868052\n155 -0.359860 -0.342272  0.868052\n156 -0.359860 -0.342272  0.868052\n157 -0.359860 -0.342272  0.870858\n158 -0.360838 -0.340598  0.870858\n159 -0.360838 -0.340328  0.870858\n160 -0.365083 -0.340328  0.867976\n162 -0.371686 -0.340328  0.865149\n163 -0.354712 -0.340328  0.869647\n164 -0.368094 -0.343357  0.865149",
      "       gaze_x    gaze_y    gaze_z\n179  0.105748 -0.078596  0.990899\n183  0.105748 -0.083394  0.990390\n187  0.097879 -0.078666  0.990143\n188  0.097879 -0.102022  0.989955\n189  0.099393 -0.102022  0.989955\n190  0.099393 -0.102022  0.989955\n191  0.099393 -0.102022  0.989955\n192  0.099393 -0.090364  0.989956\n193  0.099393 -0.090364  0.990937\n195  0.095651 -0.088058  0.991512\n196  0.095651 -0.090356  0.991512\n197  0.099132 -0.090916  0.990845\n198  0.099132 -0.091647  0.990845\n203  0.092378 -0.090677  0.989865\n204  0.092378 -0.090677  0.989865\n205  0.104508 -0.090677  0.989865\n206  0.096860 -0.077956  0.991464\n209  0.103407 -0.083103  0.991464\n210  0.103407 -0.083657  0.991161"
    ],
    "SetVal": "     set_x  set_y  set_z\n10    27.0   15.0    0.0\n11    27.0   15.0    0.0\n12    27.0   15.0    0.0\n13    27.0   15.0    0.0\n14    27.0   15.0    0.0\n..     ...    ...    ...\n204  697.0  392.0    0.0\n205  697.0  392.0    0.0\n206  697.0  392.0    0.0\n209  697.0  392.0    0.0\n210  697.0  392.0    0.0\n\n[74 rows x 3 columns]",
    "gaze": "       gaze_x    gaze_y    gaze_z\n10   0.517544  0.209768  0.829545\n11   0.517544  0.209768  0.829545\n12   0.524387  0.209768  0.825499\n13   0.517544  0.208735  0.829545\n14   0.524387  0.208735  0.825499\n..        ...       ...       ...\n204  0.092378 -0.090677  0.989865\n205  0.104508 -0.090677  0.989865\n206  0.096860 -0.077956  0.991464\n209  0.103407 -0.083103  0.991464\n210  0.103407 -0.083657  0.991161\n\n[74 rows x 3 columns]"
  },
  "sfm_data": {
    "STransW": [
      [
        -1.0,
        0.0,
        0.0,
        2428.210302589474
      ],
      [
        0.0,
        1.0,
        0.0,
        956.312793216836
      ],
      [
        0.0,
        0.0,
        -1.0,
        0.0
      ],
      [
        0.0,
        0.0,
        0.0,
        1.0
      ]
    ],
    "scaleWtG": 3051.1438388719353,
    "StW": [
      [
        [
          2411.1195066126284
        ],
        [
          1003.4664384782527
        ],
        [
          0.0
        ]
      ],
      [
        [
          2477.6764639007806
        ],
        [
          943.8544234043713
        ],
        [
          0.0
        ]
      ],
      [
        [
          2415.0899876548065
        ],
        [
          889.3321626755778
        ],
        [
          0.0
        ]
      ],
      [
        [
          2452.1817232901076
        ],
        [
          957.3914406207299
        ],
        [
          0.0
        ]
      ],
      [
        [
          2420.103906684758
        ],
        [
          953.8710550482789
        ],
        [
          0.0
        ]
      ]
    ]
  }
}