{
  "timestamp": "2025-11-19T19:50:50.798227",
  "device_info": {
    "screen_width": 2560,
    "screen_height": 1440,
    "screen_width_mm": 1394,
    "screen_height_mm": 784,
    "webcam_width": 1280,
    "webcam_height": 1024,
    "camera_matrix": [
      [
        1335.148396,
        0.0,
        1070.916963
      ],
      [
        0.0,
        1333.195175,
        488.35109
      ],
      [
        0.0,
        0.0,
        1.0
      ]
    ],
    "dist_coeffs": [
      -0.114598,
      0.087779,
      -0.003087,
      -0.005882,
      -0.073706
    ]
  },
  "calibration_parameters": {
    "sfm_enabled": true,
    "total_calibration_points": 5,
    "calibration_time_per_point": 2.5
  },
  "transformation_matrices": {
    "STransG": [
      [
        -1.0,
        0.0,
        0.0,
        721.7128201216547
      ],
      [
        0.0,
        -1.0,
        0.0,
        325.17543165200624
      ],
      [
        0.0,
        0.0,
        1.0,
        -1280.5553960183665
      ],
      [
        0.0,
        0.0,
        0.0,
        1.0
      ]
    ],
    "StG": [
      [
        [
          746.2964433020012
        ],
        [
          351.6241811042145
        ],
        [
          -1280.5553960183665
        ]
      ],
      [
        [
          703.9209713286069
        ],
        [
          370.09451112793033
        ],
        [
          -1280.5553960183665
        ]
      ],
      [
        [
          636.3429126537261
        ],
        [
          306.63146632783923
        ],
        [
          -1280.5553960183665
        ]
      ],
      [
        [
          774.9607847079013
        ],
        [
          290.1909751985195
        ],
        [
          -1280.5553960183665
        ]
      ],
      [
        [
          758.1126461904724
        ],
        [
          303.6513679906021
        ],
        [
          -1280.5553960183665
        ]
      ]
    ]
  },
  "calibration_points": {
    "SetValues": [
      [
        [
          27.0
        ],
        [
          15.0
        ],
        [
          0.0
        ]
      ],
      [
        [
          1366.0
        ],
        [
          15.0
        ],
        [
          0.0
        ]
      ],
      [
        [
          27.0
        ],
        [
          768.0
        ],
        [
          0.0
        ]
      ],
      [
        [
          1366.0
        ],
        [
          768.0
        ],
        [
          0.0
        ]
      ],
      [
        [
          697.0
        ],
        [
          392.0
        ],
        [
          0.0
        ]
      ]
    ],
    "gaze_data": [
      "      gaze_x    gaze_y    gaze_z\n10  0.478889  0.217453  0.849783\n11  0.478889  0.245391  0.849783\n12  0.479483  0.208110  0.849783\n13  0.479483  0.238861  0.842645\n18  0.475668  0.220751  0.844288\n31  0.468019  0.220129  0.847296\n32  0.471259  0.207491  0.848388\n35  0.471930  0.220129  0.852109\n36  0.471930  0.226257  0.852109\n37  0.471930  0.230437  0.852109\n38  0.471930  0.230437  0.852109\n39  0.481205  0.226257  0.845638\n40  0.481393  0.225973  0.845638\n43  0.481393  0.217535  0.849606",
      "      gaze_x    gaze_y    gaze_z\n53 -0.444857  0.240425  0.862919\n54 -0.444857  0.239737  0.864316\n55 -0.447501  0.239737  0.862919\n56 -0.450518  0.239737  0.862919\n76 -0.449679  0.233706  0.866068\n77 -0.446992  0.233706  0.866068\n78 -0.446992  0.236601  0.864547\n79 -0.446992  0.233706  0.864729\n80 -0.446992  0.233706  0.864729\n81 -0.449422  0.241914  0.864547\n82 -0.454526  0.241914  0.864072",
      "       gaze_x    gaze_y    gaze_z\n88   0.408678 -0.306930  0.859855\n89   0.408678 -0.306930  0.859855\n90   0.406278 -0.305556  0.859869\n91   0.406278 -0.305556  0.859869\n93   0.406278 -0.305556  0.859890\n104  0.405594 -0.309676  0.858851\n105  0.405594 -0.310444  0.858851\n106  0.405594 -0.310444  0.858851\n113  0.410798 -0.312012  0.858063\n114  0.410798 -0.312012  0.858063\n115  0.410798 -0.309434  0.858063\n116  0.412037 -0.309434  0.857016\n128  0.415399 -0.311017  0.855957",
      "       gaze_x    gaze_y    gaze_z\n153 -0.398261 -0.320443  0.860608\n154 -0.398261 -0.320443  0.860608\n155 -0.402130 -0.320443  0.860608\n156 -0.396238 -0.323538  0.859107\n157 -0.402841 -0.320443  0.859107\n158 -0.402841 -0.320556  0.859107\n160 -0.395556 -0.320556  0.859173\n161 -0.388856 -0.318381  0.860685\n169 -0.396294 -0.327413  0.858195\n170 -0.396746 -0.326269  0.857970\n171 -0.396294 -0.326269  0.858195\n172 -0.396294 -0.326269  0.858195",
      "       gaze_x    gaze_y    gaze_z\n186  0.058165 -0.063630  0.996277\n187  0.058165 -0.059655  0.996277\n188  0.058165 -0.063630  0.996277\n189  0.062107 -0.063630  0.995063\n194  0.043047 -0.068737  0.996691\n195  0.043384 -0.068737  0.996691\n196  0.045290 -0.069711  0.996292\n197  0.047547 -0.068737  0.996691\n198  0.047547 -0.069711  0.996292"
    ],
    "SetVal": "      set_x  set_y  set_z\n10     27.0   15.0    0.0\n11     27.0   15.0    0.0\n12     27.0   15.0    0.0\n13     27.0   15.0    0.0\n18     27.0   15.0    0.0\n31     27.0   15.0    0.0\n32     27.0   15.0    0.0\n35     27.0   15.0    0.0\n36     27.0   15.0    0.0\n37     27.0   15.0    0.0\n38     27.0   15.0    0.0\n39     27.0   15.0    0.0\n40     27.0   15.0    0.0\n43     27.0   15.0    0.0\n53   1366.0   15.0    0.0\n54   1366.0   15.0    0.0\n55   1366.0   15.0    0.0\n56   1366.0   15.0    0.0\n76   1366.0   15.0    0.0\n77   1366.0   15.0    0.0\n78   1366.0   15.0    0.0\n79   1366.0   15.0    0.0\n80   1366.0   15.0    0.0\n81   1366.0   15.0    0.0\n82   1366.0   15.0    0.0\n88     27.0  768.0    0.0\n89     27.0  768.0    0.0\n90     27.0  768.0    0.0\n91     27.0  768.0    0.0\n93     27.0  768.0    0.0\n104    27.0  768.0    0.0\n105    27.0  768.0    0.0\n106    27.0  768.0    0.0\n113    27.0  768.0    0.0\n114    27.0  768.0    0.0\n115    27.0  768.0    0.0\n116    27.0  768.0    0.0\n128    27.0  768.0    0.0\n153  1366.0  768.0    0.0\n154  1366.0  768.0    0.0\n155  1366.0  768.0    0.0\n156  1366.0  768.0    0.0\n157  1366.0  768.0    0.0\n158  1366.0  768.0    0.0\n160  1366.0  768.0    0.0\n161  1366.0  768.0    0.0\n169  1366.0  768.0    0.0\n170  1366.0  768.0    0.0\n171  1366.0  768.0    0.0\n172  1366.0  768.0    0.0\n186   697.0  392.0    0.0\n187   697.0  392.0    0.0\n188   697.0  392.0    0.0\n189   697.0  392.0    0.0\n194   697.0  392.0    0.0\n195   697.0  392.0    0.0\n196   697.0  392.0    0.0\n197   697.0  392.0    0.0\n198   697.0  392.0    0.0",