{
  "timestamp": "2025-11-25T09:39:14.206843",
  "device_info": {
    "screen_width": 2560,
    "screen_height": 1440,
    "screen_width_mm": 1394,
    "screen_height_mm": 784,
    "webcam_width": 1280,
    "webcam_height": 1024,
    "camera_matrix": [
      [
        1408.572643,
        0.0,
        918.986646
      ],
      [
        0.0,
        1378.049178,
        553.273009
      ],
      [
        0.0,
        0.0,
        1.0
      ]
    ],
    "dist_coeffs": [
      -0.355882,
      0.159152,
      0.002311,
      -0.001401,
      -0.055078
    ]
  },
  "calibration_parameters": {
    "sfm_enabled": true,
    "total_calibration_points": 5,
    "calibration_time_per_point": 2.5
  },
  "transformation_matrices": {
    "STransG": [
      [
        -1.0,
        0.0,
        0.0,
        729.6240887947249
      ],
      [
        0.0,
        -1.0,
        0.0,
        308.68934377882607
      ],
      [
        0.0,
        0.0,
        1.0,
        -1310.2765279246396
      ],
      [
        0.0,
        0.0,
        0.0,
        1.0
      ]
    ],
    "StG": [
      [
        [
          776.70105751607
        ],
        [
          355.56608812150785
        ],
        [
          -1310.2765279246396
        ]
      ],
      [
        [
          729.8035003084194
        ],
        [
          331.58166277204737
        ],
        [
          -1310.2765279246396
        ]
      ],
      [
        [
          563.0120038442586
        ],
        [
          305.41981699533017
        ],
        [
          -1310.2765279246396
        ]
      ],
      [
        [
          760.776727865052
        ],
        [
          276.96723381765594
        ],
        [
          -1310.2765279246396
        ]
      ],
      [
        [
          737.2783454653262
        ],
        [
          290.7708960385589
        ],
        [
          -1310.2765279246396
        ]
      ]
    ]
  },
  "calibration_points": {
    "SetValues": [
      [
        [
          27.0
        ],
        [
          15.0
        ],
        [
          0.0
        ]
      ],
      [
        [
          1366.0
        ],
        [
          15.0
        ],
        [
          0.0
        ]
      ],
      [
        [
          27.0
        ],
        [
          768.0
        ],
        [
          0.0
        ]
      ],
      [
        [
          1366.0
        ],
        [
          768.0
        ],
        [
          0.0
        ]
      ],
      [
        [
          697.0
        ],
        [
          392.0
        ],
        [
          0.0
        ]
      ]
    ],
    "gaze_data": [
      "      gaze_x    gaze_y    gaze_z\n11  0.481796  0.220176  0.849478\n12  0.481796  0.219945  0.849478\n14  0.481916  0.219945  0.844749\n15  0.481796  0.219945  0.844749\n16  0.484306  0.215101  0.848044\n20  0.484173  0.220422  0.848044\n21  0.484173  0.220422  0.846204\n22  0.485682  0.220239  0.846204\n32  0.487717  0.219813  0.842250\n43  0.485541  0.217460  0.845823",
      "      gaze_x    gaze_y    gaze_z\n44 -0.427133  0.210071  0.883006\n45 -0.427007  0.214964  0.877455\n46 -0.427007  0.214964  0.877455\n47 -0.427007  0.210071  0.877455\n48 -0.421457  0.214964  0.877455\n53 -0.417860  0.213209  0.881230\n57 -0.417746  0.211845  0.882896\n65 -0.419167  0.211073  0.883033\n66 -0.419167  0.211073  0.883033\n75 -0.427939  0.214233  0.877124\n77 -0.427939  0.214233  0.877124\n78 -0.425076  0.209479  0.879440\n79 -0.425076  0.214233  0.879440\n80 -0.433190  0.209479  0.881223\n81 -0.433190  0.209479  0.879650\n84 -0.433190  0.213126  0.878931",
      "       gaze_x    gaze_y    gaze_z\n91   0.357015 -0.312271  0.882069\n92   0.365465 -0.312271  0.877545\n93   0.376245 -0.308019  0.876621\n117  0.372751 -0.310736  0.870659\n118  0.360064 -0.310736  0.880173\n121  0.356565 -0.308921  0.884060\n124  0.356565 -0.311439  0.884060",
      "       gaze_x    gaze_y    gaze_z\n134 -0.394084 -0.319369  0.860100\n135 -0.394084 -0.319909  0.860100\n136 -0.394084 -0.319369  0.860100\n141 -0.397078 -0.310079  0.864025\n149 -0.391545 -0.312206  0.862970\n150 -0.391545 -0.316654  0.862456\n151 -0.394843 -0.321792  0.861538\n152 -0.397254 -0.321194  0.861538\n153 -0.399775 -0.321792  0.857247\n154 -0.401967 -0.326260  0.856408\n155 -0.401967 -0.326718  0.854684\n157 -0.399775 -0.328171  0.854588\n158 -0.396173 -0.328171  0.854588\n159 -0.396173 -0.333396  0.854952\n160 -0.397373 -0.333396  0.854952\n161 -0.397373 -0.335347  0.854952",
      "       gaze_x    gaze_y    gaze_z\n183  0.039782 -0.082814  0.996102\n186  0.034280 -0.076990  0.996995\n187  0.040398 -0.076990  0.996995\n188  0.040398 -0.074862  0.996995\n198  0.030634 -0.080164  0.996318\n200  0.030634 -0.080164  0.996318\n203  0.028411 -0.072722  0.996948\n204  0.028411 -0.072722  0.996948\n205  0.028411 -0.074964  0.996532\n206  0.032817 -0.074964  0.996532\n207  0.032817 -0.081727  0.996409\n209  0.026344 -0.080273  0.996425\n213  0.024210 -0.080273  0.996425"
    ],
    "SetVal": "     set_x  set_y  set_z\n11    27.0   15.0    0.0\n12    27.0   15.0    0.0\n14    27.0   15.0    0.0\n15    27.0   15.0    0.0\n16    27.0   15.0    0.0\n..     ...    ...    ...\n205  697.0  392.0    0.0\n206  697.0  392.0    0.0\n207  697.0  392.0    0.0\n209  697.0  392.0    0.0\n213  697.0  392.0    0.0\n\n[62 rows x 3 columns]",
    "gaze": "       gaze_x    gaze_y    gaze_z\n11   0.481796  0.220176  0.849478\n12   0.481796  0.219945  0.849478\n14   0.481916  0.219945  0.844749\n15   0.481796  0.219945  0.844749\n16   0.484306  0.215101  0.848044\n..        ...       ...       ...\n205  0.028411 -0.074964  0.996532\n206  0.032817 -0.074964  0.996532\n207  0.032817 -0.081727  0.996409\n209  0.026344 -0.080273  0.996425\n213  0.024210 -0.080273  0.996425\n\n[62 rows x 3 columns]"
  },
  "sfm_data": {
    "STransW": [
      [
        -1.0,
        0.0,
        0.0,
        438.23205792638595
      ],
      [
        0.0,
        1.0,
        0.0,
        406.99609422481467
      ],
      [
        0.0,
        0.0,
        -1.0,
        0.0
      ],
      [
        0.0,
        0.0,
        0.0,
        1.0
      ]
    ],
    "scaleWtG": 1346.0704994138696,
    "StW": [
      [
        [
          485.3090266477311
        ],
        [
          453.87283856749644
        ],
        [
          0.0
        ]
      ],
      [
        [
          438.4114694400805
        ],
        [
          429.88841321803596
        ],
        [
          0.0
        ]
      ],
      [
        [
          271.6199729759197
        ],
        [
          403.72656744131876
        ],
        [
          0.0
        ]
      ],
      [
        [
          469.38469699671305
        ],
        [
          375.27398426364454
        ],
        [
          0.0
        ]
      ],
      [
        [
          445.8863145969873
        ],
        [
          389.0776464845475
        ],
        [
          0.0
        ]
      ]
    ]
  }
}