{
  "timestamp": "2025-11-13T12:05:36.037385",
  "device_info": {
    "screen_width": 2560,
    "screen_height": 1440,
    "screen_width_mm": 1394,
    "screen_height_mm": 784,
    "webcam_width": 1280,
    "webcam_height": 1024,
    "camera_matrix": [
      [
        1335.148396,
        0.0,
        1070.916963
      ],
      [
        0.0,
        1333.195175,
        488.35109
      ],
      [
        0.0,
        0.0,
        1.0
      ]
    ],
    "dist_coeffs": [
      -0.114598,
      0.087779,
      -0.003087,
      -0.005882,
      -0.073706
    ]
  },
  "calibration_parameters": {
    "sfm_enabled": true,
    "total_calibration_points": 5,
    "calibration_time_per_point": 2.5
  },
  "transformation_matrices": {
    "STransG": [
      [
        -1.0,
        0.0,
        0.0,
        617.5932387674803
      ],
      [
        0.0,
        -1.0,
        0.0,
        288.34597067848176
      ],
      [
        0.0,
        0.0,
        1.0,
        -1347.7788093799427
      ],
      [
        0.0,
        0.0,
        0.0,
        1.0
      ]
    ],
    "StG": [
      [
        [
          577.1939570437803
        ],
        [
          346.06462919595566
        ],
        [
          -1347.7788093799427
        ]
      ],
      [
        [
          773.9774840519642
        ],
        [
          414.385928609839
        ],
        [
          -1347.7788093799427
        ]
      ],
      [
        [
          474.7879559133243
        ],
        [
          243.29949343488067
        ],
        [
          -1347.7788093799427
        ]
      ],
      [
        [
          655.4825765852764
        ],
        [
          140.83649703036622
        ],
        [
          -1347.7788093799427
        ]
      ],
      [
        [
          580.5348770627849
        ],
        [
          304.45007708374555
        ],
        [
          -1347.7788093799427
        ]
      ]
    ]
  },
  "calibration_points": {
    "SetValues": [
      [
        [
          27.0
        ],
        [
          15.0
        ],
        [
          0.0
        ]
      ],
      [
        [
          1366.0
        ],
        [
          15.0
        ],
        [
          0.0
        ]
      ],
      [
        [
          27.0
        ],
        [
          768.0
        ],
        [
          0.0
        ]
      ],
      [
        [
          1366.0
        ],
        [
          768.0
        ],
        [
          0.0
        ]
      ],
      [
        [
          697.0
        ],
        [
          392.0
        ],
        [
          0.0
        ]
      ]
    ],
    "gaze_data": [
      "      gaze_x    gaze_y    gaze_z\n0   0.363383  0.232434  0.898479\n1   0.363988  0.221581  0.898479\n14  0.368243  0.222946  0.902568\n15  0.368243  0.219053  0.902568\n16  0.374187  0.218548  0.901599\n18  0.377170  0.218548  0.901599\n20  0.377170  0.218548  0.902664\n26  0.361178  0.227748  0.904257\n27  0.371595  0.227748  0.903205\n32  0.380117  0.218791  0.902064\n33  0.369126  0.218791  0.902064\n41  0.366506  0.233801  0.899301\n42  0.366506  0.233632  0.899301",
      "      gaze_x    gaze_y    gaze_z\n48 -0.381588  0.258717  0.887387\n49 -0.381588  0.258717  0.887387\n50 -0.380811  0.258717  0.887387\n51 -0.380811  0.257969  0.887702\n58 -0.384162  0.262788  0.885700\n59 -0.395950  0.262788  0.880448\n60 -0.395950  0.260834  0.880448\n63 -0.395950  0.260834  0.880448\n65 -0.394049  0.263163  0.880608\n66 -0.394049  0.263163  0.880608\n67 -0.388140  0.262868  0.881332\n68 -0.388140  0.262868  0.881332\n69 -0.388043  0.259851  0.886091\n72 -0.388043  0.266184  0.886091",
      "       gaze_x    gaze_y    gaze_z\n100  0.306684 -0.339871  0.889912\n101  0.306684 -0.346511  0.889912\n102  0.294368 -0.346511  0.892181\n103  0.293759 -0.348392  0.892243\n104  0.293759 -0.347944  0.892243\n105  0.290353 -0.349112  0.892181\n106  0.293759 -0.347944  0.889421\n107  0.303763 -0.349112  0.886195\n109  0.303763 -0.346469  0.886195\n111  0.303763 -0.346469  0.886195\n112  0.295718 -0.346469  0.890230\n113  0.295718 -0.346469  0.890230",
      "       gaze_x    gaze_y    gaze_z\n136 -0.419063 -0.376859  0.825809\n137 -0.419063 -0.376696  0.825809\n145 -0.443165 -0.377612  0.813290\n152 -0.441354 -0.381510  0.813266\n160 -0.436153 -0.380249  0.819193\n161 -0.432889 -0.380249  0.819664\n162 -0.432889 -0.378806  0.819664\n163 -0.436153 -0.378806  0.819193\n165 -0.432889 -0.380884  0.813661\n166 -0.430966 -0.381641  0.813661\n167 -0.430966 -0.383856  0.813661\n168 -0.430966 -0.383856  0.817192\n169 -0.430573 -0.383856  0.818523\n171 -0.430573 -0.383091  0.818523\n172 -0.431506 -0.383091  0.817192",
      "       gaze_x    gaze_y    gaze_z\n185 -0.087640 -0.054326  0.995006\n186 -0.087640 -0.054996  0.995006\n187 -0.092099 -0.054996  0.994809\n191 -0.092099 -0.057917  0.994809\n199 -0.085909 -0.063861  0.994915\n200 -0.085909 -0.063861  0.994915\n201 -0.085909 -0.063861  0.994170\n202 -0.085909 -0.069635  0.993894\n203 -0.085909 -0.069635  0.993894\n204 -0.085593 -0.072643  0.993894\n205 -0.079685 -0.072643  0.994170\n206 -0.085593 -0.076532  0.993894\n207 -0.094374 -0.076532  0.993650\n210 -0.094374 -0.076532  0.993650\n219 -0.080243 -0.064580  0.993074"
    ],
    "SetVal": "     set_x  set_y  set_z\n0     27.0   15.0    0.0\n1     27.0   15.0    0.0\n14    27.0   15.0    0.0\n15    27.0   15.0    0.0\n16    27.0   15.0    0.0\n..     ...    ...    ...\n205  697.0  392.0    0.0\n206  697.0  392.0    0.0\n207  697.0  392.0    0.0\n210  697.0  392.0    0.0\n219  697.0  392.0    0.0\n\n[69 rows x 3 columns]",
    "gaze": "       gaze_x    gaze_y    gaze_z\n0    0.363383  0.232434  0.898479\n1    0.363988  0.221581  0.898479\n14   0.368243  0.222946  0.902568\n15   0.368243  0.219053  0.902568\n16   0.374187  0.218548  0.901599\n..        ...       ...       ...\n205 -0.079685 -0.072643  0.994170\n206 -0.085593 -0.076532  0.993894\n207 -0.094374 -0.076532  0.993650\n210 -0.094374 -0.076532  0.993650\n219 -0.080243 -0.064580  0.993074\n\n[69 rows x 3 columns]"
  },
  "sfm_data": {
    "STransW": [
      [
        -1.0,
        0.0,
        0.0,
        186.25481833175434
      ],
      [
        0.0,
        1.0,
        0.0,
        203.11357622434423
      ],
      [
        0.0,
        0.0,
        -1.0,
        0.0
      ],
      [
        0.0,
        0.0,
        0.0,
        1.0
      ]
    ],
    "scaleWtG": 1417.8471701612143,
    "StW": [
      [
        [
          145.8555366080543
        ],
        [
          260.83223474181807
        ],
        [
          0.0
        ]
      ],
      [
        [
          342.6390636162382
        ],
        [
          329.15353415570144
        ],
        [
          0.0
        ]
      ],
      [
        [
          43.44953547759832
        ],
        [
          158.0670989807431
        ],
        [
          0.0
        ]
      ],
      [
        [
          224.14415614955044
        ],
        [
          55.604102576228655
        ],
        [
          0.0
        ]
      ],
      [
        [
          149.19645662705886
        ],
        [
          219.217682629608
        ],
        [
          0.0
        ]
      ]
    ]
  }
}