{
  "timestamp": "2025-11-12T17:29:44.926214",
  "device_info": {
    "screen_width": 2560,
    "screen_height": 1440,
    "screen_width_mm": 1394,
    "screen_height_mm": 784,
    "webcam_width": 1280,
    "webcam_height": 1024,
    "camera_matrix": [
      [
        1335.148396,
        0.0,
        1070.916963
      ],
      [
        0.0,
        1333.195175,
        488.35109
      ],
      [
        0.0,
        0.0,
        1.0
      ]
    ],
    "dist_coeffs": [
      -0.114598,
      0.087779,
      -0.003087,
      -0.005882,
      -0.073706
    ]
  },
  "calibration_parameters": {
    "sfm_enabled": true,
    "total_calibration_points": 5,
    "calibration_time_per_point": 2.5
  },
  "transformation_matrices": {
    "STransG": [
      [
        -1.0,
        0.0,
        0.0,
        780.9980288907873
      ],
      [
        0.0,
        -1.0,
        0.0,
        333.3376258346575
      ],
      [
        0.0,
        0.0,
        1.0,
        -1316.6046066300287
      ],
      [
        0.0,
        0.0,
        0.0,
        1.0
      ]
    ],
    "StG": [
      [
        [
          761.7911207237855
        ],
        [
          458.4608545987286
        ],
        [
          -1316.6046066300287
        ]
      ],
      [
        [
          902.7212243526917
        ],
        [
          478.07178764321145
        ],
        [
          -1316.6046066300287
        ]
      ],
      [
        [
          652.2006032462648
        ],
        [
          292.3408997653274
        ],
        [
          -1316.6046066300287
        ]
      ],
      [
        [
          894.3412389493251
        ],
        [
          250.84357699674206
        ],
        [
          -1316.6046066300287
        ]
      ],
      [
        [
          762.7859999651988
        ],
        [
          220.97586414536886
        ],
        [
          -1316.6046066300287
        ]
      ]
    ]
  },
  "calibration_points": {
    "SetValues": [
      [
        [
          27.0
        ],
        [
          15.0
        ],
        [
          0.0
        ]
      ],
      [
        [
          1366.0
        ],
        [
          15.0
        ],
        [
          0.0
        ]
      ],
      [
        [
          27.0
        ],
        [
          768.0
        ],
        [
          0.0
        ]
      ],
      [
        [
          1366.0
        ],
        [
          768.0
        ],
        [
          0.0
        ]
      ],
      [
        [
          697.0
        ],
        [
          392.0
        ],
        [
          0.0
        ]
      ]
    ],
    "gaze_data": [
      "      gaze_x    gaze_y    gaze_z\n19  0.461139  0.280044  0.843390\n20  0.461139  0.280044  0.843481\n21  0.461139  0.273306  0.843481\n22  0.469358  0.273306  0.843481\n23  0.468762  0.283789  0.843390\n24  0.468762  0.283789  0.841112\n25  0.460035  0.283789  0.841112\n26  0.460035  0.284027  0.841112\n27  0.460035  0.284027  0.841112\n31  0.469942  0.281520  0.835915\n32  0.469942  0.283550  0.835915\n34  0.469942  0.283550  0.835915\n35  0.469942  0.283550  0.835915\n37  0.474461  0.276600  0.836886\n38  0.474461  0.276600  0.836886\n39  0.474461  0.279330  0.836886\n40  0.474461  0.279330  0.836886\n41  0.464014  0.279371  0.840620\n42  0.464014  0.280664  0.840620\n43  0.464014  0.279762  0.840620\n44  0.464014  0.280664  0.840620\n45  0.468331  0.288499  0.834715\n47  0.474325  0.288499  0.834715\n48  0.468583  0.288499  0.835216\n49  0.469278  0.287825  0.835216\n50  0.468583  0.282907  0.836867\n51  0.469278  0.282907  0.836867\n52  0.468583  0.287825  0.839932\n53  0.469278  0.282907  0.839932",
      "       gaze_x    gaze_y    gaze_z\n73  -0.314874  0.311998  0.896388\n74  -0.315775  0.311998  0.895330\n80  -0.315139  0.327747  0.890657\n87  -0.302202  0.317734  0.895120\n88  -0.302202  0.317734  0.900768\n89  -0.302202  0.326331  0.895120\n90  -0.301900  0.325250  0.896141\n91  -0.322276  0.325250  0.895120\n97  -0.318031  0.311589  0.893794\n99  -0.318784  0.311107  0.889554\n100 -0.318031  0.311107  0.899596\n108 -0.302224  0.311368  0.896407",
      "       gaze_x    gaze_y    gaze_z\n141  0.403120 -0.305980  0.864640\n142  0.403120 -0.308696  0.862615\n143  0.407670 -0.308744  0.860338\n144  0.407670 -0.308696  0.860338\n146  0.407625 -0.305448  0.860548\n150  0.412431 -0.304947  0.857829\n151  0.412801 -0.304947  0.856921\n152  0.412801 -0.309172  0.856921\n153  0.412431 -0.309172  0.856921\n154  0.412431 -0.309503  0.856921\n155  0.404604 -0.312048  0.856905\n156  0.404604 -0.316640  0.856905\n157  0.399880 -0.316640  0.861136\n163  0.400039 -0.315523  0.858502\n164  0.409457 -0.314521  0.858420\n165  0.412410 -0.314027  0.856400\n166  0.412410 -0.313876  0.856400\n167  0.409457 -0.313876  0.858420\n168  0.409457 -0.313876  0.856400\n169  0.397260 -0.310782  0.862361\n170  0.394455 -0.313876  0.862885\n171  0.393973 -0.315967  0.862885\n172  0.393973 -0.302373  0.867224\n173  0.392496 -0.308351  0.868675",
      "       gaze_x    gaze_y    gaze_z\n196 -0.319117 -0.347065  0.884816\n197 -0.319117 -0.344450  0.884816\n198 -0.319117 -0.336030  0.884816\n204 -0.314724 -0.346077  0.884116\n205 -0.313081 -0.346880  0.884033\n206 -0.313081 -0.346880  0.884033\n207 -0.313081 -0.347081  0.884033\n208 -0.313081 -0.346868  0.884033\n209 -0.317759 -0.346868  0.884033\n210 -0.318348 -0.343273  0.882487\n211 -0.318348 -0.341534  0.884198\n212 -0.318667 -0.335751  0.882234\n219 -0.316546 -0.352644  0.883619\n220 -0.321834 -0.352644  0.879762\n221 -0.321834 -0.352644  0.879762\n222 -0.321834 -0.357520  0.879762\n223 -0.302321 -0.362020  0.883619\n224 -0.321834 -0.362020  0.879762\n225 -0.304963 -0.362020  0.882312\n226 -0.304963 -0.362020  0.881898\n228 -0.296427 -0.359073  0.882312\n237 -0.298727 -0.359860  0.879906\n238 -0.311744 -0.356358  0.879384",
      "       gaze_x    gaze_y    gaze_z\n253  0.043804 -0.128169  0.990785\n262  0.044534 -0.107313  0.993668\n263  0.057336 -0.109795  0.991380\n269  0.051815 -0.121033  0.990046\n270  0.051815 -0.145735  0.986456\n272  0.052930 -0.144614  0.986456\n273  0.065401 -0.144614  0.986456\n274  0.065401 -0.134843  0.988706\n275  0.052930 -0.129028  0.990520\n276  0.047142 -0.116667  0.992447\n277  0.037913 -0.116667  0.992447\n278  0.037913 -0.113563  0.992759\n279  0.047142 -0.113563  0.992759\n280  0.029058 -0.113563  0.993106\n282  0.056254 -0.106134  0.993205\n291  0.035029 -0.128666  0.990785\n292  0.042301 -0.143375  0.989048\n293  0.049513 -0.143375  0.988202\n294  0.049513 -0.149054  0.987589\n297  0.049493 -0.146727  0.987755\n298  0.037799 -0.146727  0.987755"
    ],
    "SetVal": "     set_x  set_y  set_z\n19    27.0   15.0    0.0\n20    27.0   15.0    0.0\n21    27.0   15.0    0.0\n22    27.0   15.0    0.0\n23    27.0   15.0    0.0\n..     ...    ...    ...\n292  697.0  392.0    0.0\n293  697.0  392.0    0.0\n294  697.0  392.0    0.0\n297  697.0  392.0    0.0\n298  697.0  392.0    0.0\n\n[109 rows x 3 columns]",
    "gaze": "       gaze_x    gaze_y    gaze_z\n19   0.461139  0.280044  0.843390\n20   0.461139  0.280044  0.843481\n21   0.461139  0.273306  0.843481\n22   0.469358  0.273306  0.843481\n23   0.468762  0.283789  0.843390\n..        ...       ...       ...\n292  0.042301 -0.143375  0.989048\n293  0.049513 -0.143375  0.988202\n294  0.049513 -0.149054  0.987589\n297  0.049493 -0.146727  0.987755\n298  0.037799 -0.146727  0.987755\n\n[109 rows x 3 columns]"
  },
  "sfm_data": {
    "STransW": [
      [
        -1.0,
        0.0,
        0.0,
        329.7041168209346
      ],
      [
        0.0,
        1.0,
        0.0,
        339.28814749393536
      ],
      [
        0.0,
        0.0,
        -1.0,
        0.0
      ],
      [
        0.0,
        0.0,
        0.0,
        1.0
      ]
    ],
    "scaleWtG": 1391.9590295262315,