{
  "timestamp": "2025-11-25T20:02:34.100475",
  "screen_info": {
    "index": 0,
    "name": "主屏幕",
    "screen_width": 2560,
    "screen_height": 1440,
    "screen_width_mm": 597,
    "screen_height_mm": 336,
    "position": "unknown",
    "x": 0,
    "y": 0,
    "left": 0,
    "top": 0,
    "right": 2560,
    "bottom": 1440,
    "center_x": 1280,
    "center_y": 720
  },
  "device_info": {
    "webcam_width": 1280,
    "webcam_height": 1024,
    "camera_matrix": [
      [
        1408.572643,
        0.0,
        918.986646
      ],
      [
        0.0,
        1378.049178,
        553.273009
      ],
      [
        0.0,
        0.0,
        1.0
      ]
    ],
    "dist_coeffs": [
      -0.355882,
      0.159152,
      0.002311,
      -0.001401,
      -0.055078
    ]
  },
  "calibration_parameters": {
    "sfm_enabled": true,
    "total_calibration_points": 5,
    "calibration_time_per_point": 2.5
  },
  "transformation_matrices": {
    "STransG": [
      [
        -1.0,
        0.0,
        0.0,
        395.26073118335466
      ],
      [
        0.0,
        -1.0,
        0.0,
        95.94810404544504
      ],
      [
        0.0,
        0.0,
        1.0,
        -562.3505584705897
      ],
      [
        0.0,
        0.0,
        0.0,
        1.0
      ]
    ],
    "StG": [
      [
        [
          418.13564695128366
        ],
        [
          111.31057126028628
        ],
        [
          -562.3505584705897
        ]
      ],
      [
        [
          402.56675998990994
        ],
        [
          114.5645725740493
        ],
        [
          -562.3505584705897
        ]
      ],
      [
        [
          366.4742205761689
        ],
        [
          85.93869318663047
        ],
        [
          -562.3505584705897
        ]
      ],
      [
        [
          406.4711073998153
        ],
        [
          92.10913521172222
        ],
        [
          -562.3505584705897
        ]
      ],
      [
        [
          393.6898083482189
        ],
        [
          70.61004864587325
        ],
        [
          -562.3505584705897
        ]
      ]
    ]
  },
  "calibration_points": {
    "SetValues": [
      [
        [
          107.0
        ],
        [
          60.0
        ],
        [
          0.0
        ]
      ],
      [
        [
          489.0
        ],
        [
          60.0
        ],
        [
          0.0
        ]
      ],
      [
        [
          107.0
        ],
        [
          275.0
        ],
        [
          0.0
        ]
      ],
      [
        [
          489.0
        ],
        [
          275.0
        ],
        [
          0.0
        ]
      ],
      [
        [
          298.0
        ],
        [
          168.0
        ],
        [
          0.0
        ]
      ]
    ],
    "gaze_data": [
      "      gaze_x    gaze_y    gaze_z\n24  0.478317  0.066800  0.875643\n25  0.482583  0.079585  0.872227\n26  0.482583  0.079585  0.872227\n27  0.482583  0.066800  0.872227\n28  0.482583  0.079585  0.871896\n29  0.482583  0.079585  0.871896\n32  0.482083  0.086546  0.869211",
      "      gaze_x    gaze_y    gaze_z\n46 -0.139936  0.101371  0.984047\n54 -0.140803  0.093021  0.985698\n55 -0.150609  0.092594  0.984207\n74 -0.160546  0.088783  0.983132\n75 -0.160546  0.088783  0.983132\n76 -0.159904  0.088783  0.983133\n77 -0.159904  0.088783  0.983133\n78 -0.152446  0.095414  0.984474\n79 -0.148492  0.095414  0.985444\n80 -0.148492  0.095414  0.985444\n81 -0.151141  0.095414  0.985444\n82 -0.151141  0.096186  0.983565\n83 -0.151141  0.096186  0.983565\n84 -0.151141  0.098776  0.982690\n85 -0.150259  0.096186  0.982690\n86 -0.150259  0.096186  0.983126\n87 -0.150259  0.097933  0.983126\n88 -0.154509  0.097933  0.983126",
      "       gaze_x    gaze_y    gaze_z\n100  0.400554 -0.290947  0.869545\n101  0.401391 -0.291348  0.868467\n102  0.400513 -0.291348  0.869545\n103  0.400513 -0.290947  0.869733\n104  0.400513 -0.294537  0.869733\n105  0.400513 -0.294074  0.868020\n107  0.400078 -0.291319  0.868020\n108  0.400078 -0.294074  0.867986\n111  0.406121 -0.290653  0.867752\n112  0.406121 -0.294755  0.866364\n113  0.406121 -0.290653  0.866364\n117  0.399707 -0.293853  0.869898\n119  0.399707 -0.293853  0.869243\n125  0.406438 -0.291827  0.867603\n126  0.406438 -0.291827  0.867603",
      "       gaze_x    gaze_y    gaze_z\n135 -0.143752 -0.300270  0.941451\n137 -0.146053 -0.300270  0.941451\n138 -0.146053 -0.299998  0.942406\n147 -0.136904 -0.303484  0.942668\n148 -0.138188 -0.306236  0.941348\n152 -0.138952 -0.306236  0.942107\n153 -0.138455 -0.307963  0.943345\n159 -0.136840 -0.306027  0.941420\n160 -0.136351 -0.306027  0.941581\n161 -0.136351 -0.307486  0.941581\n163 -0.136351 -0.307486  0.941733\n164 -0.136351 -0.308326  0.941733\n165 -0.142931 -0.311102  0.941611",
      "       gaze_x    gaze_y    gaze_z\n184  0.169522 -0.159478  0.974108\n186  0.164307 -0.159478  0.970675\n201  0.165374 -0.168312  0.971872\n202  0.165374 -0.172328  0.971872\n203  0.165374 -0.172328  0.971872\n204  0.171509 -0.163097  0.971872\n205  0.171509 -0.163097  0.971872\n208  0.171509 -0.172559  0.970620\n214  0.162931 -0.177732  0.971883"
    ],
    "SetVal": "     set_x  set_y  set_z\n24   107.0   60.0    0.0\n25   107.0   60.0    0.0\n26   107.0   60.0    0.0\n27   107.0   60.0    0.0\n28   107.0   60.0    0.0\n..     ...    ...    ...\n203  298.0  168.0    0.0\n204  298.0  168.0    0.0\n205  298.0  168.0    0.0\n208  298.0  168.0    0.0\n214  298.0  168.0    0.0\n\n[62 rows x 3 columns]",
    "gaze": "       gaze_x    gaze_y    gaze_z\n24   0.478317  0.066800  0.875643\n25   0.482583  0.079585  0.872227\n26   0.482583  0.079585  0.872227\n27   0.482583  0.066800  0.872227\n28   0.482583  0.079585  0.871896\n..        ...       ...       ...\n203  0.165374 -0.172328  0.971872\n204  0.171509 -0.163097  0.971872\n205  0.171509 -0.163097  0.971872\n208  0.171509 -0.172559  0.970620\n214  0.162931 -0.177732  0.971883\n\n[62 rows x 3 columns]"
  },
  "sfm_data": {
    "STransW": [
      [
        -1.0,
        0.0,
        0.0,
        316.15442387882706
      ],
      [
        0.0,
        1.0,
        0.0,
        134.717858541861
      ],
      [
        0.0,
        0.0,
        -1.0,
        0.0
      ],
      [
        0.0,
        0.0,
        0.0,
        1.0
      ]
    ],
    "scaleWtG": 569.2761531273313,
    "StW": [
      [
        [
          339.02933964675606
        ],
        [
          150.08032575670225
        ],
        [
          0.0
        ]
      ],
      [
        [
          323.46045268538234
        ],
        [
          153.33432707046526
        ],
        [
          0.0
        ]
      ],
      [
        [
          287.36791327164127
        ],
        [
          124.70844768304644
        ],
        [
          0.0
        ]
      ],
      [
        [
          327.3648000952877
        ],
        [
          130.8788897081382
        ],
        [
          0.0
        ]
      ],
      [
        [
          314.5835010436913
        ],
        [
          109.37980314228922
        ],
        [
          0.0
        ]
      ]
    ]
  }
}