{
  "timestamp": "2025-11-20T16:30:07.242005",
  "device_info": {
    "screen_width": 2560,
    "screen_height": 1440,
    "screen_width_mm": 1394,
    "screen_height_mm": 784,
    "webcam_width": 1280,
    "webcam_height": 1024,
    "camera_matrix": [
      [
        1335.148396,
        0.0,
        1070.916963
      ],
      [
        0.0,
        1333.195175,
        488.35109
      ],
      [
        0.0,
        0.0,
        1.0
      ]
    ],
    "dist_coeffs": [
      -0.114598,
      0.087779,
      -0.003087,
      -0.005882,
      -0.073706
    ]
  },
  "calibration_parameters": {
    "sfm_enabled": true,
    "total_calibration_points": 5,
    "calibration_time_per_point": 2.5
  },
  "transformation_matrices": {
    "STransG": [
      [
        -1.0,
        0.0,
        0.0,
        676.6826450345224
      ],
      [
        0.0,
        -1.0,
        0.0,
        304.7090130240598
      ],
      [
        0.0,
        0.0,
        1.0,
        -1306.6911691532137
      ],
      [
        0.0,
        0.0,
        0.0,
        1.0
      ]
    ],
    "StG": [
      [
        [
          714.9675347157664
        ],
        [
          389.4515029741548
        ],
        [
          -1306.6911691532137
        ]
      ],
      [
        [
          743.6356973050779
        ],
        [
          386.7458619048813
        ],
        [
          -1306.6911691532137
        ]
      ],
      [
        [
          549.985943956774
        ],
        [
          294.1936508552407
        ],
        [
          -1306.6911691532137
        ]
      ],
      [
        [
          671.9007777351563
        ],
        [
          260.9760926406322
        ],
        [
          -1306.6911691532137
        ]
      ],
      [
        [
          725.5751980236878
        ],
        [
          206.45101606202797
        ],
        [
          -1306.6911691532137
        ]
      ]
    ]
  },
  "calibration_points": {
    "SetValues": [
      [
        [
          27.0
        ],
        [
          15.0
        ],
        [
          0.0
        ]
      ],
      [
        [
          1366.0
        ],
        [
          15.0
        ],
        [
          0.0
        ]
      ],
      [
        [
          27.0
        ],
        [
          768.0
        ],
        [
          0.0
        ]
      ],
      [
        [
          1366.0
        ],
        [
          768.0
        ],
        [
          0.0
        ]
      ],
      [
        [
          697.0
        ],
        [
          392.0
        ],
        [
          0.0
        ]
      ]
    ],
    "gaze_data": [
      "      gaze_x    gaze_y    gaze_z\n2   0.453153  0.239795  0.858967\n6   0.453153  0.241886  0.858967\n14  0.452611  0.245806  0.857160\n15  0.450235  0.245806  0.857160\n16  0.450460  0.245806  0.858116\n18  0.450460  0.242109  0.858116\n23  0.451611  0.243150  0.857419\n24  0.451611  0.246740  0.857419\n25  0.451611  0.248242  0.857419\n26  0.451611  0.248242  0.857419\n27  0.451611  0.246740  0.858295\n30  0.454021  0.239236  0.858295",
      "      gaze_x    gaze_y    gaze_z\n47 -0.414259  0.249776  0.875921\n48 -0.412764  0.249776  0.875921\n49 -0.421784  0.249776  0.874065\n50 -0.412764  0.249194  0.875921\n51 -0.412764  0.249776  0.875921\n52 -0.412728  0.249194  0.877281\n54 -0.413978  0.249194  0.877281\n69 -0.418887  0.249256  0.877193\n74 -0.424644  0.243474  0.875875\n75 -0.424644  0.246802  0.875875\n76 -0.424644  0.243474  0.875875\n77 -0.424913  0.236899  0.875875\n78 -0.417193  0.236899  0.877756\n79 -0.417193  0.235574  0.877756\n80 -0.417193  0.235574  0.877756",
      "       gaze_x    gaze_y    gaze_z\n97   0.358464 -0.309082  0.879514\n98   0.355474 -0.309082  0.878840\n99   0.352739 -0.309082  0.882103\n102  0.349531 -0.315209  0.879792\n105  0.349531 -0.317891  0.879792\n108  0.352089 -0.319755  0.879616\n109  0.352089 -0.319755  0.879616\n115  0.351177 -0.324045  0.879761\n116  0.351177 -0.324045  0.879761\n117  0.348577 -0.324045  0.881332\n118  0.353083 -0.320354  0.877946\n119  0.353083 -0.320354  0.877946\n120  0.348577 -0.318980  0.881332\n121  0.354803 -0.318980  0.879701\n122  0.354803 -0.316609  0.879701\n123  0.354803 -0.316609  0.879701\n124  0.350994 -0.316609  0.879701",
      "       gaze_x    gaze_y    gaze_z\n139 -0.444339 -0.324235  0.835124\n140 -0.444339 -0.322378  0.835124\n141 -0.444339 -0.322378  0.835124\n152 -0.438038 -0.322192  0.837069\n159 -0.437183 -0.325768  0.836496\n160 -0.441482 -0.325768  0.836496\n161 -0.443608 -0.324046  0.834917\n162 -0.443608 -0.324046  0.834917\n167 -0.432414 -0.323142  0.841024\n168 -0.432414 -0.323142  0.841024\n169 -0.450631 -0.325325  0.831322\n171 -0.450631 -0.325325  0.831322",
      "       gaze_x    gaze_y    gaze_z\n184  0.015372 -0.137493  0.990464\n185  0.024179 -0.140548  0.989779\n186  0.024179 -0.140548  0.989779\n187  0.024179 -0.140548  0.989779\n188  0.027275 -0.140707  0.989675\n189  0.021645 -0.136747  0.990526\n190  0.021645 -0.136747  0.990526\n191  0.021645 -0.147590  0.989002\n193  0.021645 -0.146986  0.989002\n194  0.021398 -0.146986  0.989002\n195  0.021398 -0.146986  0.989002\n201  0.018586 -0.138188  0.990232\n202  0.015138 -0.134461  0.990846\n203  0.015138 -0.129902  0.990846\n204  0.015138 -0.134461  0.990833"
    ],
    "SetVal": "     set_x  set_y  set_z\n2     27.0   15.0    0.0\n6     27.0   15.0    0.0\n14    27.0   15.0    0.0\n15    27.0   15.0    0.0\n16    27.0   15.0    0.0\n..     ...    ...    ...\n195  697.0  392.0    0.0\n201  697.0  392.0    0.0\n202  697.0  392.0    0.0\n203  697.0  392.0    0.0\n204  697.0  392.0    0.0\n\n[71 rows x 3 columns]",
    "gaze": "       gaze_x    gaze_y    gaze_z\n2    0.453153  0.239795  0.858967\n6    0.453153  0.241886  0.858967\n14   0.452611  0.245806  0.857160\n15   0.450235  0.245806  0.857160\n16   0.450460  0.245806  0.858116\n..        ...       ...       ...\n195  0.021398 -0.146986  0.989002\n201  0.018586 -0.138188  0.990232\n202  0.015138 -0.134461  0.990846\n203  0.015138 -0.129902  0.990846\n204  0.015138 -0.134461  0.990833\n\n[71 rows x 3 columns]"
  },
  "sfm_data": {
    "STransW": [
      [
        -1.0,
        0.0,
        0.0,
        197.14324429321292
      ],
      [
        0.0,
        1.0,
        0.0,
        162.63959986631528
      ],
      [
        0.0,
        0.0,
        -1.0,
        0.0
      ],
      [
        0.0,
        0.0,
        0.0,
        1.0
      ]
    ],
    "scaleWtG": 1399.3104235159321,
    "StW": [
      [
        [
          235.42813397445696
        ],
        [
          247.38208981641029
        ],
        [
          0.0
        ]
      ],
      [
        [
          264.0962965637684
        ],
        [
          244.6764487471368
        ],
        [
          0.0
        ]
      ],
      [
        [
          70.44654321546454
        ],
        [
          152.12423769749623
        ],
        [
          0.0
        ]
      ],
      [
        [
          192.36137699384687
        ],
        [
          118.90667948288771
        ],
        [
          0.0
        ]
      ],
      [
        [
          246.03579728237833
        ],
        [
          64.38160290428348
        ],
        [
          0.0
        ]
      ]
    ]
  }
}