{
  "timestamp": "2025-11-30T13:59:34.826194",
  "screen_info": {
    "index": 1,
    "name": "第二显示器",
    "screen_width": 1280,
    "screen_height": 1440,
    "screen_width_mm": 597,
    "screen_height_mm": 336,
    "position": "right",
    "x": 0,
    "y": 0,
    "left": 0,
    "top": 0,
    "right": 1280,
    "bottom": 1440,
    "center_x": 1920,
    "center_y": 720
  },
  "device_info": {
    "webcam_width": 1280,
    "webcam_height": 1024,
    "camera_matrix": [
      [
        1408.572643,
        0.0,
        918.986646
      ],
      [
        0.0,
        1378.049178,
        553.273009
      ],
      [
        0.0,
        0.0,
        1.0
      ]
    ],
    "dist_coeffs": [
      -0.355882,
      0.159152,
      0.002311,
      -0.001401,
      -0.055078
    ]
  },
  "calibration_parameters": {
    "sfm_enabled": true,
    "total_calibration_points": 5,
    "calibration_time_per_point": 2.5
  },
  "transformation_matrices": {
    "STransG": [
      [
        -1.0,
        0.0,
        0.0,
        278.0471004258069
      ],
      [
        0.0,
        -1.0,
        0.0,
        113.19026495681902
      ],
      [
        0.0,
        0.0,
        1.0,
        -437.48926159733315
      ],
      [
        0.0,
        0.0,
        0.0,
        1.0
      ]
    ],
    "StG": [
      [
        [
          280.39508928289877
        ],
        [
          137.58698806072823
        ],
        [
          -437.48926159733315
        ]
      ],
      [
        [
          315.08155398897117
        ],
        [
          94.85759187026576
        ],
        [
          -437.48926159733315
        ]
      ],
      [
        [
          244.149434819418
        ],
        [
          124.41775802179589
        ],
        [
          -437.48926159733315
        ]
      ],
      [
        [
          260.8246744679029
        ],
        [
          110.73473527688694
        ],
        [
          -437.48926159733315
        ]
      ],
      [
        [
          278.637533481384
        ],
        [
          102.02086369156407
        ],
        [
          -437.48926159733315
        ]
      ]
    ]
  },
  "calibration_points": {
    "SetValues": [
      [
        [
          53.0
        ],
        [
          60.0
        ],
        [
          0.0
        ]
      ],
      [
        [
          244.0
        ],
        [
          60.0
        ],
        [
          0.0
        ]
      ],
      [
        [
          53.0
        ],
        [
          275.0
        ],
        [
          0.0
        ]
      ],
      [
        [
          244.0
        ],
        [
          275.0
        ],
        [
          0.0
        ]
      ],
      [
        [
          149.0
        ],
        [
          168.0
        ],
        [
          0.0
        ]
      ]
    ],
    "gaze_data": [
      "      gaze_x    gaze_y    gaze_z\n0   0.459523  0.153221  0.874850\n4   0.450271  0.146725  0.880343\n5   0.456164  0.149260  0.877716\n6   0.456164  0.149716  0.877716\n15  0.457266  0.155643  0.877924\n19  0.457266  0.158543  0.877622\n20  0.452377  0.164541  0.877622\n21  0.452377  0.164541  0.877622\n33  0.453217  0.155595  0.879675\n36  0.457812  0.159314  0.874659\n37  0.457812  0.159314  0.874659\n38  0.455243  0.159314  0.874659\n39  0.457812  0.154547  0.874498",
      "      gaze_x    gaze_y    gaze_z\n46  0.160256  0.089456  0.983014\n47  0.152306  0.089456  0.983430\n52  0.133381  0.075954  0.986020\n53  0.140521  0.075954  0.986020\n54  0.148500  0.078407  0.985991\n55  0.157086  0.078407  0.984468\n57  0.159888  0.086778  0.982581\n58  0.164033  0.082929  0.982581\n59  0.164033  0.082929  0.982581\n60  0.164033  0.076990  0.982963\n61  0.163968  0.079998  0.983970\n64  0.146829  0.077396  0.985759\n65  0.146829  0.079998  0.985759\n66  0.168465  0.077396  0.984144\n67  0.168465  0.077396  0.984069",
      "       gaze_x    gaze_y    gaze_z\n103  0.381312 -0.301579  0.877375\n104  0.381312 -0.301579  0.875939\n105  0.381312 -0.301495  0.875939\n108  0.382719 -0.301495  0.876699\n110  0.382719 -0.301132  0.876699\n113  0.384239 -0.301132  0.874518\n114  0.384239 -0.306861  0.874518\n133  0.392109 -0.300215  0.874586\n134  0.392109 -0.300215  0.874586",
      "       gaze_x    gaze_y    gaze_z\n147  0.035981 -0.359321  0.933161\n148  0.035981 -0.356769  0.933161\n161  0.023973 -0.348317  0.937070\n162  0.036953 -0.348317  0.937070\n166  0.036953 -0.353005  0.934875\n167  0.038703 -0.353977  0.934439\n168  0.026627 -0.356706  0.934087\n169  0.047014 -0.356706  0.934087\n172  0.055680 -0.349590  0.936802\n173  0.055680 -0.349590  0.936802\n174  0.034168 -0.349590  0.936352\n175  0.029223 -0.349396  0.936802\n176  0.029223 -0.349396  0.936352\n177  0.029223 -0.355169  0.934004\n178  0.034168 -0.349396  0.936352\n179  0.038611 -0.355169  0.934004",
      "       gaze_x    gaze_y    gaze_z\n181  0.282361 -0.139845  0.948540\n183  0.282361 -0.138518  0.948736\n184  0.279211 -0.138518  0.948949\n187  0.275160 -0.138518  0.948736\n188  0.275160 -0.150572  0.948701\n196  0.288186 -0.142820  0.948055\n197  0.288186 -0.146553  0.948055\n200  0.279845 -0.146553  0.948584\n201  0.279845 -0.144930  0.948584\n210  0.282863 -0.143316  0.949780"
    ],
    "SetVal": "     set_x  set_y  set_z\n0     53.0   60.0    0.0\n4     53.0   60.0    0.0\n5     53.0   60.0    0.0\n6     53.0   60.0    0.0\n15    53.0   60.0    0.0\n..     ...    ...    ...\n196  149.0  168.0    0.0\n197  149.0  168.0    0.0\n200  149.0  168.0    0.0\n201  149.0  168.0    0.0\n210  149.0  168.0    0.0\n\n[63 rows x 3 columns]",
    "gaze": "       gaze_x    gaze_y    gaze_z\n0    0.459523  0.153221  0.874850\n4    0.450271  0.146725  0.880343\n5    0.456164  0.149260  0.877716\n6    0.456164  0.149716  0.877716\n15   0.457266  0.155643  0.877924\n..        ...       ...       ...\n196  0.288186 -0.142820  0.948055\n197  0.288186 -0.146553  0.948055\n200  0.279845 -0.146553  0.948584\n201  0.279845 -0.144930  0.948584\n210  0.282863 -0.143316  0.949780\n\n[63 rows x 3 columns]"
  },
  "sfm_data": {
    "STransW": [
      [
        -1.0,
        0.0,
        0.0,
        181.78984177646117
      ],
      [
        0.0,
        1.0,
        0.0,
        162.7944630327364
      ],
      [
        0.0,
        0.0,
        -1.0,
        0.0
      ],
      [
        0.0,
        0.0,
        0.0,
        1.0
      ]
    ],
    "scaleWtG": 450.74931546865963,
    "StW": [
      [
        [
          184.13783063355305
        ],
        [
          187.1911861366456
        ],
        [
          0.0
        ]
      ],
      [
        [
          218.82429533962545
        ],
        [
          144.46178994618313
        ],
        [
          0.0
        ]
      ],
      [
        [
          147.89217617007228
        ],
        [
          174.02195609771326
        ],
        [
          0.0
        ]
      ],
      [
        [
          164.5674158185572
        ],
        [
          160.3389333528043
        ],
        [
          0.0
        ]
      ],
      [
        [
          182.3802748320383
        ],
        [
          151.62506176748144
        ],
        [
          0.0
        ]
      ]
    ]
  }
}