{
  "timestamp": "2025-11-24T18:36:18.382130",
  "device_info": {
    "screen_width": 2560,
    "screen_height": 1440,
    "screen_width_mm": 1394,
    "screen_height_mm": 784,
    "webcam_width": 1280,
    "webcam_height": 1024,
    "camera_matrix": [
      [
        1404.765746,
        0.0,
        935.753934
      ],
      [
        0.0,
        1379.82957,
        559.372388
      ],
      [
        0.0,
        0.0,
        1.0
      ]
    ],
    "dist_coeffs": [
      -0.363053,
      0.209755,
      0.001243,
      -0.002077,
      -0.133556
    ]
  },
  "calibration_parameters": {
    "sfm_enabled": true,
    "total_calibration_points": 5,
    "calibration_time_per_point": 2.5
  },
  "transformation_matrices": {
    "STransG": [
      [
        -1.0,
        0.0,
        0.0,
        727.8919874689304
      ],
      [
        0.0,
        -1.0,
        0.0,
        246.39677816197224
      ],
      [
        0.0,
        0.0,
        1.0,
        -1264.2111039148435
      ],
      [
        0.0,
        0.0,
        0.0,
        1.0
      ]
    ],
    "StG": [
      [
        [
          757.7087272612438
        ],
        [
          333.49567798819675
        ],
        [
          -1264.2111039148435
        ]
      ],
      [
        [
          695.7883397641406
        ],
        [
          276.4515861011815
        ],
        [
          -1264.2111039148435
        ]
      ],
      [
        [
          641.7704035857686
        ],
        [
          286.87382025839094
        ],
        [
          -1264.2111039148435
        ]
      ],
      [
        [
          782.6508572364771
        ],
        [
          237.36321581466495
        ],
        [
          -1264.2111039148435
        ]
      ],
      [
        [
          753.4889938048999
        ],
        [
          118.64982787473929
        ],
        [
          -1264.2111039148435
        ]
      ]
    ]
  },
  "calibration_points": {
    "SetValues": [
      [
        [
          27.0
        ],
        [
          15.0
        ],
        [
          0.0
        ]
      ],
      [
        [
          1366.0
        ],
        [
          15.0
        ],
        [
          0.0
        ]
      ],
      [
        [
          27.0
        ],
        [
          768.0
        ],
        [
          0.0
        ]
      ],
      [
        [
          1366.0
        ],
        [
          768.0
        ],
        [
          0.0
        ]
      ],
      [
        [
          697.0
        ],
        [
          392.0
        ],
        [
          0.0
        ]
      ]
    ],
    "gaze_data": [
      "      gaze_x    gaze_y    gaze_z\n8   0.485949  0.220147  0.842351\n9   0.487826  0.220147  0.842351\n26  0.490031  0.214332  0.844422\n27  0.490031  0.212737  0.844422\n28  0.490031  0.212737  0.844422\n29  0.490031  0.212737  0.844422\n30  0.490031  0.212737  0.844422\n31  0.487351  0.212737  0.849452\n32  0.487351  0.210285  0.849452\n33  0.488073  0.214604  0.847465\n34  0.488073  0.214994  0.847465\n43  0.484758  0.209377  0.847337",
      "      gaze_x    gaze_y    gaze_z\n58 -0.461755  0.179055  0.868791\n59 -0.461755  0.179055  0.868791\n61 -0.463432  0.179055  0.868747\n65 -0.463432  0.179670  0.867237\n66 -0.463900  0.179670  0.867237\n67 -0.459207  0.179670  0.867237\n70 -0.458215  0.181514  0.867280\n71 -0.458215  0.181514  0.869470\n72 -0.458215  0.181617  0.869470\n75 -0.459388  0.195118  0.868984",
      "       gaze_x    gaze_y    gaze_z\n100  0.416798 -0.322294  0.846253\n101  0.415137 -0.323250  0.849582\n102  0.414041 -0.322294  0.851432\n103  0.414041 -0.322294  0.851432\n104  0.414041 -0.321921  0.851498\n105  0.414041 -0.323433  0.851432\n106  0.414041 -0.321921  0.851432\n107  0.409697 -0.324987  0.851621\n113  0.401183 -0.324634  0.853028\n115  0.417829 -0.330619  0.846168\n116  0.407032 -0.330619  0.852907\n117  0.417829 -0.330784  0.846168\n118  0.407032 -0.334287  0.852907\n119  0.407032 -0.334114  0.852907",
      "       gaze_x    gaze_y    gaze_z\n143 -0.391415 -0.351275  0.851579\n145 -0.391868 -0.348723  0.847482\n146 -0.391868 -0.348723  0.847482\n147 -0.391868 -0.348723  0.847482\n149 -0.391868 -0.354841  0.847482\n151 -0.387236 -0.355075  0.850864\n155 -0.387236 -0.355075  0.847288\n156 -0.383333 -0.357623  0.847288\n157 -0.382611 -0.365011  0.848750\n160 -0.382611 -0.365931  0.848750\n165 -0.388771 -0.363643  0.849819\n166 -0.392108 -0.357428  0.849819\n167 -0.392108 -0.357428  0.849819\n168 -0.392108 -0.363643  0.849819",
      "       gaze_x    gaze_y    gaze_z\n185  0.046481 -0.202761  0.978707\n190  0.042362 -0.209237  0.975029\n196  0.049700 -0.214685  0.974692\n198  0.049700 -0.204571  0.976359\n199  0.049700 -0.216585  0.975354\n200  0.042148 -0.204571  0.976359\n201  0.042148 -0.204571  0.976359\n202  0.042148 -0.212798  0.975930\n203  0.047732 -0.212798  0.975930\n204  0.051558 -0.212798  0.975930\n209  0.043608 -0.217339  0.975336\n210  0.043608 -0.217339  0.974709\n211  0.043608 -0.207830  0.975336\n212  0.043608 -0.203206  0.976033"
    ],
    "SetVal": "     set_x  set_y  set_z\n8     27.0   15.0    0.0\n9     27.0   15.0    0.0\n26    27.0   15.0    0.0\n27    27.0   15.0    0.0\n28    27.0   15.0    0.0\n..     ...    ...    ...\n204  697.0  392.0    0.0\n209  697.0  392.0    0.0\n210  697.0  392.0    0.0\n211  697.0  392.0    0.0\n212  697.0  392.0    0.0\n\n[64 rows x 3 columns]",
    "gaze": "       gaze_x    gaze_y    gaze_z\n8    0.485949  0.220147  0.842351\n9    0.487826  0.220147  0.842351\n26   0.490031  0.214332  0.844422\n27   0.490031  0.212737  0.844422\n28   0.490031  0.212737  0.844422\n..        ...       ...       ...\n204  0.051558 -0.212798  0.975930\n209  0.043608 -0.217339  0.975336\n210  0.043608 -0.217339  0.974709\n211  0.043608 -0.207830  0.975336\n212  0.043608 -0.203206  0.976033\n\n[64 rows x 3 columns]"
  },
  "sfm_data": {
    "STransW": [
      [
        -1.0,
        0.0,
        0.0,
        417.7344162589656
      ],
      [
        0.0,
        1.0,
        0.0,
        242.4627581380277
      ],
      [
        0.0,
        0.0,
        -1.0,
        0.0
      ],
      [
        0.0,
        0.0,
        0.0,
        1.0
      ]
    ],
    "scaleWtG": 1301.9128322661284,
    "StW": [
      [
        [
          447.55115605127895
        ],
        [
          329.5616579642522
        ],
        [
          0.0
        ]
      ],
      [
        [
          385.63076855417575
        ],
        [
          272.51756607723695
        ],
        [
          0.0
        ]
      ],
      [
        [
          331.61283237580375
        ],
        [
          282.9398002344464
        ],
        [
          0.0
        ]
      ],
      [
        [
          472.4932860265123
        ],
        [
          233.42919579072043
        ],
        [
          0.0
        ]
      ],
      [
        [
          443.3314225949351
        ],
        [
          114.71580785079476
        ],
        [
          0.0
        ]
      ]
    ]
  }
}