{
  "timestamp": "2025-11-30T14:17:34.524475",
  "screen_info": {
    "index": 0,
    "name": "主屏幕",
    "screen_width": 2560,
    "screen_height": 1440,
    "screen_width_mm": 597,
    "screen_height_mm": 336,
    "position": "unknown",
    "x": 0,
    "y": 0,
    "left": 0,
    "top": 0,
    "right": 2560,
    "bottom": 1440,
    "center_x": 1280,
    "center_y": 720
  },
  "device_info": {
    "webcam_width": 1280,
    "webcam_height": 1024,
    "camera_matrix": [
      [
        1408.572643,
        0.0,
        918.986646
      ],
      [
        0.0,
        1378.049178,
        553.273009
      ],
      [
        0.0,
        0.0,
        1.0
      ]
    ],
    "dist_coeffs": [
      -0.355882,
      0.159152,
      0.002311,
      -0.001401,
      -0.055078
    ]
  },
  "calibration_parameters": {
    "sfm_enabled": true,
    "total_calibration_points": 5,
    "calibration_time_per_point": 2.5
  },
  "transformation_matrices": {
    "STransG": [
      [
        -1.0,
        0.0,
        0.0,
        331.36048231369193
      ],
      [
        0.0,
        -1.0,
        0.0,
        85.02260741037867
      ],
      [
        0.0,
        0.0,
        1.0,
        -529.6843464580836
      ],
      [
        0.0,
        0.0,
        0.0,
        1.0
      ]
    ],
    "StG": [
      [
        [
          373.2458025948372
        ],
        [
          72.35585489025254
        ],
        [
          -529.6843464580836
        ]
      ],
      [
        [
          348.24337043608637
        ],
        [
          82.64793771814334
        ],
        [
          -529.6843464580836
        ]
      ],
      [
        [
          281.3594933642093
        ],
        [
          83.89150307649746
        ],
        [
          -529.6843464580836
        ]
      ],
      [
        [
          332.5365926524855
        ],
        [
          72.50682388118352
        ],
        [
          -529.6843464580836
        ]
      ],
      [
        [
          324.4099959719995
        ],
        [
          111.38916037564587
        ],
        [
          -529.6843464580836
        ]
      ]
    ]
  },
  "calibration_points": {
    "SetValues": [
      [
        [
          107.0
        ],
        [
          60.0
        ],
        [
          0.0
        ]
      ],
      [
        [
          489.0
        ],
        [
          60.0
        ],
        [
          0.0
        ]
      ],
      [
        [
          107.0
        ],
        [
          275.0
        ],
        [
          0.0
        ]
      ],
      [
        [
          489.0
        ],
        [
          275.0
        ],
        [
          0.0
        ]
      ],
      [
        [
          298.0
        ],
        [
          168.0
        ],
        [
          0.0
        ]
      ]
    ],
    "gaze_data": [
      "      gaze_x    gaze_y    gaze_z\n14  0.433304  0.025170  0.901211\n15  0.434708  0.008168  0.898634\n22  0.441876  0.012151  0.896884\n23  0.441876  0.021902  0.896884\n24  0.444666  0.021902  0.895618\n27  0.451591  0.011802  0.890593\n28  0.451591  0.011802  0.890593\n30  0.451591  0.027611  0.890593\n32  0.448985  0.027611  0.893237\n33  0.448985  0.027611  0.893237\n34  0.448985  0.027611  0.893237\n40  0.449068  0.016965  0.893016\n41  0.449068  0.016965  0.893016\n42  0.449068  0.016965  0.892560\n43  0.448436  0.020836  0.892560",
      "      gaze_x    gaze_y    gaze_z\n59 -0.259167  0.047716  0.964517\n60 -0.256747  0.041300  0.965596\n61 -0.256747  0.041300  0.965596\n62 -0.256747  0.041300  0.965596\n63 -0.256747  0.041300  0.965596\n64 -0.256747  0.041300  0.965596\n65 -0.256679  0.034041  0.965915\n66 -0.256679  0.036221  0.965915\n68 -0.256679  0.036221  0.965915\n69 -0.255738  0.033528  0.966005\n75 -0.248968  0.032669  0.968214\n76 -0.254836  0.035163  0.966345\n82 -0.252457  0.044342  0.966414\n83 -0.252457  0.044342  0.966414",
      "       gaze_x    gaze_y    gaze_z\n101  0.304008 -0.323363  0.890278\n109  0.295664 -0.326208  0.897595\n110  0.293089 -0.324065  0.899489\n111  0.296499 -0.324065  0.899015\n112  0.303743 -0.324065  0.899015\n114  0.304074 -0.324065  0.894387\n115  0.304074 -0.322030  0.894387\n117  0.289077 -0.323949  0.896520\n118  0.289077 -0.326386  0.898934\n119  0.287538 -0.326386  0.898934\n127  0.297620 -0.331072  0.898192\n128  0.294354 -0.331072  0.898192\n129  0.294354 -0.321716  0.899777\n130  0.296127 -0.331072  0.898192\n131  0.289209 -0.331072  0.899777",
      "       gaze_x    gaze_y    gaze_z\n143 -0.269351 -0.346638  0.902474\n144 -0.268519 -0.348047  0.901495\n145 -0.268519 -0.348047  0.900431\n147 -0.268519 -0.341477  0.900431\n148 -0.268519 -0.336503  0.900431\n153 -0.261203 -0.343940  0.900723\n154 -0.263795 -0.345955  0.900404\n155 -0.261203 -0.348787  0.900723\n156 -0.261203 -0.348787  0.900723\n169 -0.267287 -0.342273  0.903827\n172 -0.266065 -0.336317  0.903827\n173 -0.266065 -0.344338  0.900356\n174 -0.263807 -0.344338  0.900356",
      "       gaze_x    gaze_y    gaze_z\n185  0.047980 -0.114893  0.991965\n186  0.047980 -0.106159  0.993380\n193  0.049525 -0.114166  0.992109\n194  0.049525 -0.114166  0.992082\n195  0.046231 -0.107989  0.993420\n196  0.046231 -0.109368  0.992082\n197  0.046231 -0.107989  0.993420\n198  0.046231 -0.096734  0.994100\n199  0.049064 -0.096734  0.994100\n200  0.052236 -0.100126  0.993290\n201  0.049064 -0.100126  0.994013\n202  0.052236 -0.100582  0.993290\n203  0.052236 -0.100582  0.993290\n204  0.052236 -0.105953  0.992998\n205  0.051029 -0.100582  0.994013\n210  0.050794 -0.116006  0.991924\n211  0.051281 -0.116006  0.991924"
    ],
    "SetVal": "     set_x  set_y  set_z\n14   107.0   60.0    0.0\n15   107.0   60.0    0.0\n22   107.0   60.0    0.0\n23   107.0   60.0    0.0\n24   107.0   60.0    0.0\n..     ...    ...    ...\n203  298.0  168.0    0.0\n204  298.0  168.0    0.0\n205  298.0  168.0    0.0\n210  298.0  168.0    0.0\n211  298.0  168.0    0.0\n\n[74 rows x 3 columns]",
    "gaze": "       gaze_x    gaze_y    gaze_z\n14   0.433304  0.025170  0.901211\n15   0.434708  0.008168  0.898634\n22   0.441876  0.012151  0.896884\n23   0.441876  0.021902  0.896884\n24   0.444666  0.021902  0.895618\n..        ...       ...       ...\n203  0.052236 -0.100582  0.993290\n204  0.052236 -0.105953  0.992998\n205  0.051029 -0.100582  0.994013\n210  0.050794 -0.116006  0.991924\n211  0.051281 -0.116006  0.991924\n\n[74 rows x 3 columns]"
  },
  "sfm_data": {
    "STransW": [
      [
        -1.0,
        0.0,
        0.0,
        217.7971725116061
      ],
      [
        0.0,
        1.0,
        0.0,
        142.6317096308669
      ],
      [
        0.0,
        0.0,
        -1.0,
        0.0
      ],
      [
        0.0,
        0.0,
        0.0,
        1.0
      ]
    ],
    "scaleWtG": 544.854431632687,
    "StW": [
      [
        [
          259.68249279275136
        ],
        [
          129.96495711074078
        ],
        [
          0.0
        ]
      ],
      [
        [
          234.68006063400054
        ],
        [
          140.25703993863158
        ],
        [
          0.0
        ]
      ],
      [
        [
          167.79618356212347
        ],
        [
          141.5006052969857
        ],
        [
          0.0
        ]
      ],
      [
        [
          218.9732828503997
        ],
        [
          130.11592610167176
        ],
        [
          0.0
        ]
      ],
      [
        [
          210.84668616991365
        ],
        [
          168.9982625961341
        ],
        [
          0.0
        ]
      ]
    ]
  }
}