{
  "timestamp": "2025-11-11T21:07:00.726673",
  "device_info": {
    "screen_width": 1920,
    "screen_height": 1080,
    "screen_width_mm": 344,
    "screen_height_mm": 193,
    "webcam_width": 1280,
    "webcam_height": 720,
    "camera_matrix": [
      [
        1335.148396,
        0.0,
        1070.916963
      ],
      [
        0.0,
        1333.195175,
        488.35109
      ],
      [
        0.0,
        0.0,
        1.0
      ]
    ],
    "dist_coeffs": [
      -0.114598,
      0.087779,
      -0.003087,
      -0.005882,
      -0.073706
    ]
  },
  "calibration_parameters": {
    "sfm_enabled": true,
    "total_calibration_points": 4,
    "calibration_time_per_point": 2.5
  },
  "transformation_matrices": {
    "STransG": [
      [
        -1.0,
        0.0,
        0.0,
        229.5267912301467
      ],
      [
        0.0,
        -1.0,
        0.0,
        7.443084459587528
      ],
      [
        0.0,
        0.0,
        1.0,
        -638.0859148627184
      ],
      [
        0.0,
        0.0,
        0.0,
        1.0
      ]
    ],
    "StG": [
      [
        [
          233.84406366837084
        ],
        [
          -18.34590616212196
        ],
        [
          -638.0859148627184
        ]
      ],
      [
        [
          179.2702583005206
        ],
        [
          26.130379192792713
        ],
        [
          -638.0859148627184
        ]
      ],
      [
        [
          205.60088427313198
        ],
        [
          8.55087343194765
        ],
        [
          -638.0859148627184
        ]
      ],
      [
        [
          282.54093393749577
        ],
        [
          13.187697497099578
        ],
        [
          -638.0859148627184
        ]
      ]
    ]
  },
  "calibration_points": {
    "SetValues": [
      [
        [
          6.0
        ],
        [
          3.0
        ],
        [
          0.0
        ]
      ],
      [
        [
          337.0
        ],
        [
          3.0
        ],
        [
          0.0
        ]
      ],
      [
        [
          6.0
        ],
        [
          189.0
        ],
        [
          0.0
        ]
      ],
      [
        [
          337.0
        ],
        [
          189.0
        ],
        [
          0.0
        ]
      ]
    ],
    "gaze_data": [
      "      gaze_x    gaze_y    gaze_z\n21  0.305337 -0.038390  0.951470\n26  0.324526 -0.038964  0.945074\n27  0.324526 -0.037117  0.945074\n28  0.322812 -0.031468  0.945940\n29  0.298243 -0.031468  0.954459\n30  0.298243 -0.030163  0.954459\n31  0.298243 -0.030163  0.954459\n32  0.318839 -0.030163  0.947561\n33  0.328355 -0.035251  0.944496\n34  0.362306 -0.035251  0.931192\n35  0.362306 -0.035251  0.931192\n36  0.335678 -0.035251  0.940078\n37  0.335678 -0.040204  0.940078\n38  0.335678 -0.040204  0.940078\n39  0.335678 -0.031448  0.940078\n40  0.361335 -0.031448  0.932008\n41  0.367291 -0.028236  0.929967\n42  0.367291 -0.028236  0.929967\n44  0.367291 -0.026628  0.929967\n45  0.363495 -0.026628  0.931150\n46  0.353991 -0.028834  0.934596\n47  0.341039 -0.026628  0.939450\n54  0.365024 -0.028209  0.930919",
      "       gaze_x    gaze_y    gaze_z\n72  -0.227076  0.026098  0.972342\n77  -0.232781  0.041226  0.971893\n78  -0.237909  0.035167  0.971095\n79  -0.242796  0.035167  0.968650\n80  -0.237909  0.035167  0.971095\n81  -0.237909  0.042247  0.971095\n85  -0.234066  0.037040  0.971875\n86  -0.239811  0.036318  0.970140\n87  -0.239811  0.036318  0.970140\n88  -0.239811  0.037040  0.970140\n95  -0.236719  0.033950  0.971313\n100 -0.234280  0.024767  0.971854\n101 -0.229057  0.025112  0.972714\n102 -0.234280  0.025112  0.971854\n107 -0.246501  0.039467  0.968324\n108 -0.245017  0.030181  0.969054\n109 -0.245017  0.030181  0.969054\n110 -0.247852  0.030181  0.967900\n111 -0.247852  0.041709  0.967900\n116 -0.247754  0.029510  0.968351\n117 -0.244187  0.030157  0.969123",
      "       gaze_x    gaze_y    gaze_z\n132  0.288076 -0.248340  0.924845\n133  0.288076 -0.248340  0.924845\n134  0.305783 -0.249544  0.920700\n135  0.305783 -0.249544  0.920700\n136  0.308921 -0.251331  0.916138\n139  0.308921 -0.255458  0.916138\n140  0.299570 -0.255458  0.916801\n141  0.290933 -0.256570  0.919644\n142  0.272096 -0.263843  0.922514\n149  0.270281 -0.260435  0.925558\n150  0.276773 -0.260435  0.924091\n151  0.279705 -0.261880  0.923764\n152  0.280772 -0.264717  0.923680\n153  0.280786 -0.264717  0.920925\n154  0.281031 -0.264717  0.920925\n155  0.280786 -0.261880  0.923463\n156  0.281031 -0.249213  0.923463\n157  0.283498 -0.249213  0.923463\n158  0.287414 -0.249213  0.923463\n159  0.287414 -0.257291  0.919150\n168  0.301782 -0.271055  0.916313\n171  0.301782 -0.263410  0.915500\n172  0.299842 -0.268242  0.915500\n173  0.299842 -0.268242  0.915075\n174  0.299842 -0.268242  0.915075",
      "       gaze_x    gaze_y    gaze_z\n192 -0.066190 -0.257175  0.964824\n193 -0.082015 -0.257175  0.964824\n203 -0.075018 -0.256878  0.963528\n204 -0.072743 -0.256878  0.963657\n205 -0.072743 -0.256878  0.963657\n206 -0.071541 -0.256002  0.964620\n212 -0.096002 -0.264771  0.959073\n217 -0.091404 -0.262784  0.960516\n218 -0.091404 -0.256331  0.961190\n219 -0.085820 -0.256331  0.961190\n220 -0.097982 -0.265443  0.960512\n221 -0.077219 -0.268575  0.960512\n222 -0.084094 -0.268580  0.959086\n223 -0.077219 -0.272380  0.959086\n224 -0.084094 -0.272380  0.959086\n225 -0.077219 -0.272380  0.960657\n226 -0.084094 -0.254909  0.963389\n227 -0.065057 -0.254909  0.963389\n228 -0.065057 -0.254909  0.963389\n229 -0.065057 -0.262710  0.962578\n230 -0.060699 -0.265190  0.961726\n231 -0.060699 -0.265190  0.960949\n232 -0.083271 -0.267205  0.960638\n233 -0.086951 -0.271877  0.959492\n235 -0.096352 -0.271877  0.957775\n236 -0.096352 -0.271877  0.957775\n237 -0.096352 -0.271877  0.958261"
    ],
    "SetVal": "     set_x  set_y  set_z\n21     6.0    3.0    0.0\n26     6.0    3.0    0.0\n27     6.0    3.0    0.0\n28     6.0    3.0    0.0\n29     6.0    3.0    0.0\n..     ...    ...    ...\n232  337.0  189.0    0.0\n233  337.0  189.0    0.0\n235  337.0  189.0    0.0\n236  337.0  189.0    0.0\n237  337.0  189.0    0.0\n\n[96 rows x 3 columns]",
    "gaze": "       gaze_x    gaze_y    gaze_z\n21   0.305337 -0.038390  0.951470\n26   0.324526 -0.038964  0.945074\n27   0.324526 -0.037117  0.945074\n28   0.322812 -0.031468  0.945940\n29   0.298243 -0.031468  0.954459\n..        ...       ...       ...\n232 -0.083271 -0.267205  0.960638\n233 -0.086951 -0.271877  0.959492\n235 -0.096352 -0.271877  0.957775\n236 -0.096352 -0.271877  0.957775\n237 -0.096352 -0.271877  0.958261\n\n[96 rows x 3 columns]"
  },
  "sfm_data": {
    "STransW": [
      [
        -1.0,
        0.0,
        0.0,
        19.886414599825383
      ],
      [
        0.0,
        1.0,
        0.0,
        31.99179533903975
      ],
      [
        0.0,
        0.0,
        -1.0,
        0.0
      ],
      [
        0.0,
        0.0,
        0.0,
        1.0
      ]
    ],
    "scaleWtG": 672.203230440745,
    "StW": [
      [
        [
          24.20368703804951
        ],
        [
          6.202804717330263
        ],
        [
          0.0
        ]
      ],
      [
        [
          -30.370118329800732
        ],
        [
          50.67909007224493
        ],
        [
          0.0
        ]
      ],
      [
        [
          -4.039492357189346
        ],
        [
          33.09958431139987
        ],
        [
          0.0
        ]
      ],
      [
        [
          72.90055730717444
        ],
        [
          37.7364083765518
        ],
        [
          0.0
        ]
      ]
    ]
  }
}