,timestamp(hh:m:s.ms),W_Px,W_Py,W_Pz,W_Px,W_Py,W_Pz,W_Px,W_Py,W_Pz,W_Px,W_Py,W_Pz,W_Px,W_Py,W_Pz,W_Px,W_Py,W_Pz,W_Px,W_Py,W_Pz,W_Px,W_Py,W_Pz,W_Px,W_Py,W_Pz,W_Px,W_Py,W_Pz,W_Px,W_Py,W_Pz,W_Px,W_Py,W_Pz,W_Px,W_Py,W_Pz,W_Px,W_Py,W_Pz,W_Px,W_Py,W_Pz,W_Px,W_Py,W_Pz,W_Px,W_Py,W_Pz,W_Px,W_Py,W_Pz,W_Px,W_Py,W_Pz,W_Px,W_Py,W_Pz,W_Px,W_Py,W_Pz,W_Px,W_Py,W_Pz,W_Px,W_Py,W_Pz,W_Px,W_Py,W_Pz,W_Px,W_Py,W_Pz,W_Px,W_Py,W_Pz,W_Px,W_Py,W_Pz,W_Px,W_Py,W_Pz,W_Px,W_Py,W_Pz,W_Px,W_Py,W_Pz,W_Px,W_Py,W_Pz,W_Px,W_Py,W_Pz,W_Px,W_Py,W_Pz,W_Px,W_Py,W_Pz,W_Px,W_Py,W_Pz,W_Px_mean,W_Py_mean,W_Pz_mean
0,2025-12-17 11:23:17.223997,0.33989054505522037,-1.6708017123478245,16.944501184259273,-0.3370137307819322,-1.7411421145771508,17.023445576412776,1.3555270637879473,-1.6641634898191517,16.847679913418546,2.0144611148702047,-1.7557188400254247,16.960671037999226,0.9231972972105967,-0.5004534068416179,16.695917218732898,0.9086743432514908,-0.12377194691682143,16.675381571800898,0.38220948904882335,-0.3803813069409741,16.737452583021092,1.387862829468919,-0.382794356724298,16.8201905159375,0.215753628703448,0.3526335189510285,16.909577327223555,1.5337911779415365,0.32558111767067616,16.720652659019052,0.9087429664016824,0.27385460393972266,16.594784042436327,0.893451186182403,0.6100375279354653,16.546954832790114,-0.6815629195252598,-2.2685796431312584,17.02042100036057,-0.11516468591145533,-2.535141181102221,16.859623849589514,0.48513503649177425,-2.221360841606628,16.850688213697143,1.2266667071132034,-2.225661007686161,16.760104095497862,1.7966494938476707,-2.5446638049059294,16.850155509462166,2.32226575481991,-2.287583047751666,17.041921614838763,-1.1163123002584459,-1.839212670987187,17.58442117775206,-1.0839245384130611,-1.1984217107510091,17.654629407535136,-1.0103175989869595,-0.6009873466731371,17.896480270307435,-0.8703450721257981,-0.016776579985377592,17.55135157666591,-0.6831387597491875,0.5167854285336353,17.47463391656573,-0.37576598245090004,0.9668356286159884,17.575676070574204,0.004163456870657162,1.2976929455797097,17.392722686012597,0.42287031695214217,1.5126823272818013,17.07660745518331,0.9210805411499807,1.58447583283916,16.910920579590506,1.4000142928213066,1.5360114689467497,17.317483867315598,1.7833859582517326,1.3041155492529979,17.57942700322064,2.091087075243641,0.9682151101226304,17.55438304959734,2.318660954809557,0.5319643273830921,17.456298844806394,2.4782657676790825,0.021621112532555643,17.506689737565623,2.5873820622615096,-0.5435191519922073,17.543450073702317,2.609967526418098,-1.121143628480377,17.29596592675356,2.6376081365424127,-1.7474827842842222,17.31178260929604,0.9087429664016824,-0.382794356724298,17.023445576412776
1,2025-12-17 11:23:17.359392,0.5581048588358907,-2.6817550118800084,27.016705484319548,-0.5153154915388343,-2.758570575454779,26.78966395983382,2.2371891381475604,-2.7576930375531363,27.693210086737814,3.3051043321993023,-2.91547997749784,27.773072214305273,1.519237925628459,-0.8066774754684363,27.115640371079895,1.5127492490712664,-0.2069281065088023,27.235589348762733,0.6466093736447913,-0.6078392238002075,26.75201551806715,2.276118180136192,-0.6445315607696561,27.29014965918219,0.3786156015332128,0.538425817344394,26.697341143693837,2.518704319159181,0.5072519669261933,27.183383379934984,1.5018071631238794,0.4435188761237463,26.75734243298072,1.4805913670051858,0.9869821499637768,26.715286224543647,-1.0615186936726748,-3.5643816755860485,26.572414577304333,-0.1690741669309841,-4.049135215128044,26.780415305881444,0.79393437022112,-3.583397112231563,27.030845433105537,2.009386516733857,-3.634271891234413,27.228306587578903,2.9310771429127898,-4.167449042751063,27.341496423968078,3.744326727690096,-3.7306043934461943,27.382271855804298,-1.6807097095056835,-2.8265607100507295,26.463206971559636,-1.6530169826399665,-1.8956607578803653,27.014793408604444,-1.523199243801315,-0.9903744696783053,27.114789802585168,-1.2790182877742735,-0.08204218724711701,26.47855012549558,-1.0131395262270453,0.7356835514002217,26.97320416771124,-0.5460229512759259,1.4273427803584877,27.319543357916356,0.055685111373055214,1.9117328932707,26.616064490338353,0.7137904884391622,2.332424065844553,27.03203647514082,1.4948467849696845,2.435560736897317,26.570982427612297,2.2147912624478083,2.2941520792609924,26.979046698388192,2.7563194558074255,1.8836872437805066,26.99269970843651,3.2436648194934237,1.3748291130122312,27.023378089652347,3.6646878239501106,0.7337538073700962,27.53859400250371,3.9178330134408195,-0.07141202770410696,27.63718981151159,4.026648715627312,-0.9455231790563031,27.287616993850047,4.148114890996126,-1.8559523539040865,27.39105166545387,4.194979969268805,-2.859990762622008,27.492594262314277,1.5018071631238794,-0.6445315607696561,27.030845433105537
2,2025-12-17 11:23:17.481954,0.010783930605457856,-0.05055113696538203,0.5052909229465818,-0.009376331173598386,-0.05227610682292996,0.5040229581544129,0.04158079310688647,-0.05076443730373918,0.5063388549348271,0.060942393971821475,-0.05350378789351947,0.5055223409467352,0.029377106614520566,-0.015873689176510216,0.5166796028466731,0.02952784589382312,-0.0046327224954084405,0.5191017660380507,0.012869371776860395,-0.01248071788120928,0.5163211474413177,0.04385209606684292,-0.012916393560602778,0.5172684519372206,0.007772624806972635,0.009743434078225022,0.5217642955416464,0.049023471000019574,0.009044471053544206,0.5221239109301223,0.029704135859734884,0.00785362067067942,0.5219690470595142,0.02947985748670138,0.018592885414017747,0.5250116600623663,-0.019456745692386958,-0.06724303532081499,0.4990701801950902,-0.0028284378800396345,-0.075745166424373,0.4989654156764166,0.015049078261826925,-0.06689517847329018,0.5020353448162306,0.037391111811753315,-0.06735089954227522,0.5016339255081672,0.05392812676223117,-0.07657754326830056,0.5004325280776264,0.06923227481911712,-0.0690317478343979,0.502856651061489,-0.03146933148902108,-0.054011715482183476,0.5024914200808838,-0.030301032874212857,-0.03591046853423147,0.507017018403919,-0.0280419666203134,-0.01909161265163233,0.5121359505571396,-0.024633712252062887,-0.002360624107924373,0.5164495023093535,-0.018956174084106346,0.013516237370896224,0.5213185546900818,-0.009772699248738878,0.026958747975159313,0.5249095000819691,0.0016263635480754332,0.03711962920515349,0.5282875606635911,0.014704190788748843,0.045034100705286996,0.5303900391738645,0.030343298065619764,0.047904991902873256,0.5317396945144734,0.044411910885768936,0.044461104126063994,0.5317521713039928,0.05490420199825348,0.03618458423338729,0.5297373044811123,0.06395180674810594,0.026062800210655233,0.5269289838414826,0.070749778361866,0.013262614374136266,0.5235019506277345,0.07474641955954898,-0.002010709141564464,0.5198353681011101,0.07697743701824523,-0.018688528816737958,0.5161543555964666,0.07829760058111877,-0.03547638967825964,0.5115872576502225,0.07813066377974626,-0.05352293204367173,0.5066907094331699,0.02952784589382312,-0.012916393560602778,0.5164495023093535
3,2025-12-17 11:23:17.619488,8.1962373206745,-37.20186661049525,369.03105691024916,-6.925660345204745,-40.73845464566316,389.973574818067,29.502407142560997,-35.87658489101275,355.00686760675745,43.61630503564279,-38.519144577123534,359.1093006266964,17.65458214501512,-9.29226319674051,302.2056013809863,17.313834678678038,-2.8744004457536954,298.3876401111619,8.960963082700156,-8.56774375388234,344.9546310994276,24.957240910279346,-7.461738477366987,290.31955180426985,4.5378096513771675,4.789247939959223,278.05412545917847,24.545384754250453,3.9001390039484733,258.6720160372488,9.301886549656365,2.1683063044080604,159.4574159252123,14.276888130535518,8.407524081806873,247.65289392664963,-15.98287270127897,-57.268221118919314,422.5744002261494,-2.032586606871676,-63.27597453161767,416.78432323809733,12.062987292382054,-52.03002539558668,390.3249417560938,17.37178956248482,-31.0908110882058,230.25758778680313,40.77714851195312,-57.56785933997502,375.5786028596213,120.24071588752854,-119.42879075223908,865.4199788045642,-81.70114475496113,-144.42760400254494,1333.5881491404716,-361.7280229066131,-445.6802887167388,6172.072729393153,-62.988787291445234,-45.84654924851205,1182.9737568910527,-15.757455543170023,-2.286089594668563,340.7783089239693,-34.62655968467771,23.651212694953408,996.1233306785131,-14.952971041355818,42.55837889949248,878.556406407377,3.8161012709748885,51.36577158187007,762.5185869182594,6.360970654790611,17.74005098226764,218.30452404561007,11.807750443766112,17.462078952782722,202.0055974381252,49.355840372852526,46.87488264828199,580.8476523158253,63.984176785853236,39.85979871666856,609.1230309230392,79.97966171342763,30.416602089400826,654.0021195833095,97.16618339256233,16.02869827970879,714.4687912559779,-146.32120953739803,6.154118180745607,-1011.5374163473172,94.64821263358722,-23.7033097017186,629.7052136365318,106.30351497688751,-48.7638124685237,689.4148713872812,50.20303654919304,-34.55405470883465,323.07633161205354,12.062987292382054,-8.56774375388234,375.5786028596213
4,2025-12-17 11:23:17.759970,0.20703473308251555,-0.8839775582278532,8.714980867643686,-0.14118245280717456,-0.9166079365208297,8.722072910880803,0.729918328877908,-0.8831417045020515,8.66716960573713,1.06287825989015,-0.936168753406905,8.66401687379717,0.5191349186569799,-0.27391485258493864,8.694684188105892,0.518338680657679,-0.09033694942754883,8.76126372020336,0.23708651305498626,-0.22421322031137872,8.761666764481802,0.7631268678205324,-0.23136108929602475,8.770337435246745,0.1581580977845021,0.1464557281680481,8.848016192673512,0.8448040396896916,0.12682262519182363,8.75700530226427,0.5260359375060849,0.11996033053229992,8.79495848137428,0.517779817123348,0.2912902348600605,8.724664049944899,-0.3197502845285194,-1.191423167113318,8.740068261116509,-0.029910094841054464,-1.3213679321577285,8.664591797605258,0.275762511964397,-1.159324768326322,8.639477560611091,0.6614860276526783,-1.1667564630522302,8.636114847321998,0.9423690647844928,-1.3255160193401991,8.606869553939664,1.2021243377215376,-1.2008076517664257,8.604426087193874,-0.5296465629306817,-0.970743025181395,8.851879767278396,-0.5132951079379657,-0.657332347799327,8.921087313403262,-0.4650785276107465,-0.35999556261211296,8.951913290871694,-0.4017934059220675,-0.06674523176443409,8.998373074686869,-0.3005581183072402,0.20119706266792414,9.015307729622192,-0.142976049974629,0.4224010882080491,9.01319800868938,0.05444164442566407,0.5896292666739003,8.970152221683437,0.2697820267943362,0.7176749730847201,8.937842465370279,0.5319767845572893,0.7625778395722751,8.903335089939258,0.7676830484126183,0.7043613737036972,8.885091692109619,0.948977778846241,0.5706291640938623,8.920751142158029,1.1000149277693434,0.40073160926234935,8.897037544673092,1.2171752559589353,0.185664873150785,8.864521751018792,1.2938313506268393,-0.07232865068174629,8.845931558888324,1.3367434620248575,-0.34500330345893987,8.835915151881794,1.3591193879425223,-0.632000128064549,8.759335555303764,1.3676120989604332,-0.9447423744667255,8.76471368414873,0.5191349186569799,-0.23136108929602475,8.770337435246745
5,2025-12-17 11:23:17.891779,1.0981866896857548,-4.601529303041225,45.36781669323656,-0.7319895767206414,-4.95447081224319,47.024642414616544,3.600564532607144,-4.345014789723266,42.63656682846746,5.050061143916043,-4.41898795793261,40.932752101656014,2.654963024976165,-1.3853455830375792,44.58777254416757,2.7057188153871383,-0.4940837889217013,45.38168312025501,1.27838535427911,-1.211516548759694,46.25749683496797,3.903177181446081,-1.204797436529129,44.57414509839087,0.8848879927735437,0.6827929807793194,46.56522268341603,4.361369644954604,0.6151878913302155,45.01072394376912,2.789280278397216,0.563256005932409,46.165130650021574,2.7553876730984532,1.5081087107032192,46.17867451310931,-1.6361569242149785,-6.172873961710581,45.00779804434216,-0.15557554281791713,-6.651880346144825,43.61884203547017,1.3535129670049983,-5.763869087436435,43.03363376168544,3.2275606985036727,-5.680797534043799,42.081235320907204,4.55669889165877,-6.371107353123841,41.33768747273923,5.706863021552882,-5.664284092144618,40.581345520713214,-2.6228712544406965,-4.963869074898593,44.724319250721905,-2.536733536792552,-3.463980075649561,45.64936286535131,-2.311193826505581,-2.0076536474638447,46.492124843012945,-1.9745559692127153,-0.5356033250788499,47.264030560306544,-1.4357211169731425,0.8407503007403537,47.11251112113689,-0.6348210687120615,1.9798714601759468,47.54716763312868,0.37163322750576183,2.8504193383793166,46.99041723394442,1.4515265199201464,3.488510648398609,46.29648176484311,2.8987551729231607,3.8788230504209147,47.78808467544126,4.003773053122297,3.4838260417053877,46.02663347788155,4.856299130463979,2.7362192748968908,45.34903430920195,5.572250890597797,1.8824312068284652,44.7973673381767,5.830550999166705,0.7874656314554697,42.219792415652535,6.285466573258619,-0.40924176705431975,42.64295159949817,6.311692627918778,-1.6820532679068374,41.30776866018116,6.483594627066156,-3.030020135031668,41.3529819976749,6.313680340707401,-4.3705657317074085,40.03473080012223,2.7553876730984532,-1.211516548759694,45.01072394376912
6,2025-12-17 11:23:18.021907,0.4465414857025141,-1.802760313888697,17.62652789011496,-0.2688442832164881,-1.8985528831197516,17.8007317922831,1.4980942781112252,-1.7934107061603226,17.487432474536135,2.2494780689411984,-1.9477356711599803,18.024118385248176,1.0341304881045503,-0.5501721083320924,17.085023927261652,1.0580122731649886,-0.21940954321085104,17.464958496892624,0.5080367001178749,-0.4987850740654878,17.943301672094524,1.5837297505750718,-0.5095997428966044,17.810098559338517,0.3740127070695572,0.23803791765046242,18.50559225289416,1.7904714802696793,0.21019141743747985,18.390788295193047,1.0738361161081411,0.17539948788745022,17.598251038166413,1.085487228478238,0.5449540182243209,17.97388890807983,-0.62877284295324,-2.4803105041827074,18.008972253234603,-0.034160029493130774,-2.6473657579825343,17.354248696231117,0.5648498035733547,-2.3047562111090696,17.1952256292544,1.349633572607698,-2.3311367011637003,17.261575927995064,1.9239773318695441,-2.6638534444997153,17.290978766145148,2.5597734121641227,-2.518396312933364,18.049974418849825,-1.097731492898791,-2.1414221905004327,19.259033627598495,-1.0447040245160952,-1.4741211972080717,19.228496687454072,-0.9425865305907125,-0.8657795095146398,19.437410861432774,-0.7841497706935344,-0.2565760849931872,19.334129911319863,-0.5751987727099639,0.3120231981195094,19.789585490037588,-0.23370667749627796,0.7675158169531661,19.68181883491429,0.18446868282058151,1.152090053282866,19.89668807224031,0.6370725821400581,1.4162778176439021,19.53505791165012,1.1824455600113797,1.4963039939881029,19.26231568872767,1.7227007061044104,1.428061586266862,19.652741351600827,2.1355051648981314,1.1373059669240957,19.813925766289824,2.460623133904241,0.7712056665189112,19.677478089576404,2.7588085005337755,0.3285035722200673,19.837791436023245,2.882755968180604,-0.21796920269978853,19.42215529775632,2.9705137811968045,-0.809503504871262,19.263385303500648,2.9775958936673717,-1.3998101291561842,18.81170725345927,3.0094607010244556,-2.059789923829585,18.86203387152284,1.0738361161081411,-0.5095997428966044,18.50559225289416
7,2025-12-17 11:23:18.149377,-6.048201101865654,22.614345234691132,-219.21864569431895,9.538701295645685,80.79767392176284,-747.6915629133457,38.6827438119608,-45.44907849524938,443.101290336848,41.517639573055234,-35.999106934092254,328.37623981062904,-14.63586756236324,7.419068341689965,-235.768907578775,164.5941064952011,-35.471677587464164,2667.0134663645836,-6.958176674511257,6.916092427570563,-231.19748925313453,53.58720157659946,-17.829938740497685,593.2535875694676,-2.7648266533468644,-1.0673184501623918,-125.13809575840108,-40.249190956704524,-3.225977599296754,-412.87056522180956,-18.65201187246987,-2.5593280952799153,-300.2411220495876,-9.129458107885215,-4.093973048856556,-149.36310521253472,15.701252267937459,68.35956497350655,-488.8675012547926,-0.2592253344612645,50.9598599499489,-334.15101827221173,-24.810420019414995,94.3479847741856,-707.6783803327359,21.324804453665667,-35.67566126757146,265.61040138417025,18.825937518975195,-25.529437694257098,166.43233908805888,12.346669762479612,-12.131694685836116,86.03045833894356,8.891688383752234,19.18466721155676,-163.8686069876603,11.195917133427887,17.76829220625833,-215.2416140138956,7.037203846709454,7.7846311139789695,-152.72320766871485,8.296195204163887,4.296756530349479,-214.73660709046771,5.573137545830093,-1.6268271200879652,-207.46259723392575,8.558673669061468,-26.638000811762165,-859.3502403153585,-2.3517219306181225,-11.09352770846592,-225.91351584762756,-10.799501528839738,-20.79379356029254,-322.4360074806183,-23.771865942108462,-26.988456967942035,-383.4657061599853,110.36429802625287,81.31224206770561,1258.1905709067892,86.59471540553086,39.66898123449536,803.57679104439,13.543399012194413,3.464856423497236,108.4860596071767,14.927810350574763,0.9867590366658504,107.43292926151148,9.229618660448878,-1.060388461239851,61.92737123683956,10.468689722958574,-3.1874321705052187,67.5699917838061,9.01316337520601,-4.415406638010512,56.45175826733158,7.092839745469193,-4.959625360838188,43.963546015607314,8.891688383752234,-1.6268271200879652,-152.72320766871485
8,2025-12-17 11:23:18.324128,0.45446637308612525,-1.5775525215779145,15.100782767730053,-0.15135132056693074,-1.6708663588524646,15.24640124333901,1.349214532830613,-1.5581719528184763,14.972586984927176,1.955801562585569,-1.68220144115937,15.142071129731105,0.9475014319179612,-0.4735688466464317,14.680769983773226,0.9629705848646822,-0.220490474328037,14.994330297516555,0.4940516681962461,-0.4654855368663214,15.148430326917962,1.4046510559204757,-0.48064097285081014,15.20653262325282,0.3691018710929947,0.13030471024281487,15.357711085598483,1.537017722984627,0.10868913082012245,15.407671945106618,0.9711244273941733,0.11651483854858793,15.055453471894435,0.963767133280478,0.416944308029597,15.19589079024825,-0.44363078177892346,-2.137408966561638,15.112662041793403,0.05262890213152769,-2.2673564627561635,14.71813009489405,0.5565021721863577,-1.974032617516256,14.645573456995102,1.2195030597329237,-1.9923045989888026,14.665781783458858,1.7111215217952545,-2.278379519718352,14.71745851793243,2.184840429717679,-2.128741995083329,14.941992011357126,-0.8341916021455044,-1.8917269862330761,15.953225503911613,-0.7960240309202348,-1.345897751915899,16.035755158073954,-0.7068388312338602,-0.8282737844433297,15.971335625514593,-0.5933371078735206,-0.3429833696543553,16.17091958281043,-0.40539002615842,0.11419832728276512,16.239824412316867,-0.12974573255703628,0.4857996577133102,16.446559865552253,0.19829915395647052,0.7868133737355063,16.2308069489447,0.5711760125934542,1.0238701000896393,16.05959605979677,1.0208266214196544,1.1061190181099985,15.868995263347095,1.4327686385353133,1.0054559571748598,15.902747631379999,1.7546111615438853,0.7648003376763695,15.965024969561313,2.0462835592468434,0.4686662719975673,16.158943394356367,2.280622360708267,0.10239755765132282,16.185769560183697,2.430726091369255,-0.3364589593086116,16.180700265844692,2.487896512529633,-0.7979154667256394,15.915874041007196,2.547556124698827,-1.2855379131063367,15.842963267357407,2.5423421096793777,-1.8014520836339292,15.645894633768835,0.963767133280478,-0.4735688466464317,15.407671945106618
9,2025-12-17 11:23:18.454955,0.35275537658903167,-1.1468603199212115,10.975593270085355,-0.08546213854785964,-1.200089802456722,11.027342675486109,0.9966479847936406,-1.140520404445521,10.881515793410768,1.4162027226850462,-1.207713543059383,10.880319505897626,0.7224620776203604,-0.3813811228678213,10.828652405036665,0.7349548090494868,-0.17974245375867606,11.023374115395422,0.38555766501891536,-0.34541870446478334,11.014964709275292,1.031321310087232,-0.3534187806524467,10.955352904120476,0.2930924529950733,0.09501791762289115,11.119490723557314,1.1258401538619864,0.07851646800300781,11.031020477641858,0.7342645619131954,0.06860231402636524,11.017124700286375,0.7254107656420903,0.2923970685374074,11.003958783945352,-0.30039352732116753,-1.5608930378981227,11.099121310881433,0.06116673203891972,-1.694264457700402,10.939588094968643,0.43826712231279347,-1.4815027952025441,10.8771143215281,0.9160611707056695,-1.4813257083787705,10.793797969472767,1.2584737394290264,-1.6689480370746301,10.720772225675708,1.5898848863948871,-1.5420199573540057,10.809353987549235,-0.575285032583283,-1.3008161115343615,11.319932813669974,-0.5377751205144974,-0.903846123968215,11.247623937744784,-0.48130471309917194,-0.5529846847909418,11.322007496155509,-0.3954351087396341,-0.20028693352502377,11.334088092588761,-0.2661592285458085,0.12177758349969867,11.379665025878973,-0.07293790363677664,0.38427977750622333,11.339392752379066,0.16142416178867805,0.587338388463109,11.265331728456319,0.4249542497671726,0.74786575801849,11.197443854906945,0.7499357866045572,0.8041081171057891,11.18525218121253,1.0374686481493456,0.7314294126931877,11.189762630521145,1.255027548162264,0.560992358825392,11.199552757812608,1.4271410049662863,0.35419764322690656,11.081684293556854,1.5812422230827152,0.1023016866162562,11.113400776046204,1.662807939296256,-0.19726668048720525,11.014100925916107,1.7376296441039643,-0.5297062228446318,11.057754728745657,1.7728457733323502,-0.8676411567852337,11.00506598488989,1.7816640201231222,-1.2345626945866393,10.931175967902593,0.7342645619131954,-0.3534187806524467,11.027342675486109
10,2025-12-17 11:23:18.587328,0.2728046905323586,-0.803433757057,7.631209913073753,-0.032627627585503936,-0.8362558985542745,7.631566911070217,0.7339821906060117,-0.8132350509839305,7.687854390218536,1.0272880397425195,-0.8542173387651278,7.689691921212077,0.5433029213134354,-0.2878549237395993,7.697591591717065,0.5399035367281262,-0.1312868885688179,7.737700948431103,0.2953680992683677,-0.2474965844807266,7.704171757712453,0.753403650845683,-0.2535210888988368,7.735529334354452,0.22658670335839967,0.06572300130634609,7.763968434341942,0.8208882727593753,0.055229161517434275,7.781052788842493,0.5410823422015465,0.042208608977069004,7.739650452760462,0.5377927789623389,0.20067985566081806,7.772066958565021,-0.18063867300666195,-1.0594995616360787,7.5478487472601286,0.07035596520990714,-1.1745705894591585,7.553313765621002,0.3370022383240588,-1.039753446618378,7.5861088657814895,0.675622220887994,-1.0495864047376777,7.607701800764716,0.9278558106523854,-1.1983361190924329,7.659564503210413,1.167689257740374,-1.10932098313127,7.77747829920528,-0.36487389505039086,-0.8669422298359659,7.57748550139966,-0.35036361783741143,-0.6163234273174168,7.67963532863384,-0.31477278718234114,-0.37355623624268636,7.760626677016455,-0.25948321947051783,-0.13102514336469917,7.767051707680737,-0.17157197579704347,0.09454867746156174,7.816558058501993,-0.03950208843165008,0.2789998502911183,7.878800447671086,0.12870453765667317,0.4225956362608321,7.887735039828384,0.31896219517938,0.5341107495960998,7.846583774660037,0.5493117715396992,0.575099529886533,7.852775538176204,0.7523374666259293,0.5260764520976459,7.868799750808238,0.9073708065705187,0.40896133160479337,7.904357411370584,1.0447709073075018,0.25968442922267554,7.912449937790394,1.1466315813920662,0.07939233802820767,7.896056956280351,1.2201631666536201,-0.1408140017713759,7.923610096046016,1.2577545343413818,-0.3713609013174102,7.853795640945974,1.2828812781675378,-0.6120302301436339,7.8162657173581,1.2852287621355099,-0.8701849115116599,7.746127825999215,0.5410823422015465,-0.2535210888988368,7.760626677016455
11,2025-12-17 11:23:18.719032,47.23539620811888,-133.01018493377555,1246.2453604668403,-1.0707868305748345,-55.86030694678708,502.94582063971853,114.21082206144025,-123.25181217556728,1159.0850704178315,151.896855982405,-122.9111256315392,1105.7308404764303,-15.146780603852028,7.957598672054251,-209.19621245801048,-14.800987592440055,3.48363520401425,-205.56782996000837,-20.728704899200473,17.088329388378018,-519.2173975502894,-52.75058596376504,17.051033803215002,-528.0042834525343,-52.73362463019727,-14.65358308974226,-1723.2500490465836,-53.42289067152405,-4.197122664819465,-492.592354935995,-20.221482802669374,-1.5738645745585962,-281.0281347605768,-19.23006793137285,-7.203430010208112,-269.90550915968413,-7.217047679576781,-46.15864072518451,324.7606479065107,-18.591142280809468,258.69097196347894,-1647.6692030780537,-28.251655535759095,83.79871777482992,-604.7775577848538,-31.92686862236466,48.565828215760405,-349.6769403779375,-79.24610857099911,99.31158131352673,-634.6273560165107,155.99649710631078,-142.1390931110259,1006.337552552561,-5.5712890032097455,-14.241243855512385,121.70134743531848,-5.948672925042606,-11.184025577593435,136.8104187003872,-5.023171228265243,-6.384922992888006,130.62421532080182,-3.775997106513893,-2.1064081010103957,119.09040282194812,-2.9254555525052233,1.7250110428412522,142.09227102019355,-0.5864481027266564,6.2593445363984275,170.0991202036838,3.968783538309803,12.295896383671504,220.7933152908539,15.259049077016979,25.597449978139956,363.91990982185973,73.91755659793296,78.71564315039173,1031.8519848620938,34.49316844231646,24.785546603953136,351.4304621080403,26.161636842826272,12.343458545878452,220.4841721884769,22.719807184799283,6.154599750066814,166.16058175679208,26.129343834525187,2.3716328302337017,173.58089116290412,28.359800435060485,-2.5217450033287276,177.58785950794447,24.423375131168637,-6.638230558038434,147.37004376017538,26.82734478586014,-12.104831555412913,157.77550464782655,35.86641733763291,-23.37978628226395,209.5217934140529,-2.9254555525052233,-1.5738645745585962,147.37004376017538
12,2025-12-17 11:23:18.853454,0.9608922982870566,-2.511712265973636,23.67934720067092,0.016148975840942163,-2.5268516974333606,23.050934051994062,2.365339125415041,-2.469818193273441,23.398955993234033,3.263789211402449,-2.5802021821121195,23.32531846755874,1.8112225310651175,-0.9737558065371799,24.208310078059267,1.8155786840632238,-0.46817588478988764,24.346305475324378,1.0214445515594146,-0.7958208345830627,23.78475796899821,2.4266653779960623,-0.7848339354172578,23.669637983827407,0.7841995461906348,0.20000050088596968,23.472176914467187,2.649939439450671,0.18568383620605466,23.806716103874802,1.807799430090566,0.09886876961023328,24.23031669361978,1.783064591442544,0.6076019198317247,24.1121640585722,-0.4279852890383228,-3.1470944677318102,22.518762853021354,0.32761107527393096,-3.688876123152577,23.51368922811875,1.1841148544324438,-3.3473401416519515,24.014459291194687,2.2581637856971692,-3.3753543627950835,24.029346420261827,3.02533261315311,-3.7371282275069904,23.7373156943651,3.6113299886907315,-3.227195971631133,22.95404572984725,-0.8980678068260349,-2.4008714623221366,21.496275021024744,-0.8547316345101856,-1.664813238401387,21.551061838907998,-0.7435370061783557,-0.9491385904946208,21.282125055899723,-0.5897823981753324,-0.28234286407818826,21.384798932640138,-0.3664563587526042,0.33499818142376603,21.354809784427413,-0.005671473468752742,0.8550384291570611,21.615299080629146,0.46725685961913555,1.2821818306704258,22.211361466431324,1.0147769754748515,1.6263243620242596,22.67007295844786,1.7222270920679967,1.7874817312369562,23.19708285936788,2.3296860513385376,1.66606704703624,23.14770982917377,2.7916691537019607,1.3373915424514562,22.949154043339345,3.206610728485958,0.9189330224555415,22.970544088419324,3.5004860040556207,0.38161969632017395,22.796606823061474,3.67819599759623,-0.24823035807408256,22.63167382334965,3.7607612398759507,-0.9213743682707698,22.348882796688304,3.8353151689822065,-1.6294208930389076,22.242113809850355,3.884712265822682,-2.4263035923784853,22.333589301089667,1.807799430090566,-0.7958208345830627,23.050934051994062
13,2025-12-17 11:23:18.983786,3.355942132616769,-8.102292424682284,75.90974210233124,0.4615491567341266,-10.248231091526677,91.65797005797266,7.481924859432366,-7.507821359908123,71.06328245468387,12.146726235344715,-9.343631881939404,84.64774889716004,5.204112145858027,-2.6479999171853765,66.98146959780703,6.669294577625213,-1.5962802801390708,86.77764153392107,3.9992716554794887,-2.921955294174109,86.94993889949323,9.8792999617948,-3.0907454429488537,93.53536206640972,4.7322714749462875,1.0116617337520688,130.15523136951177,13.702184079473586,1.0071877234001743,119.56895967254283,7.922767964957589,0.5036525180942052,103.11245896436635,8.149834271470652,2.7781263736508266,106.97591436672629,-1.2017553375821786,-12.50079812926664,87.49654077405233,1.301740333820365,-10.996579865391118,69.68718914739908,3.787903363013631,-9.904451584793534,71.06387890932035,6.426453482002844,-9.199064062764409,65.86593591067101,9.598906352623075,-11.424892694500068,72.90599103918626,15.230055411789586,-13.230305907364544,94.12419363653427,-6.881809061244877,-22.694354437702106,193.95902903704743,-10.768612763328552,-25.96714979063942,314.8536854238354,-19.29375269691279,-32.635989193455906,648.2453896086049,-14.76006808586853,-11.837936368602735,645.2361638034982,11.69830949563789,-9.742363126200013,-911.5416409686935,-1.6516121209949517,-16.389683988429976,-463.41937810172624,-39.921361281763524,-90.50143476055156,-1645.544122270734,-135.85022252264062,-199.7272690070827,-2840.0184562085656,57.48017904761408,57.593091993560925,747.6883633087768,227.75852648252405,158.7426537926443,2203.423151481528,166.49870115239577,77.64952994498768,1332.8984283920347,200.87315392647693,56.02573850557596,1402.114945638658,71.58960280106048,7.506731088055035,453.6368269125177,44.46112606168943,-3.0076189947212004,265.64012970321437,29.267711412562445,-7.117665120374806,169.08798806710084,30.111699633226863,-12.68032683188888,169.82080419747695,25.538270955323043,-15.62113741568594,142.78490442944684,7.481924859432366,-9.199064062764409,94.12419363653427
14,2025-12-17 11:23:19.118868,-6.480810982664821,14.773003386982792,-137.4050490932955,-1.251290261833808,16.413511374251613,-146.88598636273954,-12.3758441827758,12.253618158639568,-115.22426697692498,-14.614368404832655,11.043592847869093,-100.4985365263375,-7.700747476189124,4.015711643856578,-96.7909958168976,-8.238290899485555,1.9985293852610129,-104.16793088567567,-5.246844975467567,3.7262378592699705,-108.6166598345388,-10.623589192003978,3.259698165597823,-98.55693829775663,-4.413514864420946,-0.9956996149181013,-113.6175731476915,-11.62222051972144,-0.9318735790036465,-99.38981675919963,-7.374525382354268,-0.4399354719546775,-93.15139960252172,-7.866168565642437,-2.599042260467104,-100.35496752315775,1.6030339551911787,22.85587689069063,-160.01427538310645,-2.8079804218626045,20.031270546728862,-126.37337773542129,-6.011612595236337,14.862478458270646,-106.05036964715427,-10.618025048018156,14.937894642302245,-106.38671749511418,-12.60505587157206,14.703139051485588,-93.82528554778581,-15.826143541518876,13.421143243229578,-96.45766408866623,9.052167082867967,33.151551990644556,-288.7405793031821,9.636508329730644,25.222649595249763,-316.4973689196219,7.491177763054005,13.38590725111254,-286.0166014043753,6.075324429109252,4.428419474974264,-303.78071491000577,2.283424499421084,-3.627023239518762,-230.25887247884097,-1.2872477306457015,-8.308104523967325,-201.64290073842685,-4.707998699245945,-10.506723595534266,-174.60024295380137,-5.923446939458891,-8.818794104698787,-116.98994898865092,-8.815649971307751,-9.029309627302537,-111.13412340270256,-11.140902933734896,-8.096237266366364,-105.19440050513259,-16.044514144109538,-7.987884108601114,-126.04346219588636,-17.4518853347062,-5.4024968537330125,-119.5185855144112,-19.850341515181476,-2.591225069028782,-123.57755240812881,-20.23690767995974,0.8940091857632115,-119.02339719396053,-21.85602892807459,4.882775688686399,-124.64094413319724,-21.814897583328044,8.673870518898681,-121.27215976710214,-22.708714707350605,13.357825498428078,-125.0948764410738,-7.866168565642437,4.015711643856578,-119.02339719396053
15,2025-12-17 11:23:19.250536,2.859790874159631,-5.972364861164793,56.01950419268186,0.7041470659768094,-6.063389287671777,54.578264127397226,6.071363221587656,-5.778844225424115,54.67780537758318,7.6559628055469275,-5.6434192014828675,51.376148323657034,4.739338917264932,-2.4346719516915423,58.40281532029608,4.358338806231169,-1.0246052326377486,53.85616048904408,2.683989784028401,-1.8242015151959385,52.93060923117549,5.921651016294759,-1.7803567786172896,53.89654005679722,2.0601183418521716,0.46869693479315716,50.821114335900646,5.935444656992158,0.4940613694662654,49.983652111526,4.369885882896691,0.22200162514439079,54.23509760748429,3.9848553646015863,1.3005845812857062,50.01197745604369,-0.27267362690794794,-7.591058068353469,53.4333125402902,1.6286780378830374,-9.816218482182379,61.952526001255514,3.6344547987565035,-8.519123730879507,60.50676767531682,6.5673602798634905,-8.905074976395442,63.35075324751957,8.288115024071242,-9.44758283424564,59.9728566719913,8.917877946770307,-7.403509619917908,53.20266025192399,-1.2883139920756508,-5.809979152492629,51.618608682136305,-1.2722951308956605,-4.078200193891014,52.716132863992,-1.05693570539889,-2.28070590909791,51.252385191860895,-0.7389054593005094,-0.6086302254833975,50.725688404739664,-0.2636387305812335,0.8711378891951075,48.999705880260315,0.517362363786963,2.209232604768681,51.067232540808085,1.5148975121387176,3.1645657352305467,50.78198876917403,2.4203177771849487,3.556276009824684,46.64244893685822,3.7447519821340096,3.83085964174931,46.57560242711711,4.669818389692951,3.4007550289547783,43.62702335715626,5.783291085367996,2.9375097496966633,44.74087679747412,6.2647298721051845,1.9948165307306638,42.201408271435575,6.848127292174185,0.9732720046943693,41.90159280145395,7.488577124470484,-0.23427070148466586,43.266254339237825,8.031909617233824,-1.6610436312510384,44.829059383274306,8.533756556151227,-3.227053538700281,46.39928288472295,9.570961884941587,-5.398447294542172,51.35144902685273,4.358338806231169,-1.7803567786172896,51.35144902685273
16,2025-12-17 11:23:19.376039,-0.02910868557984364,0.058544928801923274,-0.5492276768468315,-0.00869634779770656,0.062064901906747925,-0.5577027417114575,-0.06024311643383949,0.05662454540059402,-0.5354398191200755,-0.07892228805734858,0.05746729365809632,-0.5255717981868444,-0.046018019576079955,0.02398486547424807,-0.5562631469283664,-0.04633505928009345,0.011161437861139236,-0.5610730292671103,-0.030118637755893237,0.019885237211349514,-0.5652410831694641,-0.06148867350111941,0.01845968879521669,-0.5507518319829691,-0.025047682374075165,-0.004960816826185673,-0.5765964338210535,-0.06722222549696048,-0.005122075263390939,-0.5574200931092648,-0.04679503220165128,-0.0015616080804745833,-0.5661449147084618,-0.04675901525551005,-0.014413777276150062,-0.571148855065384,0.0012187962931760432,0.07858600557086803,-0.5552234657840148,-0.015337729811577243,0.08661005736261876,-0.5445301565149375,-0.033370921901788066,0.07648866915465725,-0.5405342890084885,-0.055649015730465094,0.0754412926789392,-0.5307270347544305,-0.07237349847522849,0.0822055726000456,-0.5193303019908989,-0.0867282095690662,0.07146378681240724,-0.5153715489448616,0.012130673418367061,0.06334241813350763,-0.5660303728192646,0.011723997338761678,0.04418882332215921,-0.5733429118288684,0.009896573264913174,0.02582286212353368,-0.5795213210723351,0.006266047853421741,0.007384670883625887,-0.5851385496441711,0.0007835762820465144,-0.010209397874144708,-0.5898295703312805,-0.008014911486073866,-0.02481087539819109,-0.5913797805233102,-0.019328783204637986,-0.035943387834251286,-0.5909248464270576,-0.032218923233290925,-0.044365008846652676,-0.5885670856377728,-0.04819814900951813,-0.04742348201644277,-0.5828324301464449,-0.06281503405550982,-0.044748562742755855,-0.5746811500443184,-0.07408783937639077,-0.03708298988037287,-0.5660203592359243,-0.08374995964702701,-0.02672731376493922,-0.55697335887136,-0.09048736023150586,-0.013509812721314882,-0.5485318837805774,-0.09439198401298281,0.002037340906158402,-0.5401459419714559,-0.09608366999803693,0.01889864047738186,-0.5321303536269367,-0.09722479835825187,0.035690335285463434,-0.5248739499896975,-0.0969139611295531,0.053902640902832845,-0.5172976890481547,-0.04675901525551005,0.01889864047738186,-0.5574200931092648
17,2025-12-17 11:23:19.504450,0.22552451395490225,-0.4154684287879825,3.889568695166514,0.07859991728234719,-0.4393388362987014,3.9286650580117364,0.4513964079528051,-0.4090307749839362,3.8680468818861544,0.6027463098593239,-0.4274257683022153,3.888747099874489,0.3142675685827131,-0.15792392366793265,3.6587256794357166,0.3226003035989088,-0.0771343294486735,3.745588237027175,0.2158111125144789,-0.1366380863187101,3.8165667369379195,0.44225987548498125,-0.12898182594600477,3.812710538921419,0.18640200820714872,0.024565767063246886,3.869630443603532,0.47992220989010725,0.030069955603708724,3.860257090228456,0.3224063218244621,0.007384988474714858,3.744009581590698,0.32262376435620543,0.08981300649065858,3.7739777599225053,0.01275944573507846,-0.5630865685827641,3.9609125853057563,0.12832802907724614,-0.6083809396283794,3.835072751760037,0.24866452658235366,-0.5343794600048061,3.7936520752337026,0.41043803348929964,-0.5338000837233591,3.7773319966689143,0.5447737057305564,-0.6000935405053425,3.810734343393994,0.6774803900790027,-0.5431896219916236,3.899253803592017,-0.06416338589643067,-0.470375419202634,4.151418654521476,-0.05989205120453075,-0.3272382014937514,4.154306186345986,-0.04506955928208577,-0.19531676427342096,4.121152868824547,-0.01844335960246342,-0.06625550022716593,4.104175238957114,0.020166964780701183,0.055630885220300894,4.092276834397053,0.08232661814929478,0.15251648555501932,4.064998724964429,0.15556570336601946,0.2274509218847627,4.02860503442852,0.2359102859539108,0.2814886164609,3.957747305193212,0.3430515356455017,0.30468157651341693,3.919283974876154,0.45156028768442835,0.29325914986418467,3.9520760511838797,0.5461506258770387,0.24948879625459527,4.0304263253060775,0.6277015459367473,0.1807425055218447,4.065181319792192,0.6897116868497237,0.08870062983319234,4.077173081434206,0.7320414426830764,-0.025003910153957296,4.080388242659631,0.756415214657962,-0.15383224965608264,4.06828977969585,0.7761164215308837,-0.28362295805014914,4.077375982549054,0.7849738200231807,-0.42799549426476036,4.067351953124468,0.3226003035989088,-0.1366380863187101,3.9286650580117364
18,2025-12-17 11:23:19.638979,4.889743955666474,-8.366596282857031,76.17651749679365,1.5468604489847817,-6.765509566937363,58.21541907255706,23.17308111710573,-20.60643883803742,189.49863871668342,-350.32014317355413,252.14157676726293,-2189.293568306357,15.107386894142943,-5.524681499304822,163.55043525113993,21.7788211866424,-4.325073402741761,234.89357157533289,7.029637905694287,-4.03897765977984,110.58642304491843,-8520.730581225484,2529.9165184567046,-70223.46042603874,5.535740831626377,-0.01863301352845314,99.67654721435281,3585.523822932906,-6.355879832018224,27841.9589138911,24.490116482724524,0.7026396537486511,265.2985248462283,23.86178212321392,5.4244649770685,259.580419751511,0.4303792901340384,-6.977154376626985,47.08036293433526,2.4638434108541527,-9.629031454869507,61.27784652910012,7.7607863390946745,-14.832172149138836,108.10577831936511,20.34336475167028,-24.347122568612356,176.86159956796766,-426.86214727280225,451.5831744414607,-2878.710289631707,-51.83305645828913,42.18887250905743,-290.2012849912049,-0.38291758679305116,-4.970593872804412,38.14639051795658,-0.3566839233103511,-4.056902502401329,42.11098125772583,-0.1870343409708863,-2.9441027441022376,45.93064036265623,0.1457638523154372,-1.7265105366185756,51.374613354495764,0.7064955765735107,-0.28755589225262745,54.81909954529083,2.1638534175258655,1.3729799100848779,76.8024398570473,5.0024323883574855,3.9879575844608617,108.22622585130107,16.583201929572,13.388370368130987,249.46643674554423,809.7032448258117,529.9858931253714,8694.457742151351,-36.239343963235626,-16.91034872425767,-306.16583044070234,-20.275892786307644,-5.755588273727993,-146.68435971436347,-17.25717536221517,-2.326338636153033,-110.89657521610152,-21.80843931830804,0.12881562920855638,-128.12059280053163,-27.79104907139579,4.227390077833248,-153.8805713573563,-27.010243080417748,8.190663762051726,-143.80341435952394,-34.28012252126824,15.652332330583993,-177.5696885794633,-55.64482052654506,34.71448709841787,-283.4634177254204,0.7064955765735107,-1.7265105366185756,54.81909954529083
19,2025-12-17 11:23:19.770707,0.5652543514884971,-0.9329647130747352,8.282446792853067,0.26372871978765833,-0.9980083246941732,8.32451414151626,1.030183768329845,-0.8999834477822743,8.21075376260266,1.3347741634945858,-0.9358649748834629,8.181741307955189,0.7746652712582561,-0.28530063729318433,8.10659454259657,0.7962987230885659,-0.15893830949450394,8.282002309439877,0.5690298332183071,-0.32636437793950296,8.416131942154593,1.035236376409054,-0.29402347556992475,8.32701009910453,0.5127715886561359,-0.02758845859785423,8.61679147179151,1.1268443624513744,0.00423331055437922,8.520283816783367,0.7961910039807721,0.01596457592228328,8.349958705473853,0.8016608968801767,0.16905787857690194,8.410443244903528,0.12069248102158046,-1.2763974636046937,8.367312344128964,0.3577678181987097,-1.2970107102483996,8.092452558705242,0.6043199100172004,-1.1137702141485366,8.027069748287998,0.946808271596837,-1.1108726098120014,8.0246530106375,1.197345601584921,-1.2373680925442572,7.9232522014793325,1.4698158597067144,-1.1652349348580733,8.10111752139294,-0.031551245232378886,-1.1861868961039779,8.707724594649115,-0.018352957608376706,-0.9029255942549951,8.832481844891163,0.019174603339653835,-0.6221033832384786,8.885231071104391,0.07714225274174766,-0.3536919900111954,8.97748435055183,0.1654966963125916,-0.10150647306137324,9.07881096491036,0.29895638351278503,0.12431942201022776,9.132306850914627,0.4627723497306735,0.31056066705034213,9.126051221393682,0.6314596786602051,0.4737490741788949,8.95324350714597,0.8528779630156443,0.5459567582195634,8.823882967143437,1.077235874869876,0.509340075412046,8.85925293625853,1.2677591464445943,0.3838479276627884,8.939813674239847,1.4158492299581653,0.22555520742351148,8.901682370561922,1.5460832148199233,0.02333728661203914,8.902118011686218,1.6350883131099943,-0.2182126467363273,8.882809779814478,1.6650937602149078,-0.4708812607575053,8.715939391692423,1.7032738159950036,-0.7465967183519728,8.677779435587713,1.6982713494570618,-1.0313683391028032,8.521405242214684,0.7962987230885659,-0.32636437793950296,8.521405242214684
20,2025-12-17 11:23:19.896543,4.600160674756012,-6.960249307767182,62.57232535556316,2.1328509534839215,-6.797032126578428,57.78599277208872,7.375093104015965,-6.220128753160069,56.77473238927132,9.851848310612766,-6.744745482526285,58.92343608254473,6.3022218337608,-2.3428257927941427,61.16413361121584,5.969651871604685,-1.154440264778078,58.19457200468186,4.115080550549385,-2.095164722582077,55.93628026053671,7.330154678638173,-1.9878207377451191,56.36165203207241,3.2879732051491355,0.02546979578041139,50.77556856801217,7.016538221345363,0.1397337665687284,50.8777032493303,5.602543158944106,0.10174581991193958,54.854510561776536,5.179175459600686,1.0600559108395824,50.77482584765959,1.1749895690528334,-9.01754549442343,60.576026246211946,3.069702372573187,-9.889453705178541,61.700851021550946,4.82548922195989,-8.34953634938199,59.526442621018425,7.590999079930312,-8.636761954926145,61.70346426167815,9.331009184493125,-9.508560929205204,59.99141157904813,11.276171518524677,-8.787413413189745,61.034761805124255,-0.0046195294929335835,-6.77864955363874,52.665858517824255,0.0810216896720093,-5.023201654844123,53.31772013898675,0.3004566490798271,-3.204909657407327,51.63612427824976,0.6526084380670354,-1.650173031037566,53.675533721023115,1.1123811582142862,-0.09043987967717158,51.857593129391006,1.8735791767246275,1.2290382581961583,51.71073526673697,2.8310557370860976,2.291164397079499,51.811432384335276,3.812520581056848,3.0748768555162536,50.47063578085026,5.009703628463735,3.34275459164529,48.82050396442355,5.92704345213613,2.9909656353904674,46.60863504973701,6.973504886123551,2.386575956208766,47.48853067089911,7.587196029391095,1.4848069368095267,46.39506192727027,8.510835181614326,0.44294584921668767,47.94361969874333,9.327068204333067,-0.8956386087264675,49.832951169335,10.079664234025353,-2.543141194397952,51.96164835418942,10.49602279589365,-4.282924040101794,52.93163034359038,11.304156385629048,-6.565171473719304,56.33310776473045,5.602543158944106,-2.095164722582077,53.31772013898675
21,2025-12-17 11:23:20.025315,4.60214179967118,-6.536544033618482,58.32134633585555,2.685782823788106,-7.349155210356187,62.40981576172094,22.49368592945072,-18.140150660109967,166.56497976140102,25.403753191200412,-16.843010563076554,148.02998930978686,10.939499344776094,-4.016341634139788,101.34606337234409,8.987783774086235,-1.7325604015174856,83.92335784235921,6.569072691059294,-3.1652811910008847,83.13826041191412,18.284263678818053,-4.802837796077185,135.8692347484171,6.864372494940606,0.049436198950155344,97.64624861174525,22.40014141984264,0.5376498961704195,157.36179354277877,9.759141082934523,0.11220883422774945,91.19761969288108,10.449811683729145,2.0429368135921058,97.69182558308854,1.1156728474480255,-6.394723582300137,42.77736672663908,2.3818594900125016,-6.847896243992969,42.5363390142678,5.409484410896819,-8.752981935952828,62.37153259108593,10.349000781224273,-11.310637946285848,80.75549548539418,17.211040791938093,-16.907031865669992,107.12434391666287,17.561149772160707,-13.29808697857717,92.72575008716083,0.33614636412059895,-6.031238590712273,47.092442319407596,0.3876487768012213,-4.332329193677601,45.97345885587998,0.5631086680885803,-2.7858109655765686,44.86314795759839,0.8357169441051674,-1.4284345011671704,45.418517826921374,1.4021883053766335,-0.12011868214586784,50.58204368258426,2.622828418012976,1.4393218121710831,62.44935504404505,4.579581851595415,3.3177903170757452,76.39453589611261,6.217483294658002,4.649130114866347,77.2007142191153,12.096951198663064,7.730858397321527,113.06925467218781,25.158219211182526,12.364060666657057,190.7769559824836,27.786287036861413,9.389072740074884,183.9571010863684,39.011139491844226,7.748758396942058,231.93520187773856,42.29261677970903,2.5050913498659457,232.6512768181778,75.46129438861584,-6.498621590575322,393.91949252239345,96.49592521718922,-23.07047469468022,486.99259470912335,74.68921435152514,-29.165901944216813,367.93493432572717,34.93252652326853,-19.609336587957547,170.1092364448033,10.349000781224273,-4.016341634139788,92.72575008716083
22,2025-12-17 11:23:20.153775,0.47085380992460385,-0.6262092678966331,5.6218620693728285,0.2702423070457394,-0.6685079528399489,5.710672515603527,0.7831998470890588,-0.6168972211584332,5.585307578978617,0.9821798498842546,-0.6417810272735162,5.558605771330946,0.6186792260793214,-0.21622404879584353,5.453008146493544,0.62442164544634,-0.10970521502575974,5.51999204921534,0.4750204004757059,-0.20978797299844454,5.623715366153411,0.7815106506135833,-0.20099874910778856,5.5695063701029754,0.4337120540135132,0.007343560694572869,5.725543941785397,0.8386742512799241,0.015106862747752603,5.6607058209959344,0.6278917384060353,0.010935807549025048,5.567471796708121,0.6256105950873212,0.1202263594048897,5.566649661950757,0.16769643554376493,-0.8456357953381406,5.708268178222244,0.3297176471220265,-0.8897535199728848,5.55120421174436,0.5012140074898026,-0.7701604400961845,5.4872368223380406,0.7274625332669072,-0.7694384996325658,5.461002555971974,0.9060412559515967,-0.8696528208471218,5.454510260720455,1.0786114067836277,-0.8023996159898292,5.532243578095776,0.05846431581113222,-0.7540601814444723,5.956343125106701,0.06823938770877454,-0.5484289238458531,5.9630566354124,0.09512971398181157,-0.3531199611469299,5.979571320088921,0.13225417676109902,-0.16632676054672627,5.985795866080072,0.18985124358768068,0.007325883162030584,5.979747691378387,0.27788960602329177,0.1544524814235977,5.9612994753374915,0.3876317984448938,0.26953478536728986,5.907915402716449,0.501399366230689,0.36269383306174435,5.809029032188258,0.650468471571395,0.3984402523214558,5.764632726929324,0.7969638991077205,0.3705062809297226,5.781334605434816,0.910787576668352,0.29180913430314487,5.803090722809866,1.0166423080128228,0.1865293930591642,5.828069079328144,1.0952719570509915,0.05427612752278482,5.823556573569594,1.1448972181405261,-0.1083155690559024,5.796482977746609,1.1786671199311518,-0.2871285430149888,5.780850615613518,1.1959857003884213,-0.4679491376825824,5.73412370528379,1.202726419499009,-0.6700919435961632,5.701081743723603,0.6256105950873212,-0.20978797299844454,5.710672515603527
23,2025-12-17 11:23:20.287774,0.2565592857950537,-0.3182561740384661,2.8933863348948643,0.1498322461627118,-0.33061284554216513,2.907352418513569,0.42033168519281483,-0.31613584219886826,2.8970822249601804,0.5280845237410524,-0.3307900484157647,2.9060378008049175,0.3356224467270215,-0.12574871075331637,2.810376302615166,0.336915292423039,-0.06526189313356445,2.833718604962175,0.2545576231782497,-0.10810383928748835,2.8617193389255418,0.41926618071856975,-0.10595028248206159,2.8713400990654945,0.22980210164684162,0.011270435064992743,2.874157317896698,0.4455529493608011,0.013946537797284029,2.894680924232718,0.33685534485265756,0.0012227073216906723,2.845983192453793,0.33466802039136967,0.0576699428996535,2.8327769271495074,0.09991244026729455,-0.41921360121677254,2.9160298336735377,0.18764372554760547,-0.45798803675268734,2.8755200373860457,0.2782350424559161,-0.40653784647772495,2.8655073470356527,0.3975899085165357,-0.4083180819806188,2.86811419711907,0.49275889637721054,-0.45950499843532006,2.879786615526611,0.5799418869246806,-0.41564112441641166,2.912024446006895,0.041246369334873884,-0.3458516400280032,2.97841972390373,0.04498805900389541,-0.24488319460759467,2.972667651851845,0.056079081155125554,-0.14795596822195103,2.972537676795604,0.07427315426954999,-0.05409652974854719,2.9628552255076457,0.10220121423231032,0.032247868457136265,2.95614683249782,0.14651330125768489,0.10526015597386176,2.9505526431731406,0.2017559102076396,0.15890412519049496,2.9270618794247283,0.2629932597848445,0.2003342894230569,2.901908807201294,0.3409523463659204,0.21674904885575386,2.888393098250835,0.41741221106522863,0.20610101771592532,2.9104214852153576,0.48020887310185445,0.17006735593622133,2.9419441104364012,0.5336912665203642,0.1185082871469416,2.96074982572536,0.5785181926975733,0.05149526572597886,2.9780072341475448,0.6059837021007621,-0.03380164318303052,2.9798754912628427,0.624842784597592,-0.12636219358971712,2.9828354825437544,0.6374265476332212,-0.22412163459023635,2.986327306361687,0.6398991509498945,-0.3299660648533352,2.977980158650123,0.33685534485265756,-0.10810383928748835,2.907352418513569
24,2025-12-17 11:23:20.461632,1.9798880114901947,-2.2679897728155183,20.480637262252316,1.2222232482164321,-2.3750054391912574,20.431964296507932,3.1122844589807426,-2.230377862606182,20.271255575083853,3.813401374338698,-2.2860069847078184,19.867161790175626,2.8776121643746593,-0.9156267355263396,23.579679633084748,2.868701821314982,-0.5022436285749672,23.492755138453923,2.159241252764831,-0.8915003630482964,22.919686953114223,3.364762076474556,-0.836578768868288,22.253012734175844,2.0046856792823036,-0.040114831101788,23.23976668848267,3.552949477356941,-0.01399610488031919,22.402170690999107,2.9172149010314596,-0.021942461431331207,23.902822867980227,2.8941262352656056,0.4456503905007969,23.828493771875404,0.8545308680916014,-2.862749636917921,19.507189196370707,1.4369048233494661,-3.0811149049454385,19.568038804616325,2.113056467497922,-2.818954120431458,20.273838261691502,2.976956546922718,-2.8381596325870597,20.34362040520891,3.5020237847657554,-3.0674253599648855,19.41255641460477,3.9503331060862115,-2.707390267533211,18.69370816756779,0.4998371229318538,-2.3066767071916154,18.316599989035815,0.5495135191784598,-1.7948035290626485,19.375106071612368,0.6501919599794146,-1.2568698974934194,20.250373560292044,0.7801403791600743,-0.6389972543573816,20.32879103588919,1.011141264539899,-0.08062677789568581,21.266009107844027,1.3268060861680417,0.4198213982764275,21.50626507115919,1.7348919364230888,0.8422962229067403,22.064128370823248,2.202082289047366,1.2240393827331237,22.509664005040364,2.8364852428657232,1.4204719252987699,23.019510207820222,3.369459212375428,1.285406627706331,22.673686595861458,3.619862801238786,0.9212811107318354,21.37602873868052,3.847613989612399,0.5230405838515941,20.567115606798712,4.014342999877185,0.07076144911070964,19.84108349154905,4.150896652870774,-0.4513670868229906,19.484185030633405,4.1657437676359015,-0.9963882140705939,18.87467359893704,4.1821385003404306,-1.5656518894116622,18.49102999707055,4.178355647299953,-2.1763372236223852,18.202669704647885,2.8776121643746593,-0.8915003630482964,20.431964296507932
25,2025-12-17 11:23:20.598127,0.8213951424171462,-0.8800319009030905,7.9518441803458195,0.5464545859657078,-0.9438663333051979,8.114206461495154,1.23034552419251,-0.851981174753126,7.759124163391214,1.486931190519446,-0.8774242670732492,7.614299426075025,0.9902793082837621,-0.2809158190900775,7.648871008495272,0.9890305565098781,-0.15304490605459184,7.647006271220903,0.8005544433020488,-0.29955571483283344,7.848488047897389,1.2076410342064878,-0.28373006423614544,7.689153170551538,0.7429790499338871,-0.011446725257043391,7.885812995796785,1.2463107317081963,-0.0012215751936627823,7.618131683040964,0.9953028134100513,0.002698931860873824,7.7011143889751175,0.9847417697948045,0.14828902472901084,7.660972546384014,0.427182012364883,-1.219629197085308,8.269366522884003,0.6472620942461875,-1.2651147226089265,8.036421598098418,0.8796623511135512,-1.0972016445969082,7.938248826213963,1.1706521784333979,-1.0677023579279632,7.725924377381352,1.4055632789166284,-1.2021658567659348,7.658569275021697,1.6163230914358486,-1.1023090537752622,7.579175663277018,0.2937601699062913,-1.1037575623347913,8.525498646873354,0.3008320626970042,-0.8074493477494117,8.436618956639396,0.3344288637042555,-0.5482515334153155,8.416842344503687,0.37818726424876575,-0.292267950121745,8.316328934504766,0.4481299770222976,-0.05862937607124901,8.22777704307809,0.5570798409717198,0.1339752034786521,8.16568927920789,0.6884082310592557,0.2862131146497829,8.044881448286649,0.8242118204598923,0.4142773654320657,7.903165223585125,1.0032959656541005,0.46827661173282337,7.748140837384731,1.1855659399267906,0.42585286084514756,7.692332669787267,1.3213638425232617,0.31154867615740034,7.633011523743349,1.4493638833306173,0.17260430377045283,7.624678375954016,1.54822573485458,0.0036472349408735684,7.585801862634594,1.6306451942859272,-0.19854382362365197,7.5988439220123905,1.6851414160583356,-0.4247262640247286,7.607174483845414,1.7158487313095938,-0.6594003785299813,7.575667262769516,1.7558710890765759,-0.928307274636438,7.6311249854247505,0.9902793082837621,-0.292267950121745,7.725924377381352
26,2025-12-17 11:23:20.725883,2.6248313407020123,-2.729034039544546,24.64295806575391,1.757808915517427,-2.9563740518677455,25.534768844110076,4.0376411556460905,-2.721929886111801,24.578267303253376,5.053582202272601,-2.933333038635312,25.008214457036985,3.1005465041633777,-0.8801632735449567,22.564659956294747,3.180759034765955,-0.5128178416259624,23.18601639911881,2.5931402335947955,-0.9418387247624529,24.16499482460464,3.9266491231989837,-0.917662475705276,23.87680932191016,2.388114199734884,-0.023240599244049864,24.094130825751186,4.179528574435082,-0.041350261001301895,24.26890420772349,3.2137079581860255,-0.023934080915595807,23.507037589986613,3.2107234586810454,0.4263211881150778,23.54528615688189,1.3022153870712818,-3.742663657163665,25.64188700686983,2.065942187497016,-3.9431917644371057,25.05562465800343,2.752031385466044,-3.3281454408675315,24.039978777622046,3.8392716837687106,-3.407495990452208,24.377730154531537,4.670436119393786,-3.896140448374329,24.56649363253189,5.56392342526676,-3.7168466807616207,25.27177620685173,0.8288505815964503,-3.3799286531057247,26.84027992316633,0.8787063342055945,-2.497075400557632,26.946851443028198,1.0169778294245784,-1.7012995792000023,27.41208765005502,1.1803065805620792,-0.8626396594259439,26.8557191921003,1.4276015441028562,-0.11991021917737749,26.459799958908413,1.815425441323081,0.5068445662313679,26.219711237819784,2.2146186098598197,0.9623853399206967,25.074434816191896,2.7153432298852973,1.3505954146167738,24.819471029243864,3.279765279639865,1.4668344309103674,23.977144979986974,3.9677792300287877,1.357056582313975,24.463678666332104,4.58265456530576,1.0114544702618233,25.192889540814964,5.073374020868851,0.5552124400645722,25.500617891242626,5.477447204297681,-0.025961138700081286,25.72986294364442,5.679635433898228,-0.7046001042729301,25.509076088432483,5.95844565881527,-1.4922316715919588,26.00237791800827,6.163746767640757,-2.336583993063387,26.337314013267516,6.173092526313842,-3.2015489057463706,26.127973930435537,3.2107234586810454,-0.917662475705276,25.05562465800343
27,2025-12-17 11:23:20.854738,0.8479239617292919,-0.8339243820068731,7.575751272252369,0.566163851594554,-0.8709220432183251,7.615935143825556,1.2844790126258916,-0.828113562420895,7.515915577538058,1.569214975238139,-0.8695262929373462,7.488710129298326,1.0649617213735587,-0.3001041734123353,7.459894992654946,1.0739975218471047,-0.16711093587322967,7.539240397112173,0.8556206813850578,-0.2901379112240453,7.587803893921217,1.2908187103522537,-0.28647566928062845,7.5581500790216145,0.7988742576078554,0.0034067448415847374,7.677961263758512,1.367237123878347,0.002302768215310037,7.647630741825521,1.0814879244775069,-0.0017107332262339446,7.594120827869485,1.080464629797507,0.1501365009917245,7.61534459975441,0.42891123490935606,-1.1057816567013288,7.654904315485224,0.6633326172402777,-1.183127346118861,7.551741813900489,0.9014769484619861,-1.0427327319592814,7.495960747876802,1.2225197254056115,-1.043432847206037,7.454958146361229,1.4619969579149021,-1.1736387143580258,7.39286297166569,1.6903477578230448,-1.0795432590236032,7.403110348675564,0.2857958994574458,-0.9621986834744476,7.828407186055485,0.29866581415139337,-0.6997543241884695,7.869031590956136,0.334422018356394,-0.45557335268286475,7.869820968009298,0.3874077908983886,-0.22014379448265128,7.901597356043082,0.46603765200998515,-0.0019200834298840734,7.900634546024039,0.5901910712643731,0.18746383746087242,7.9048032719469,0.7358782860493638,0.3312437720137082,7.879405911748782,0.8989175576125272,0.45405475759941144,7.82383314217377,1.1047512168222506,0.4977511393257702,7.7430066256680785,1.3063784262761633,0.45796292562724683,7.738459817812312,1.4659181847895337,0.3450610208254476,7.742792629993271,1.6004514821022435,0.2024611139982773,7.730821514820591,1.6982677875533796,0.02690504241076939,7.672444521668672,1.7627855422456826,-0.18198285212781423,7.624519879962461,1.8074722241145735,-0.40783646841038657,7.591138972078724,1.833839895412616,-0.6427110693072369,7.5464275951273,1.8449937058039156,-0.8989173481899325,7.518941689333666,1.080464629797507,-0.2901379112240453,7.615935143825556
28,2025-12-17 11:23:21.058154,1.4543018655554159,-1.3453907576433612,12.126493604981704,1.0105146298073084,-1.4339362324501874,12.298780390125772,2.1614456045803756,-1.3196014794114166,12.057812926611607,2.6000384878544742,-1.3629344293069932,11.889507858667573,1.7285544296279376,-0.45005391618915647,11.72764075848109,1.7160994852419937,-0.25022024473054066,11.639943914596234,1.4022031569091515,-0.46309203563509443,11.86413595405775,2.097443192292,-0.4378507772714404,11.848579056378217,1.2941923514630234,-0.02016867714381233,11.790888802729365,2.1913018588839264,0.0055332850194482345,11.85373180379998,1.706490938619073,-0.004154416241835215,11.6016550429669,1.72178179347583,0.22861497777004725,11.7401151765122,0.8039486913372387,-1.8175723011083476,12.314099715916774,1.176663869147869,-1.9298351572539976,12.187914883991796,1.5313565426839975,-1.6658595309830018,11.955437506075324,2.053016139752232,-1.6590569929180232,11.915275919187419,2.4645694178387885,-1.8740879319715094,11.912274416907325,2.8479824248186953,-1.7177625486451746,11.953178620573972,0.586117708853275,-1.5894662599367897,12.401792197549085,0.6009270515342878,-1.1676180507157765,12.386509075209238,0.6372479679951646,-0.7770566062649766,12.235827047620592,0.7015779292221506,-0.405564896775033,12.043659600210063,0.8046113936236091,-0.0711034705382651,11.876435350043664,0.9773575914066535,0.212742337126267,11.817193680414505,1.175828171513134,0.4317034450170381,11.67013729270207,1.4030219972073652,0.6251507993689184,11.625290206092565,1.7092411151040594,0.7174303877787888,11.565125083316325,2.019997955369204,0.6704720419013408,11.595767692007255,2.303974347778641,0.5177839946075709,11.797238486540131,2.539789117235818,0.3115150083287692,11.890754142119274,2.74880288988931,0.05772142580938496,12.026374248565643,2.8961027156352865,-0.26316691224003386,12.090002367349996,2.9933726084583445,-0.6241366551681679,12.104822474592078,3.0891973209418184,-1.0147960897350432,12.218242636655816,3.1278989118006644,-1.4362646163315418,12.197244931536595,1.7160994852419937,-0.45005391618915647,11.912274416907325
29,2025-12-17 11:23:21.182858,-0.07505855931583862,0.0651788291797374,-0.5868420684649645,-0.05415281154900835,0.0697716433892739,-0.5943769302446438,-0.1072055571205568,0.06331096614402244,-0.5777312988580294,-0.1286674041769014,0.06548597910054277,-0.574482663700255,-0.08558651146762933,0.02141399587203646,-0.5587649695194917,-0.08523157449782803,0.011942750463149228,-0.5552960002962627,-0.07054041577642722,0.022393337751308418,-0.5646812621991956,-0.10170405424996264,0.021017904552002267,-0.5563526464721829,-0.06512339471623912,0.001734472048123247,-0.5571757032818755,-0.10405752378023883,0.0009679781170636085,-0.5467831885837946,-0.08395847618963777,0.0005454269916941207,-0.5501131245544251,-0.08312069572345124,-0.0094422357878763,-0.5450590521986031,-0.045362293543330594,0.08966007149708817,-0.607105978269172,-0.06344266908937168,0.09527921489757075,-0.6041945626326599,-0.08037750930054334,0.0817867449009487,-0.5929004410426931,-0.10482859067164363,0.08087208705364399,-0.5865044644187726,-0.12495279735956384,0.09164942276797916,-0.587591130328786,-0.14152152180421299,0.08303052090911625,-0.5803020929040027,-0.034925644347788616,0.07817337346397038,-0.605711608506953,-0.03473889022050553,0.05696467984749388,-0.5950395848661441,-0.03625167672579119,0.0380284283760381,-0.584933820027608,-0.03896480905812802,0.020223024787919923,-0.5751326237393604,-0.04338506727945885,0.004209779341038235,-0.5655067126872967,-0.05080412493016579,-0.008798189396666463,-0.5570574082620693,-0.059359924947268466,-0.019116466389783156,-0.5487926374307156,-0.06893783082390977,-0.027515112187206335,-0.5409450218027928,-0.08220864132035151,-0.031613228091444324,-0.5351905522311465,-0.09559424065908759,-0.029280064877294138,-0.5339508592814489,-0.10698275159880845,-0.021529027688433015,-0.5353903169065541,-0.1171024304057975,-0.012156787989855743,-0.5385340339076093,-0.12630757543863563,-0.0006276125378512637,-0.542980810131073,-0.13379819197106646,0.013620427134406376,-0.5486809593671196,-0.1397935354009482,0.029957989735321426,-0.5557960221510846,-0.1451415380070984,0.04810189045820284,-0.5635634945051935,-0.14976333197064587,0.06842740862792662,-0.5735077754420899,-0.08395847618963777,0.02141399587203646,-0.5635634945051935
30,2025-12-17 11:23:21.312080,11.689974184578674,-9.98529514194765,88.08429666575216,8.759394638135559,-10.976979185465726,91.19620665915205,20.157851819436,-11.708578743584088,106.03270706235509,23.996505257625014,-12.135138977462276,105.00406853676134,21.184387497656903,-4.81402229683549,133.0492488819297,15.442104065283564,-2.085522142355879,96.73968423049695,13.402805913503824,-4.142479979591595,102.41798248689264,20.809978500713008,-4.180555100798969,110.44275809643122,9.646668460857024,-0.534614211929367,78.54699005106932,18.260758837956196,-0.3719532418395082,92.92508486018792,15.28305497735418,-0.1647178232504682,96.00367536584159,14.879525448609735,1.5512090614671177,93.47576689459967,6.786932018751708,-13.008243606892435,85.89439295857565,11.462834265672889,-16.57909286328297,104.58709475885944,15.723380617041766,-15.465398526588448,112.04539574230017,20.505169735748737,-15.326136083732031,111.72551707243943,27.718812459498977,-19.837483571738293,127.78985368084199,26.62597865844441,-15.435367293766651,107.23525347443694,4.420781853126161,-9.802430754980717,71.85921130026702,4.018263275871524,-6.647333739897131,64.44799004088043,4.133791080214853,-4.498532910938581,62.18476395065445,4.3230400112434015,-2.5321252832599663,59.67323283123223,5.086700070763202,-0.8697870259022993,61.98790509267136,5.330283437558209,0.5086360061661217,55.04521905796454,7.086843580656748,1.8417791442774465,62.076877958823026,8.814941103616636,3.097553654380582,65.52152683656767,11.363617841604787,3.970820306011888,70.62786853997044,13.218970829594083,3.643167139434237,71.07345707348483,16.169053681682687,2.864381483286209,78.36158042461662,17.9561684740304,1.4596896577851615,80.32343428844469,19.733531116307297,-0.33078452388688545,82.68001640695918,20.643127748568833,-2.4944137164831357,82.8749537333711,21.94839949981365,-5.07011186435188,85.65066278235864,23.183083649008772,-7.956890357717402,88.4449380249722,24.258923943922593,-11.407436821514512,91.46961869101082,15.28305497735418,-4.180555100798969,88.08429666575216
31,2025-12-17 11:23:21.438814,15.1090476445901,-12.25899832332939,108.81532346555922,12.58177831407953,-14.675828189274512,122.62298524141337,22.076308463605532,-12.508881369658708,112.44533362494607,25.46446979416775,-12.631960444041493,108.47742302348888,21.456495082906745,-4.969268015297133,129.36035806966083,19.607569812892095,-2.6321702263147766,118.23961078014351,16.655090769794256,-4.994708891222723,121.21155551385608,22.354361069157434,-4.516790505492102,114.87652956832126,13.440205600360093,-0.631233236889518,103.86155672503435,21.381984399167038,-0.497053612631107,105.48199723111588,19.644116335504613,-0.29109143566516027,118.44605454232637,18.126171548382402,1.7361035762448906,109.50750344802071,10.557367947466442,-18.534538959347284,123.55001176644876,15.273213281226711,-20.88203522007344,131.64949868638348,18.712393495382443,-17.690093129292677,127.43405068596542,23.45997810204414,-17.08283791632797,123.6826594994815,26.55229525248418,-18.68737982500219,119.0168436352018,27.019829106323158,-15.411464135557804,106.35090380103567,7.213502128043369,-14.15669960788561,106.05210662978251,6.868420633549479,-9.856780082704375,99.0605566139199,7.9118043979228965,-7.42243412728247,107.99839301510859,8.53274460429469,-4.191627758878785,108.02257162605306,9.568905727999871,-1.1964103067476408,107.43888955317682,10.204878546279774,1.2718329303672138,98.62184576119415,12.669969964986487,3.3421320397544796,104.81426887378358,15.778650858647548,5.458623604307232,111.95807010850652,16.926653415353908,5.764930829075813,101.2031912341487,19.064974714076968,5.153200758629226,99.16685096983592,20.707478660997808,3.569845325379127,97.59093697138563,23.720667674079763,1.8768213294958886,103.26870280626368,24.97666930778968,-0.4150200761507149,102.21274044077049,23.83820915808677,-2.816099735641231,93.61127184893714,24.252367374630857,-5.48745697112948,92.65939677877574,24.516538174305254,-8.251181022312398,91.64374397707617,26.264499445129296,-12.100530477614466,96.94585196886484,19.064974714076968,-4.969268015297133,107.99839301510859
32,2025-12-17 11:23:21.567807,3.112964044354601,-2.4603682430352065,21.54311910772382,2.495130316818271,-2.7743108075854988,23.025615808719664,4.045988915402898,-2.244705786882161,20.024634647127286,4.829438618949805,-2.3565690929103704,20.083259817739116,2.475168377036064,-0.5562805204757543,14.465491823850686,2.673288214761369,-0.35992562007550155,15.627539451077464,2.5882380161470726,-0.7607493866551435,18.098169818698175,3.520357203709964,-0.7068390084120442,17.6327952441593,2.7880590963509126,-0.1718458253587121,20.73234437167863,4.021003011031948,-0.11999205278597716,19.35536588162307,2.7558881745013215,-0.05158715279048043,16.135501664100325,2.862171280472485,0.2420800570427049,16.81797364288421,2.288211416901894,-3.7729362164392812,25.00966885461444,2.545349115610516,-3.314560539087158,20.885903254835686,2.9056479382413603,-2.6427527387284293,19.024718431251184,3.452434718021441,-2.445525644625309,17.694536582624043,4.313076536319623,-2.9614986960583662,18.84627712417773,5.316660592687719,-2.9847340296636595,20.46997049901819,2.629640181031926,-4.841304754959953,35.66962949473978,2.4586436922180117,-3.357478727158604,32.762185895224576,2.356422732028004,-2.128486338034473,29.998522517519003,2.420900833346482,-1.177759041179687,28.657870976020742,2.5116526664019383,-0.35572502055222904,26.715543224625147,2.8087299235501453,0.26148639983713556,25.991443253968754,2.9646476970355407,0.7034040391353211,23.634941534464232,3.0395734478287086,0.9893498714052337,20.909122819693085,3.5538417705238814,1.1352055396401388,20.713366381870646,4.492459632493724,1.1345559339819808,22.796222636042554,5.643586790236436,0.8901100533904942,25.885287805591588,6.419292082492266,0.4548105887243874,27.125212019059532,6.9041441088611055,-0.14721484688275238,27.425122665876867,7.40951779696987,-0.9068004404439816,28.220493174396182,7.292880839654608,-1.656876068138651,27.034829141891397,7.479318731584972,-2.503543850058073,27.163563223726143,7.618483641973299,-3.444053756922234,27.276037720546114,3.0395734478287086,-0.9068004404439816,21.54311910772382
33,2025-12-17 11:23:21.696814,1.4346875663981784,-1.09122119020112,9.664097872925307,1.083006440247186,-1.1527815921268685,9.756478593177711,1.9981911100732002,-1.0702866286296047,9.599686590086385,2.390744371563278,-1.116908279909948,9.638269566674413,1.6769310077662594,-0.4420474590990871,9.634102951661879,1.6902271389053054,-0.2596508603417673,9.72138358463784,1.4172794948379583,-0.41572485161581746,9.756491894679147,1.968280045257263,-0.3868989244310081,9.635322601200432,1.3443050974818525,-0.040069751193627975,9.876075163111237,2.0729115386308408,-0.01670565648716707,9.77123517348935,1.6796984486190127,-0.04694883204223814,9.691027613838505,1.6769325854578352,0.14767340238390234,9.734523228451504,0.915911565254753,-1.4269203184967614,9.64752873954668,1.2042680758214575,-1.5380159903464583,9.602408365140722,1.502407270008286,-1.3604413268446853,9.569976820918106,1.9295179021779991,-1.369803411342016,9.594502055766995,2.2535746953054745,-1.5172956169271954,9.502262500227461,2.566394431395814,-1.3793785092265463,9.546383477762717,0.7651862051851712,-1.2414138036382025,9.906130220421273,0.7707253652730266,-0.9205697580865779,9.91444657230405,0.8025457727163073,-0.6188600159373546,9.93795909716742,0.8543610741105581,-0.3192115816151671,9.928720636587451,0.9451366002902756,-0.04605974745002112,9.967230139375722,1.077559927429304,0.19318254942194854,9.936388595567516,1.249093542406284,0.3798652564325167,9.913298899467167,1.4457066658946705,0.5406305011543626,9.892510466203055,1.6925673929109,0.6159499361874633,9.778384157614113,1.9630473878071544,0.5890513905221797,9.78991575547178,2.1835480468579855,0.4612576113204508,9.777513214011453,2.4019523216479617,0.29605854977586554,9.84935070688556,2.551423382038786,0.07723885022075594,9.796199844979105,2.6654908316091683,-0.1866657473202014,9.792446665916735,2.7317172355712085,-0.4848542145340464,9.752485030876079,2.7899774908394965,-0.7943261286211984,9.746093162730533,2.805691218800009,-1.121768736609253,9.652174389876189,1.6796984486190127,-0.41572485161581746,9.756478593177711
34,2025-12-17 11:23:21.812933,1.807519191661599,-1.2941241549348508,10.932688748476764,1.4145196212962563,-1.355193201547777,11.016532178914325,2.448956066631167,-1.2718652604163372,10.914087039156536,2.88783143696114,-1.3073019827764278,10.939796929649182,2.118282227695732,-0.5830514795675675,11.123790894165882,2.147018868272986,-0.3675953823364272,11.262175994316905,1.8252025623132841,-0.5459639333099104,11.272363401668585,2.4735730153858415,-0.5169168259793615,11.205512105324178,1.747822236399589,-0.10968271075211679,11.387151887129448,2.605668063738893,-0.07334245025038556,11.363926242495378,2.149886950997514,-0.1285749078240618,11.312058053623586,2.143371368513707,0.104060388615889,11.354072110113405,1.2126757984399958,-1.6541985582538805,10.80389953051474,1.5248571652484508,-1.7700945841300035,10.737558072779581,1.8748798635742114,-1.5949937125365077,10.81057339191097,2.3496468975315428,-1.5920531961402364,10.835344457970837,2.715460728940154,-1.761424958623431,10.74834807601499,3.076513860368855,-1.6017952215291027,10.812028130909516,1.0559776530474556,-1.421692257468874,11.000207486906984,1.0814881157668783,-1.0973786438225013,11.243718167875784,1.1277813377800068,-0.7689270056713429,11.377313557180601,1.200411778516824,-0.43721850878107515,11.54956074757088,1.310590250815669,-0.11877896446924788,11.637177946975328,1.4809422209296101,0.16028504996115925,11.749135974400435,1.6731598971397514,0.3812311721752665,11.675585707902963,1.9026203716926615,0.5779711293808993,11.674333957374621,2.199678083110192,0.6673837913062397,11.600646357867888,2.51715377243726,0.6435909425980525,11.585481767150435,2.764154429267556,0.4933413310853578,11.493643249770752,3.0131245868120162,0.3104947777467222,11.523848049947542,3.182115310219208,0.05161362680239615,11.436132391385444,3.2874902952299676,-0.25084004533467774,11.342513598475112,3.3220371880680277,-0.5900314426068982,11.161928605856932,3.3813551931771757,-0.9386296395886288,11.138830263239656,3.384954483738979,-1.3128160064871488,11.015572096597232,2.147018868272986,-0.5459639333099104,11.262175994316905
35,2025-12-17 11:23:21.945151,27.55160586345911,-19.99502632561439,174.71892385583703,21.890398127723692,-21.922006074141063,182.76709895139808,35.42587127203968,-18.273825685860384,162.6092847676103,33.70687020445789,-15.120886571928393,130.97842139269986,40.29670116490873,-10.575970373831888,220.2390451733333,33.35534595600533,-5.2775858643562215,182.5100303851573,26.460865936400207,-7.713033378949521,172.08900867667765,37.27282575438525,-7.403776459140748,174.75705059765428,20.366753574024848,-0.8729075552103899,141.07264326497352,35.432401175945365,-0.5402605181430257,160.36320051592682,33.7925513344531,-1.408568584856656,185.6915069256115,34.0786544389368,2.4524022796854683,188.77255770059944,17.122167920390385,-24.68512937138786,165.1934755937341,21.131319519080726,-25.32668655573423,157.20486529556672,34.409685932268616,-29.71720380340388,206.84730572155343,41.0171303292569,-27.896049641353425,195.04126008852447,49.64144108239513,-32.184278171042095,201.11672292540302,43.73817916897399,-22.623134913514857,156.92422339653302,11.060393062627979,-16.15300326125671,127.85475174169649,13.037970282452696,-14.352842519410261,150.75955880393946,11.254520234319433,-8.188321756254046,125.90975180686375,10.797861570927488,-4.110588535924467,114.59828081836086,10.77995230715762,-0.862267777864523,104.94349541515265,12.30542688029619,1.5999071828557787,105.65120638106114,14.74397528503075,3.8386055521281497,110.34058580590967,16.85242825258212,5.6844791265365515,109.86583662142307,22.680818483318877,7.534713655494188,125.70414856242566,22.797897978449576,6.354247501435054,109.72704461397048,27.638949119165968,5.430812067103089,119.23619444817488,29.20468654578818,3.3977679867229247,115.80914477890981,34.2552104669348,0.9007340446212572,126.95182365624962,30.475980593479257,-2.065404459224119,108.31703533265886,34.30963194470461,-5.799411748456473,118.21556562068206,32.305521052693244,-8.786130507577953,108.9502047148912,37.698120499377765,-14.492162172534128,125.27084604057687,29.20468654578818,-7.403776459140748,141.07264326497352
36,2025-12-17 11:23:22.078529,37.74128688779627,-26.932762134311638,233.82571117054246,14.06215114032854,-13.718340121726193,113.65194821836882,-61.89429001108837,31.703397331308707,-279.8008477308675,-81.3654074305991,36.44379506162763,-311.423363761448,31.56978372004076,-8.140502993765265,169.21272765841084,25.901718319027818,-4.126331126371896,138.95482756569308,10.256651920127869,-2.971022528993483,65.02578845595283,-94.12011104904268,18.699842352738408,-433.63898813294315,14.86811014345328,-0.8398741108055733,100.21595753086852,-54.92213367684827,1.1509375804285955,-244.86097819087047,-71.57073423523272,3.2270303076004945,-385.698834766979,5.625651014609833,0.3731133954005063,30.57947204112091,14.35004129157159,-19.939381279545543,132.6077111009945,38.02064912485306,-44.36360907206973,273.8550780882736,50.2688697834898,-42.494270205330864,295.6422972533369,99.23769659750191,-66.40338019489661,463.87518295026484,-116.0284715707871,74.19659864913724,-463.72450367985385,833.6580829717936,-428.3795425392592,2955.2684406437397,9.241003211423898,-13.034475955266348,101.44900005237987,5.9336953880892205,-6.312114471416037,65.20194403790832,5.464026571361687,-3.9042226148044814,58.099876749947356,5.618716481189095,-2.2039829099220376,56.6329823141746,6.0313213359606666,-0.6611718891765489,56.03319252439807,4.850674031842741,0.45968135731186516,39.97101896466989,5.45573129402482,1.2260888890462647,39.49644494604382,3.666246974805244,1.1195942511830872,23.238311586828427,-1.4871014649630556,-0.46050462398742026,-8.070192888087632,-20.958550426561604,-5.39192524923632,-99.01508038364568,-11.826143930205166,-2.144228696652992,-50.189356646704184,-61.96784051928558,-6.432024061161191,-241.9932439153582,-27.52645034463309,-0.492067830626398,-100.59942948323608,-37.733871460966164,2.913495400230615,-132.25932870545284,-29.86706651580694,5.234439868826508,-101.59922322544004,-39.21726401309802,10.855587738892634,-130.4077474993941,-50.657398496490366,19.52629058726838,-166.25885467749998,5.45573129402482,-0.8398741108055733,39.49644494604382
37,2025-12-17 11:23:22.207436,12.718134918285944,-8.927221464148493,76.96522342106431,10.769554724551181,-10.32636712669062,84.51261799078021,17.33862178178062,-8.731007418400898,77.09408591429575,23.161775387539514,-10.241737548177644,87.43944739500246,9.954482220229092,-2.5495753103821155,52.15701071741004,12.00546696539008,-1.9187175425344012,63.00424943585256,11.254553349375435,-3.283722171946962,69.54702987831666,14.495113572198761,-2.8325000096844564,65.55203154256958,11.568188809585166,-0.6858529522858954,75.97188261131855,16.66435153629315,-0.3466689492679674,72.82181207397451,11.165763434673343,-0.492311680237206,58.78697835455314,11.500243986040822,0.6562816441917562,61.07616814866395,9.355480162752468,-12.713706607592938,83.74449800745917,9.625435479314698,-11.014695249910892,67.66272560179578,10.813326771923634,-8.997017809595157,62.238769846294,13.389634515152315,-8.844388271336204,61.42868985055701,17.123157061034025,-10.788249169661078,67.36982896315646,25.979925736669227,-13.244017694919298,90.8258059457189,12.801899004849975,-17.740143081249872,136.4882203552241,14.459183408251224,-15.219196378147062,153.8127714111099,12.927869875135238,-9.219997317980125,133.94754998387734,15.267677528419503,-6.04096550383702,149.82904722603888,14.530533209946723,-1.660454912079525,131.75620906985392,16.648922378898423,1.4379745939721458,134.12181278060405,15.601240941845854,3.3524017604754848,110.05322405075972,13.860351578565762,4.1235627796944305,85.70590527957475,15.41384146100601,4.60156534167745,81.63560988952928,19.998640038765025,5.02657463118895,92.49183703803145,25.590797304080315,4.557701197397736,106.86038612656688,32.858027179970435,3.328676846109462,126.00158230770717,42.26528901629738,0.7362988576772116,152.35658141445853,46.23252690836599,-3.5288236363539767,159.79956594207735,43.258863952644695,-7.482428821064426,145.54863688942828,53.09476747548329,-14.532997464529858,174.72163491396617,48.07512116537355,-18.347097906589486,156.22513862195092,14.530533209946723,-3.5288236363539767,85.70590527957475
38,2025-12-17 11:23:22.327832,2.299311236536912,-1.5660604642825022,13.753566800368409,1.7891822616304762,-1.6364122419790035,13.81806960516334,3.0785950665351978,-1.5134282197980355,13.52954880159924,3.5729596261855803,-1.5356872346978876,13.364417937576398,2.6924887748376487,-0.7187904718786826,13.876311348776106,2.667790218643706,-0.41966134829175816,13.76853913719094,2.286729311543511,-0.6336805757207896,13.846822752509105,3.095380923349963,-0.5950387298789969,13.785152641859462,2.1584021774938047,-0.08450861385912628,13.876436645461629,3.217015158674784,-0.04458746402367116,13.785832075624976,2.6938914936960106,-0.12575327501205535,13.89818963365416,2.6731682917492505,0.15030688086875793,13.898766806087295,1.56195792777731,-2.046687343006214,13.821243617508411,1.955746960370087,-2.2153748782276272,13.668330095289543,2.4049207560140995,-1.99099480629638,13.70819214482993,2.9903729791922835,-1.9782464671971394,13.589968071894935,3.430589054465016,-2.1543149381884334,13.383669632042723,3.8545135498850263,-1.921479128955638,13.374687216133244,1.3165043102955445,-1.6823894428672534,13.807836377344127,1.3400431939408668,-1.2540976786675517,13.904530562774285,1.3941374289687154,-0.8527371715703802,14.037518125104192,1.456976567684877,-0.4387728286318817,13.893182375497164,1.5917979978421195,-0.06559947312138317,14.045017764486566,1.805006912920706,0.26451395122123966,14.113346491001552,2.051279630109469,0.5202404768766494,14.048985386189937,2.350622866277254,0.7416317872389002,14.11002909052146,2.748550239116565,0.8521435533282988,14.170398807218755,3.095239318761398,0.8218011340969096,13.985280820754879,3.409884240677567,0.666495586746018,13.940670460555832,3.693373527458285,0.4490943361884986,13.891408526672414,3.851318659434958,0.1583925561947829,13.648194177680487,4.010675519486031,-0.21115194735360837,13.658268316743042,4.072635096783975,-0.612637351310464,13.517704695757427,4.105254636100978,-1.023877174293355,13.379359295325873,4.096361489641893,-1.4693775424973625,13.200416291600444,2.6924887748376487,-0.612637351310464,13.81806960516334
39,2025-12-17 11:23:22.449401,0.19163092180127392,-0.12897252481539428,1.125527950030027,0.1533177500686561,-0.13758823319755883,1.1532646019704604,0.24726045027727372,-0.12069881450838292,1.0717995435796026,0.2788718747188787,-0.11927595708175337,1.0308507403990432,0.2454545367026567,-0.0648985280264156,1.248296269929381,0.2577492261578413,-0.040911826974296565,1.310138875637238,0.21901180804346543,-0.060634618840131216,1.3032048131496803,0.2812332760963027,-0.05347368388777211,1.2364850302596126,0.2299937564848341,-0.01001294291033436,1.4527152760193889,0.31704057169292427,-0.004527271088559898,1.3429504236419678,0.2714414133900954,-0.012602040628098457,1.3803418078275083,0.2836128926287102,0.015510653217959292,1.4547825960075778,0.12891001210213185,-0.16442912446602564,1.1046078736060476,0.15349242755183024,-0.17057420543425125,1.0467447344996266,0.1884285332660025,-0.1528966221135701,1.0519951068270448,0.22623473361578716,-0.1477823199198238,1.0145350314787054,0.2491827017631599,-0.15447290581939546,0.9596782657887997,0.2811205096586931,-0.13857002613407124,0.9656856303866215,0.11718008213235617,-0.14603510891820373,1.1838734709458905,0.12596781408061114,-0.11603760673389707,1.2667994088883066,0.13823856194320522,-0.08327566880395422,1.3535049945786783,0.15576092441976944,-0.0477986772319266,1.4458361702306484,0.17840397076683628,-0.00803046621496032,1.5392960946819527,0.21021670397441328,0.03028583872680106,1.6165675161137594,0.24665962299403407,0.061666864283876084,1.6641331617569006,0.286450597295805,0.09048505236134462,1.6955940588134948,0.3282203962684044,0.10307318358343741,1.6732786199751324,0.35913619636821303,0.09567266266961995,1.6051184450369835,0.3742729995121449,0.07380818039588995,1.51285044778871,0.3807878806817303,0.047062574936321724,1.4190175087888626,0.376828003913432,0.015247684552586857,1.3215578616158112,0.3643727588487786,-0.018959284179738998,1.2306180385316254,0.34849151517148513,-0.05218149140606595,1.1461352627987302,0.331735716727158,-0.08287992015182877,1.072617424444642,0.3142503955945985,-0.11262674545834186,1.003161766682441,0.2491827017631599,-0.05347368388777211,1.2667994088883066
40,2025-12-17 11:23:22.574285,33.19040686250522,-21.889775769158984,192.3209089765712,26.63114231895297,-23.33084653596782,196.8645798486774,43.1701708141658,-20.72837701127877,185.27699748545092,49.32173767093145,-20.78830147762815,180.7775739231566,42.749806663711816,-11.255750242843769,214.39580764498584,37.30104555923173,-5.698596616608369,187.33208213573894,34.7048623080191,-9.355515251573037,203.9781022749632,42.39412573321598,-7.8328658067309025,184.47152562615594,27.075988030979893,-0.7841631591830241,169.30705434018836,38.74637015808978,-0.2949280128403781,162.94487246317595,37.124868843485125,-1.5492222909833973,186.50901894727696,32.59905288436921,2.0289350595514213,165.74212796299963,20.895572848481585,-25.946713029915575,175.97245938096196,29.155066217545663,-31.85717208067689,195.5734721440104,37.21678326992638,-29.823370990009437,204.84627215449598,41.98140798109845,-27.12647230750785,186.2409980869292,47.714546096841865,-29.292174028858053,181.767036934602,56.09328887460013,-27.351475675120398,191.09676637836952,15.928705189582276,-19.15104043804847,158.94282183626484,17.84910053353889,-15.693715366683517,176.98895834293282,18.22413331714775,-10.309878855224612,175.94919951219183,16.978085590485822,-4.497555809374187,156.64952160765685,18.151722099220546,-0.15422649927204216,155.14573363220944,20.048084466707234,3.5426628995501104,153.3374418518495,22.558102442097482,6.276227563493027,151.4544815188545,25.449488966485593,8.515708900170177,149.51570636872253,32.299983552873904,10.552608190513439,163.37707038454045,36.38473382095073,10.109639078866039,161.50238244566106,42.27781378665706,8.741222004413801,169.75406246125488,42.982566934616266,5.757022882368523,159.27584430896826,45.4931836114365,2.1898758955416473,158.65198954725028,47.147587133340316,-2.083986685546569,158.39035142987436,57.74149686027083,-8.331268497916527,188.9681476993005,54.87964998877475,-13.353131858514852,176.43173699670228,55.47150395810995,-19.495253794356316,176.10225014031082,37.124868843485125,-8.331268497916527,176.10225014031082
41,2025-12-17 11:23:22.701146,25.491728030534958,-16.638554884049434,145.92135138908722,7.376469703105091,-6.3656842890795495,53.69439797590082,67.10267509240789,-31.975747748250303,285.30105944009483,35.97856207096211,-15.049967016309626,130.78870379175103,-63.04518349919886,16.258250389830483,-313.11877707772726,1450.3690892370903,-219.32368208377716,7211.5615850412105,-24.22446880739356,6.455082040341802,-141.07794680765647,31.08490049354621,-5.683528175776992,134.06460295701257,-29.016282254165638,0.9579099952242428,-179.1211051603106,64.80650398741338,-0.6788451680850943,270.0192587315236,32.64292033660201,-1.3586719536137664,162.3386514632919,-75.91559717187361,-4.362642822362686,-381.61189937155723,4.192775915197435,-5.128223163469724,34.61599030696678,12.094530961063928,-13.016762573200916,79.92049183950417,51.8062819367782,-41.04184473115985,282.3602731065965,34.8418921441776,-22.33669975523323,153.0909261565405,39.42731908440015,-24.020002623343604,148.90878960321464,69.42407309699549,-33.66151066214089,235.06240277423532,2.000781043484889,-2.3783959544202733,19.510489203250696,-2.951498497646948,2.5629286151714563,-28.6592370271977,-8.374535726693685,4.697555967527811,-79.1470881047122,-14.678646818256563,3.991040782784975,-132.36738932463606,-26.602426426792615,0.541684589534124,-223.00102725366915,-45.985188980234895,-7.468748794602948,-345.29484968249824,-30.502256263354038,-8.085336903776666,-201.90746123030706,-52.843831921869096,-17.015617416237685,-306.41490500611644,988.4856170462112,316.63679722003883,4951.420236850208,118.4894815619936,32.27891951385749,521.1681276182347,240.48137965719476,48.64283847173804,958.216383072123,53.96461985146054,7.022176064344762,198.3049213730524,60.30994813654758,2.770055361782896,208.73400099390565,82.82619660838283,-3.8319172072188827,276.0746011414212,54.290954485707886,-7.772613559987636,176.65494752763414,40.58672591776915,-9.824929589670067,129.52762759994897,32.68914421340322,-11.437323511509813,103.01944489077538,32.64292033660201,-5.128223163469724,130.78870379175103
42,2025-12-17 11:23:22.824575,4.25122520935487,-2.7462172105575124,23.988913654724353,3.3857814143157046,-2.885192056075144,24.21123221415713,5.717434287442417,-2.7016833360092587,24.09387669183401,6.515647021516552,-2.690368798663963,23.543805443118313,4.860838235407747,-1.2418742496710007,23.886170103108853,4.846821352410621,-0.7312426446994683,23.922241407128265,4.1815778528029135,-1.102969299044821,24.047855417728677,5.607682206886843,-1.0232052580888977,24.087864918901612,3.9404542066052173,-0.13101137813338667,24.104794041683903,5.895886659300557,-0.057979610763877795,24.45760838409288,4.9051145534688585,-0.22030660640374544,24.28930903772051,4.870016254181627,0.2805632466947939,24.29717587681487,2.983092527267283,-3.577059757632542,24.110292432496685,3.6415477264140645,-3.849078047475266,23.61496638417966,4.414029835561145,-3.453446403363962,23.705428681114157,5.407168142622815,-3.419897467858993,23.489575498866863,6.303908545687149,-3.795337740669104,23.619599328970228,6.988396521968514,-3.344803179230439,23.48362089022995,2.6013178457725807,-3.023974248727757,24.65483725100793,2.558819444910016,-2.196200883486595,24.342648537985475,2.625685451737381,-1.4637131687122558,24.347150729250934,2.809543482885527,-0.7712140372845433,24.92900508683426,2.9738622727369464,-0.0749895729546079,24.61303257251815,3.327773724179414,0.5169972685836208,24.777823209798324,3.7137670767886966,0.9793155608915328,24.431641100709022,4.254349500015115,1.3622895116438347,24.589295856034692,4.845196530000239,1.5478640899328506,24.240479055071752,5.495229801254683,1.494279928886807,24.154463765691954,6.210518522772054,1.256091141065741,24.688856582681847,6.694172092166683,0.8706370398363424,24.598929231872145,7.080926117701332,0.33863856879850684,24.49275044341758,7.297291886266543,-0.3261170982898064,24.288171686651705,7.356995543254765,-1.0344232054784823,23.883639922098464,7.561219622533607,-1.8034971802227964,24.06314743565217,7.591194542670204,-2.623622119392993,23.85658594516507,4.860838235407747,-1.0344232054784823,24.154463765691954
43,2025-12-17 11:23:22.942320,-112.26605166754098,72.14490677500707,-627.5933284993314,3.6503469071483363,-3.0762620583328673,25.758835146471945,-3.2588407390138263,1.530691869939566,-13.674127309019287,-2.1845800215567017,0.8998402892069121,-7.8571777709854205,3.606453449390569,-0.9275942738790822,17.590318092446466,2.2729590958661894,-0.3484624045954886,11.13457963674729,1.681667495673588,-0.444559819228908,9.577456571045522,6.765123426629414,-1.2313371710595449,28.892401053316394,0.92560258469312,-0.03447619916227524,5.610458394976862,2.8244847125358916,-0.021961622604155046,11.659436870084237,1.6434591018920295,-0.07407690676178269,8.083418954226246,1.2830729265971452,0.07282815173032652,6.358123707889022,7.676356193951183,-9.106270180369346,61.160913220826735,-3.4062678193607354,3.5712206253959082,-21.790744081912322,-3.0960319952337216,2.4084028260099832,-16.468618536036495,-1.9971219387902963,1.255976695626975,-8.605455370319108,-1.4540423587772133,0.8710534664840139,-5.426857712945784,-1.533606912925395,0.7298135984870614,-5.133910581926304,1.3442022601831212,-1.5436817828499052,12.577566347049181,0.8392856621661304,-0.7158920037263307,7.872230564831572,0.6457139583586627,-0.3595483310431563,5.9079052363342415,0.5469570535310718,-0.14767875703939673,4.8103325281090585,0.5101934360790065,-0.01397053665090262,4.184710203395957,0.5246321696825466,0.08131004873857148,3.8820823536883924,0.5834454320954446,0.1526926636915034,3.8000573981630095,0.6726312960972148,0.21521049852995125,3.863217479505002,0.8506642055719437,0.269650189556447,4.225886082421994,1.154155614019731,0.3116025835970027,5.041508779713504,1.64534985903608,0.3364417314180389,6.521687911340876,2.636809615004605,0.35023953445758166,9.657472386746505,5.75704235687011,0.28725064643289766,19.86875471413888,-56.43306083664963,2.451960720542883,-187.54814292265982,-5.1572116499392,0.7247525696815007,-16.70263558680245,-2.7598315331173255,0.6504869363868352,-8.762900275617099,-1.862371083579751,0.6381847207733456,-5.8399994200908445,0.6726312960972148,0.21521049852995125,4.8103325281090585
44,2025-12-17 11:23:23.057717,4.552062235473995,-2.915255464134496,25.28925197523422,3.7156485110993995,-3.11206560500987,25.930037558867873,5.960085122481456,-2.7828684452226105,24.854549423921895,6.8376014173302995,-2.803557624484346,24.51064425013529,4.93858029719216,-1.280364205844556,23.913602933700837,5.035810185429744,-0.7823723707751904,24.482781373354346,4.360367835506525,-1.1453241806426204,24.64195295188765,5.729235317232281,-1.052416386788969,24.304319814809393,4.08372039096307,-0.14854868947403846,24.63392700598331,5.895256962562939,-0.04360264852803403,24.252246285486706,5.012813412956116,-0.24047462751849125,24.4704090083399,4.838995489194213,0.2721117998647776,23.892671279383862,3.272643916759378,-3.850461834232657,25.814891379757317,4.045201663335252,-4.226828004596238,25.641311987286727,4.797901096777696,-3.708507700498217,25.225198794404253,5.815488759535577,-3.64747695612552,24.879271146492282,6.626632834093009,-3.960114988780146,24.5256872042501,7.279205250561977,-3.4378661811458557,24.262144066480538,2.8743799310789715,-3.2914264172093968,26.749072419962115,2.8434915683591275,-2.4045477132100808,26.474049254675617,2.886428913105977,-1.583931805244263,26.393016271577466,2.9761455476813223,-0.7920087512249188,26.07847239742732,3.1308612338096733,-0.05805925241290239,25.772861289150846,3.4168764883524947,0.5542297280745966,25.259011748433178,3.829413769992423,1.0340223754572782,24.97476495518046,4.278032856973524,1.3788102789797942,24.489941710744663,4.796468395920115,1.5354251853940242,23.83129392613397,5.431180892949977,1.4815702015012315,23.725485798545538,6.101027342011763,1.2669948041885941,24.17523154426527,6.691044146850009,0.8991223602396512,24.453078389777673,6.938976261840197,0.36698031136002135,23.938657043134302,7.4887475916101485,-0.30803503695398976,24.830691586856002,7.514886362887078,-1.0307692885597837,24.32382521217464,7.77541899233672,-1.8133726175824496,24.634442492409622,8.04667172160559,-2.7329190829672405,25.17400136711224,4.93858029719216,-1.052416386788969,24.634442492409622
45,2025-12-17 11:23:23.172874,1.0612432001189758,-0.6788117178032078,5.875985261984612,0.8478977297667261,-0.712386943832508,5.923671561724681,1.3890081968809216,-0.6464481599717781,5.773366801371301,1.5949932582335562,-0.6529663589783969,5.702988219323466,1.2472747064777885,-0.3262679660835105,5.967266344045793,1.232239549404666,-0.1931551017356744,5.9429016100181435,1.067671765939978,-0.2840256545777838,5.988272175538723,1.4014607374800188,-0.26004007641674437,5.906504931021971,1.0082431626125885,-0.04047697389495553,6.026364436382872,1.4514587380518107,-0.01585277002585809,5.936214103019333,1.232589710452522,-0.06298975574665798,5.9726706628411295,1.236866391878818,0.06242082687971429,6.031941289098895,0.7506164815055741,-0.8863168161915492,5.917432848697173,0.9236161336391495,-0.9663053512683121,5.8467569910599915,1.1163683719154585,-0.8612014736210833,5.849899149292537,1.353609774070678,-0.8458868113865162,5.77094000152957,1.5404968061429711,-0.9195454650660496,5.688197078828899,1.6955903086597393,-0.7983711708024279,5.636001695826274,0.6316724046966891,-0.7331467359028144,5.944015252424015,0.6381198924632143,-0.5454124241234896,5.990123921518149,0.6500455298504624,-0.36045108667151793,5.989415108434677,0.6857443570366321,-0.18531230329390733,6.034168775451564,0.7330722668977131,-0.01526706212597893,6.042693001339138,0.8226263989272634,0.13016063125111413,6.061420712227717,0.9328008462266232,0.24605761130758738,6.0572052116296,1.072275873058218,0.3382694953165296,6.087114229181363,1.23313349926573,0.3821831796506257,6.0588548652460315,1.3934385365790143,0.36836461303928186,6.026262508441107,1.5123869522872992,0.30795005040466095,5.956551378643212,1.6199509323650763,0.2129553463775483,5.903775691975125,1.7031104192621094,0.0838373365324882,5.847617426625275,1.7456709262914913,-0.07170874254627221,5.787900085880268,1.7793399500955838,-0.2442565498487251,5.745707075620787,1.793813280215497,-0.4171716894821854,5.681139980746957,1.7851569591930128,-0.6043821187947142,5.600845028697664,1.23313349926573,-0.26004007641674437,5.936214103019333
46,2025-12-17 11:23:23.303900,-22.530748318413334,14.473476577157252,-123.67913260430527,-18.036720699906837,15.252814654800341,-124.67617432055188,-32.118233002445024,14.972404129690709,-132.70140055200207,-34.41271431102778,14.122516220522169,-122.72921016060569,-26.04207992743819,6.814924756527032,-125.00647980827465,-25.800983038972507,4.069596097482197,-124.59430060370393,-20.83426459836549,5.637396047177343,-117.2648884335583,-29.539260726919796,5.502471128386728,-124.9204794734523,-21.927004852216974,0.9081574634205121,-131.7050510593748,-29.14744728198871,0.3068929884305735,-119.9168723424548,-25.116803480929654,1.2858202594892096,-122.22692631165364,-26.090959577047858,-1.458809526567145,-128.2668390374524,-16.418621004184246,19.341068112667138,-127.28711653955288,-19.294973111711755,20.014332748871013,-120.08807651576564,-24.331229617658778,18.712012893221473,-126.4432685964247,-29.698291709819856,18.46819438750599,-125.76201697826275,-32.08974229334273,19.06549874975355,-118.06505597588762,-40.758107821334754,19.15609718846951,-135.0828486088215,-12.621969828653013,14.72027915889857,-116.4005853414637,-12.245232159527243,10.70653959684207,-114.00320863850047,-13.125928937373516,7.558474062021792,-120.17190330518974,-14.18872657657148,4.050744253876569,-124.90594316256974,-14.726609947587576,0.4865403027527067,-121.95389254352118,-16.019612652185266,-2.478600095265961,-119.08872003050355,-19.333841524196497,-5.1631500629965155,-126.67099173588205,-21.56647905797083,-7.063240893475441,-123.96813494480004,-23.001927498713282,-7.397509046444996,-114.30294896534141,-28.25918109413842,-7.762848895449349,-123.51183316228678,-33.57611668573799,-6.965603923005816,-133.03223881953028,-31.15575068486219,-4.1189995139294115,-114.13921626986544,-36.77464047069001,-1.7626569889620132,-126.90638845024944,-35.76753854423714,1.581682548047959,-118.857256577544,-35.20630067939618,4.926405141928073,-113.99109806872232,-43.64403575685557,10.269053184015554,-138.26774979298844,-38.67544254852456,13.225259730685895,-121.00271794810787,-25.800983038972507,5.502471128386728,-123.67913260430527
47,2025-12-17 11:23:23.431040,-23.922379216546762,15.399198153468863,-130.7830987970767,-5.691387676297997,4.8086153842872585,-39.07395534150229,7.769902192825457,-3.641624669142422,32.0772734698384,4.46573945042765,-1.8303716524319555,15.904765263109475,-2.0965521839016277,0.559333235021988,-10.041598357367816,-1.4742886567423394,0.23898158967237285,-7.1213126162098295,-1.3170238602286413,0.3603015029035797,-7.38345817955714,-2.411023663612534,0.4570546397090951,-10.196354481839004,-0.7638397512174189,0.038093491353936824,-4.58713122673395,-1.444622663758607,0.019501081319934728,-5.941952369958104,-1.1268118079582856,0.06211299408814406,-5.480082393176019,-0.9147461128330369,-0.04582443552242976,-4.490379791317119,8.046589353546073,-9.454363842633379,61.90027988936896,2.4260263494421612,-2.5121331979030224,15.036704964696131,3.3748258390351746,-2.5952862887327,17.459394716416877,2.6773780846640802,-1.6661278265869346,11.30151199523775,1.9301609698202316,-1.1431620367938284,7.080324328653269,2.350590377526296,-1.1087307385402922,7.787504642870632,-2.3389008026206017,2.716880292918869,-21.342230003616844,-1.0180553983047649,0.8880658656770667,-9.37494260735115,-0.6825771407509229,0.39485585721260746,-6.196259772104734,-0.536027834694194,0.1591288128290575,-4.698276411282006,-0.46995198373195823,0.020309695802686042,-3.8652048596455586,-0.4607894969804882,-0.06621509949858852,-3.4147584227499896,-0.48488404044655115,-0.12489254963868175,-3.1738702605915527,-0.5311557753730252,-0.16961684096561955,-3.05309308355868,-0.6271924011304071,-0.19883758967197693,-3.116504042396328,-0.7697320731935352,-0.2088711958206141,-3.3672664303352926,-0.9698216502699074,-0.1962543312320771,-3.854373983001419,-1.266447883106425,-0.16372703295958663,-4.646110371889867,-1.7775143599777676,-0.08047127876731217,-6.147597989293105,-2.8604042008602777,0.1339469004360126,-9.51899196688668,-6.758726089130761,0.9521564783853486,-21.908064645311942,19.480379779929283,-4.642802368012605,61.86341386024689,3.948518990718056,-1.3532287963692566,12.362420426535301,-0.7638397512174189,-0.06621509949858852,-4.490379791317119
48,2025-12-17 11:23:23.653316,18.437562982225188,-11.867985804284311,100.74278287933228,14.283358952717736,-12.111917026542402,97.8039292634083,28.402678216121714,-13.377599545655789,117.06201896852488,34.13496796550667,-13.98285329590117,121.31434973814385,25.0745265999291,-6.776538531233564,120.02654497896931,24.76659030609781,-4.182645491427999,119.51289671393687,19.140707336821716,-5.312654837103161,107.34153985707506,28.333021157654578,-5.458739066529846,119.78243489041398,16.540167638541895,-0.9018839127156858,99.34065918221629,28.801174990232916,-0.4796190196228958,118.48944115835889,22.62340745534911,-1.3381774909233584,109.95500503795549,20.138410577303755,0.9167713473194182,98.69757701030196,12.737046841618906,-14.991222467830394,97.64825892497126,17.46369803615925,-18.193429406238774,107.99367444305426,21.003178889046783,-16.190708385991616,108.30812195390945,27.861541156590633,-17.39088919637009,117.35981553236746,36.36363668799621,-21.58715104634282,133.0251442063545,40.25526192321323,-18.966248888223898,133.12260496277437,9.423978421815836,-10.972796600974721,86.24111988045512,9.335646873880563,-8.16646057945435,86.26701701322574,10.056447532523212,-5.827600099765121,91.413089152528,10.337120306183698,-3.076220897766644,91.11051434434128,10.998167664005184,-0.4805144436729347,90.66590726580097,13.288249276574083,1.8510021510360604,98.82084241821538,14.98976649900968,3.7845528576549143,98.19554609722275,16.96765829197723,5.275405199915815,97.56368909767046,21.657829993532125,6.619421983343884,107.5131637142672,23.746076247574646,6.27733788253276,103.80881989783262,27.065506101904294,5.311297740349784,107.55199886377395,31.77613606075035,3.9637361774352398,116.79736461676698,33.988510160891266,1.451077448483534,117.60861803554799,35.58269549410539,-1.735981225798953,118.61991818839154,36.852583817582655,-5.262801104807608,119.62041752053265,37.95374161749189,-9.044812834906098,120.52844011445382,40.14453706719815,-13.670966050657997,125.75843678515506,22.62340745534911,-5.312654837103161,107.99367444305426
49,2025-12-17 11:23:23.768404,1.6868861770122152,-1.1112260235965785,9.255778239019044,1.3491529835331062,-1.1747170344641218,9.329426513078934,2.217220080255955,-1.0544157790088762,9.157138670211578,2.527400557635574,-1.0419369130773966,8.984610860805,1.9161619710557514,-0.5233945243092739,9.18048013735972,1.9055929805254381,-0.3279285484605727,9.20027744351663,1.6527302402605355,-0.4746527781466877,9.300734953146966,2.1690681480853673,-0.4250751702307588,9.169712088162848,1.548671408671162,-0.1032908389070506,9.35345775661608,2.216647380040247,-0.04439623775773346,9.117003788682476,1.8952900587298733,-0.12545634693917776,9.217792681759079,1.8734489441358066,0.0675110148218803,9.222907955051673,1.2012780995868004,-1.4495616707531829,9.292136789360736,1.489432563734633,-1.5731287779643357,9.242391016690952,1.7768051712046495,-1.3887562499630508,9.194193876210424,2.1628990414668867,-1.3608291677982562,9.131982162572019,2.4735974588201217,-1.4680557019402911,9.05099799602654,2.7215501245312144,-1.28116915339089,9.002801446721648,1.0115802982973316,-1.228841528132784,9.398310771323501,1.0094317813990492,-0.9296153241567203,9.468536127017096,1.0250767452176115,-0.6293420830144978,9.436121293575962,1.0636208192101169,-0.3490734926043785,9.482006936571631,1.135211975907503,-0.07879291162431722,9.459240646465998,1.2585645323937498,0.15516350420106118,9.410220997147523,1.4316564419863942,0.34224454684586175,9.423804188817234,1.6150558335483145,0.4833963580211556,9.325248967939483,1.8565521902323554,0.5578570105390892,9.232279927748932,2.0901033924915655,0.5378404856703436,9.15488853336744,2.304904779635177,0.43920959887919486,9.162477816423921,2.4651418107035568,0.299695399104122,9.056982950216211,2.5930537588938947,0.10277107265115978,8.968047772613321,2.696386104149408,-0.13918621208316134,8.985068075471684,2.777078016324947,-0.40412769218712763,9.010982346848861,2.8306234723102204,-0.6807816474938716,8.990205122475244,2.8568808614361445,-0.9774032841961885,8.936492733793076,1.8952900587298733,-0.4250751702307588,9.20027744351663
50,2025-12-17 11:23:23.892393,2.3422466344452135,-1.5585194726905387,12.90619514448859,1.8654206181199549,-1.6334623976429294,12.95010346136872,3.080296249783248,-1.4803047696581912,12.759090673362522,3.5801406225974057,-1.502383979247911,12.79631645172426,2.6125851629813366,-0.730157551639031,12.648775972379761,2.585252048758069,-0.4573123501979377,12.618851519404263,2.233322995222583,-0.6557980482874102,12.674068614846606,2.947527172479479,-0.5892003027948971,12.543843380206702,2.0894929202468946,-0.14114019901046862,12.782919858857214,3.025359057515053,-0.06938940268633041,12.56362257558543,2.55852103551632,-0.1772031656873412,12.586889850478407,2.514842388150851,0.09163717423925814,12.557743288297036,1.6789319139575185,-2.0351705716206494,13.001007700826367,2.0778188793605006,-2.2009056840828696,12.917404614084345,2.4905232149543193,-1.964031845632464,12.937415258696745,3.035643034893692,-1.9253642505343895,12.857732636646974,3.484094245849308,-2.083667505692837,12.780606206440385,3.848309362357049,-1.8283402212764046,12.754818182483605,1.4227281443750517,-1.7299726250937717,13.197346640155573,1.4059156981041232,-1.2953741803910082,13.176374968682431,1.4159834148089214,-0.8864328575681465,13.11306484687054,1.4581817476319021,-0.490433830595758,13.091267740127813,1.5480668546601364,-0.11598941560846186,13.066815931811918,1.7093773930035256,0.20445847918127663,12.99387026845433,1.9001555148393257,0.46035760136498105,12.690171942810045,2.15223303020868,0.655565615831239,12.642644197255931,2.478329193398786,0.7603736233851534,12.537273244532756,2.8101746300940698,0.7331224236573161,12.476678345307839,3.098733161816892,0.6051302973566759,12.43077125248583,3.3657273295866665,0.40972943584859456,12.4688373820165,3.6164186720411586,0.13688296283783835,12.612972730359385,3.770729081989731,-0.20211851299318764,12.63579923200342,3.884128634362184,-0.5761055505157704,12.636358723965122,3.9852940142502566,-0.9713635986461723,12.686090777825122,4.06588863648397,-1.413185191743928,12.749544564422903,2.55852103551632,-0.5892003027948971,12.749544564422903
51,2025-12-17 11:23:24.013666,-99.81104239725789,67.21513405981356,-556.9634158479247,-79.45152089596276,70.05262610371629,-558.9163218318226,-224.8280260158695,110.31665250291161,-940.4444424877225,-255.92357422930283,109.40364530536999,-919.7784915012165,-114.92798040970959,33.07474993303703,-564.4500570285608,-114.68587962277809,21.060196062970316,-566.8403685582778,-98.83412268730797,29.851352167803554,-569.2944379069661,-224.97460680070435,47.021869625977715,-969.8497409049608,-93.65222296739591,6.5324111726137,-580.5118056913279,-134.73265751002037,3.956231311134979,-564.8588640931405,-114.57457473720285,8.59247114654832,-571.8302621666686,-113.48493628294761,-3.6411136910238278,-574.995331327719,-71.04194490186232,86.80432373474474,-559.9465290676806,-60.358615727822226,64.48594905707877,-381.2877326461321,-104.01054579852784,82.9457733198459,-546.8844042240006,-125.73616314558866,80.90753732917334,-537.8139082402656,-142.28124964325266,86.58418852833654,-526.4077723913302,-269.39318171390516,130.58989252637332,-897.6006137731373,-61.042722189967854,73.85770348839498,-570.8658530369281,-61.61233895058443,56.512512964047325,-583.7235218694727,-110.89084369317668,69.01150436693665,-1034.858420624172,-115.21492003658999,38.22970060570143,-1041.4791402287046,-122.96449141010964,8.620623884740024,-1044.0863848849801,-136.73259334368092,-16.5910362605387,-1048.4379981100062,-152.7266464576343,-36.862617958778586,-1035.3566207833592,-172.49854653672836,-52.451444578488,-1026.603155519527,-198.01601948079667,-60.17467996580433,-1013.6375965289101,-222.8311447824637,-57.33484196969107,-999.5907929546643,-243.57107966485174,-46.500021385301935,-986.1650269687268,-1000.7829113909038,-115.12441500575336,-3725.334670436356,-274.3228541119105,-8.936702556241029,-959.3557552123916,-281.7562131690082,16.702803887872875,-946.5059200802863,-285.98749770467384,44.55174575935241,-932.8881724402625,-287.8817516522443,72.39545216385591,-918.694355826899,-287.2648250043799,102.1350060991789,-902.9702523640914,-134.73265751002037,38.22970060570143,-902.9702523640914
52,2025-12-17 11:23:24.139195,14.257967973372057,-9.777858981764135,80.57919564406512,19.453269876810662,-17.466741020734766,138.51121544745573,18.822441166175913,-9.322695433677316,79.52768130677482,18.283916791336747,-7.874917418991294,66.23746774909307,18.790729252771857,-5.536704331920001,93.23114083922565,12.736760682316525,-2.4016968757782178,63.58272104309762,14.479321539132464,-4.476110197960464,84.3334986039915,16.64031166105526,-3.511812660365992,72.38410337818665,11.22904628228726,-0.8602454143076909,70.46865379813117,8.279501515803105,-0.2721036503456804,35.03164184895741,10.051482738016947,-0.7959564753878402,50.747648788558536,9.775271615055305,0.27398839005784165,50.056579032074126,14.236671959560507,-17.768647162597656,114.06505910651288,17.292283409729315,-18.854844085639062,110.54925474121607,22.552448185256093,-18.280305419701566,119.98353162493117,21.334623495997196,-13.922363773886325,92.1110985350269,22.350828258477804,-13.77884654213122,83.42128742662513,20.3613120556305,-9.943125704612177,68.37686002116793,9.03853389237158,-11.219558259866526,86.26170203553835,7.614792904386497,-7.204412917162231,73.89711661096572,9.18551407890269,-5.830132747595716,87.47363699743023,7.622935114922194,-2.5761175896617745,70.2831568187219,9.380549835480224,-0.6694264392225349,81.12647103597492,7.511144377119854,0.9331917497280517,58.74066206538464,8.622681730811017,2.109334398265913,59.32121803535612,6.871233621929296,2.1031711507757893,41.408768255274225,8.101277481816108,2.48781158710877,41.943077181080824,9.010467016874456,2.345253165036841,40.83903931558547,9.548211371371252,1.8428030434984648,39.03223538287917,6.8110365101366375,0.8092942209943269,25.551339958843798,6.761844910802835,0.2218251308824748,23.849996908601312,9.402989199766962,-0.5599882026947192,31.817084626393267,9.663935682916273,-1.5152889838246641,31.757739722313524,12.177263385039748,-3.078953687616989,39.121278530302256,14.30945210674511,-5.121887664523575,45.30947957428467,10.051482738016947,-3.078953687616989,68.37686002116793
53,2025-12-17 11:23:24.271329,-25.948211306519394,18.080562958553674,-149.05043099860578,-20.390248723335862,18.80500243393044,-148.32235880644723,-34.863740489324655,17.62299994480714,-149.5850552863004,-36.466630938336486,16.005251413401048,-134.00926785029387,-38.00647022344147,11.55420895729252,-190.77830937735388,-33.16452763443323,6.486676664910578,-167.28055660530958,-32.15088852397821,10.177840138024601,-189.5402618882801,-37.79287378434639,8.258083683492968,-166.1143301733783,-29.575332268250907,2.4700074098280176,-186.65667441083073,-38.98210433874137,1.4255414427623938,-166.04952108339958,-37.46344559099018,3.1636560613129676,-190.48802000962144,-43.04537758426376,-0.8962691036804339,-221.40900101747303,-18.1618522985032,23.22180507843716,-149.07877328807902,-21.01756659596763,23.52557537515721,-137.57125662865081,-27.736156557994473,23.029085524993537,-150.48420015619337,-30.763272823389396,20.495740830915885,-135.04418362955607,-35.633743407428604,22.41960225453037,-135.27894737390574,-36.26190282118312,18.105624869528825,-123.73030114988948,-13.526322032962733,17.061706333017945,-131.80173828850283,-14.799039554819418,14.096096518045544,-145.62303890216825,-16.89370972880112,10.861595835533585,-163.07265844782333,-17.430276694422364,5.917972583146888,-161.71618306206568,-21.165138541069865,1.6221117773439624,-184.16671787162312,-27.446882683351816,-3.2902716157571597,-214.57378999233558,-31.411119560147394,-7.3570912490358245,-216.13537494793397,-30.737567861341574,-9.005301055288298,-184.54799894225212,-41.997749321233215,-12.337921720135574,-217.48706517761832,-40.857387643205996,-10.232267543047275,-185.78919028738216,-39.680832567394646,-7.3176304879838785,-163.16881993778912,-38.48341225592998,-4.376499211993843,-145.53246784948956,-41.08134802979574,-1.242431520622509,-146.4387779146809,-38.36644704708836,2.379050839068491,-131.27326448926752,-36.274830409311356,5.782430434877796,-120.7984617778153,-36.9186144428733,9.440119121912012,-120.21964019944107,-37.58337794964144,13.628604968847222,-120.82927360535442,-34.863740489324655,8.258083683492968,-150.48420015619337
54,2025-12-17 11:23:24.405984,6.933689401440118,-4.913544441483084,40.50120559970405,5.789563456283558,-5.447709314624252,42.96370179490541,8.654039501471066,-4.434437446640059,37.62224813176415,10.101427516298491,-4.497640414405547,37.63179975311826,7.302596884329262,-2.244067134131038,36.977168380776526,7.168427171970605,-1.437823985824519,36.57188658967816,6.535203858693832,-2.093752924175654,38.91632211928125,8.363401199557838,-1.8526731072450233,37.15339336151108,6.1953893884659195,-0.532910134075617,39.40940340687779,8.43848549103404,-0.33366129256224913,36.302585111692224,7.108326433965676,-0.6251811786699046,36.45486128763725,7.170884775126903,0.12453451974148157,37.00986684043219,5.3946502049626925,-7.052290325493954,45.28782955986073,6.189348452161493,-7.101518507441655,41.46993196545616,7.131132196739012,-6.019826142312359,39.361543860623094,8.48118709452295,-5.7406709760957035,37.82522484678327,9.650577254680755,-6.1604835803791325,37.18591686100357,10.499556246712267,-5.339226245033909,36.41274510772407,4.955246862009134,-6.473471930605343,50.077851833281144,4.900502028327639,-4.801589751607609,49.62753329099302,5.018315238117727,-3.301208087890168,49.58919635657326,5.337735017066959,-1.854269078714394,50.55319607123933,5.612070126228975,-0.44518913152205736,49.42702846307487,6.180128264779883,0.7361146551315342,48.638001938783354,6.565548919897531,1.5172680471202153,45.41289061425851,7.003422383287875,2.039496108162943,42.39666484940056,7.685672603960939,2.223834658485828,39.954578708408214,8.801700046769774,2.18641062640274,40.26475705003199,9.547509576224144,1.7426556671480535,39.5750799293417,10.416452538352603,1.1743357760191129,39.881570998373086,10.977068598112453,0.3090879883842714,39.56098575475642,11.487962426179369,-0.7298864594529794,39.85615914988026,11.009648986960679,-1.8031210618160196,37.20939549824738,11.795287078601561,-3.066250750571865,39.0308002429779,11.621225301319713,-4.28019660161161,37.94683389291188,7.170884775126903,-1.854269078714394,39.56098575475642
55,2025-12-17 11:23:24.525312,0.7660117916887608,-0.5590266987431205,4.554361430642725,0.6175647299606429,-0.6045469122107513,4.689180903626321,1.0329028375291174,-0.5395201023395187,4.550497122826696,1.2621616175698913,-0.5755487170705804,4.760157986620708,0.5805921341072132,-0.18040953929770417,2.970186353636091,0.5152375075499527,-0.10417442433211695,2.648912223195314,0.4715787722329011,-0.15519022613872277,2.8424902842480693,0.6348124683031741,-0.14382341426399214,2.842983165473966,0.36329700815119614,-0.03468492422033922,2.3260358175983606,0.5376753964829127,-0.02319150340000726,2.3285027016894406,0.4606146654956173,-0.04096824601827973,2.378634542300833,0.4201989349924612,0.005760639616371584,2.178823450582169,0.7334501786964329,-1.008609028277914,6.35924770159049,1.1489568963907846,-1.3627656475317516,7.892624579307466,1.1162163202624151,-0.9654141408413167,6.282611941089994,1.4185105484482017,-0.9779877943266668,6.4178928157363835,2.0594479555055587,-1.3393996910160642,8.053403289603553,1.8196369386051712,-0.9421090331458972,6.3956085120605985,0.45502027155701924,-0.642151472444842,4.802535920705165,0.3517809320650122,-0.3739769585775153,3.697261316822731,0.29785349838895553,-0.21630443636065194,3.045033905980836,0.26678896321837325,-0.10853351496304302,2.596895934484068,0.2543257471358149,-0.03219442490367657,2.285474140833708,0.25941033820004844,0.020712853410846405,2.076734145000243,0.27796957492839713,0.05628199201910335,1.9386039115194027,0.30312392326058785,0.08195098822021835,1.841985469626558,0.34481719319484927,0.09488490866178657,1.8011128951284012,0.3976973218934579,0.09253348496954944,1.8257934995308214,0.45766322301621765,0.07706247378765019,1.9077446558872715,0.5257487941770923,0.05208595430482935,2.0283586126773754,0.6111143720238622,0.009033793623339496,2.2225626298418106,0.7175307642664299,-0.055393817465944066,2.5133379989046314,0.8599372942176614,-0.14855852927672886,2.933727505193188,1.063350436824954,-0.2901386399485249,3.559314549265865,1.4011144613815518,-0.5330163111203157,4.634758363254884,0.5376753964829127,-0.14855852927672886,2.842983165473966
56,2025-12-17 11:23:24.660393,-0.08167232839485254,0.061248097856519745,-0.49636945755131495,-0.06427964303610277,0.0648658822173576,-0.5021344263923966,-0.10899049763864306,0.058238723787559794,-0.48819744420781785,-0.12598789555349782,0.05865710697283353,-0.48208404990287507,-0.09544418098396679,0.030029717916442898,-0.4972813558731229,-0.09499876952726966,0.01980878695333945,-0.4973790103294965,-0.08137928806420265,0.02762323171270761,-0.5012000210444333,-0.10840591083433275,0.02529385922102545,-0.4927481973926405,-0.07687522345979053,0.007933865680593727,-0.5039933203823449,-0.1120602589693122,0.005333882387088132,-0.49340457932959647,-0.09491926854476598,0.008831597082935615,-0.49904722397133194,-0.0948979357699534,-0.0010023855385066544,-0.5012776217568093,-0.05609735534205219,0.07999872646527771,-0.5022200817553605,-0.07052433986241145,0.08580941082040791,-0.49712881614526666,-0.0859280815519055,0.07587855972093854,-0.4940314983995364,-0.10615656072421789,0.07442919069895246,-0.4886832978135784,-0.12166265720579547,0.08027554121865225,-0.483072762280616,-0.1341654106384543,0.07078138199554042,-0.47800402245623536,-0.04602617490570508,0.06801531823672743,-0.5050733177235467,-0.04644197417455656,0.052029796459120176,-0.5070918752860817,-0.04798131886343071,0.036763065884331064,-0.5086946808694907,-0.05056027847970382,0.021622235676014057,-0.5097023848285568,-0.05491503354762042,0.007552958115742753,-0.5098263855185122,-0.06184894330910256,-0.004431682194308541,-0.5090203709167523,-0.0712641091668042,-0.013985178105253583,-0.50823271955416,-0.08165080830645044,-0.02170969585639552,-0.5061237310036903,-0.0943285470621386,-0.025706245888541774,-0.5019908361183851,-0.1069633218214852,-0.02443825365311736,-0.49887423548176985,-0.11699079867727488,-0.018886513662962786,-0.4951116574590048,-0.1256240322129858,-0.011476570195901549,-0.49082916942982263,-0.13204503776994778,-0.0012429246807266392,-0.48687749034311056,-0.1367127578291456,0.011395412665418719,-0.4844146726244619,-0.13932998091080143,0.025426744303868577,-0.4813800118748291,-0.14133652612177264,0.039747285994256115,-0.47855539938337593,-0.14132251024497508,0.05510441958647829,-0.4734132353879954,-0.09491926854476598,0.025426744303868577,-0.4972813558731229
57,2025-12-17 11:23:24.795894,-0.12330347883484484,0.09471224171528721,-0.7664412542554975,-0.09178577898584335,0.09549760937228419,-0.7379274356269498,-0.17807464521280672,0.0969388026461644,-0.8141162324133173,-0.21760642518281242,0.10284639601689136,-0.8475709195091118,-0.15046896017488479,0.04794213295149634,-0.8033852428753147,-0.15110513150148155,0.032049349439019166,-0.8075201964568347,-0.12384044288524512,0.04328331439428287,-0.780545285612768,-0.17864372671109693,0.04244047833965644,-0.8290265117570025,-0.11699419972715247,0.013363948347850622,-0.7815624306435897,-0.18848114429063875,0.00961797209794599,-0.8461890270387775,-0.1513219086002728,0.01458240139377703,-0.8120781983202049,-0.1509132276635822,-0.00119349941509873,-0.8161181821895307,-0.07837708469857382,0.11478646216350182,-0.7203936987016066,-0.10212810468915742,0.12755279973985373,-0.7390118217687166,-0.12992466305471703,0.11764496684044991,-0.7665708078621187,-0.16972881661273923,0.12182633708414804,-0.8007884460236633,-0.2038330852704904,0.13723629871257617,-0.8269845517099694,-0.23685624635469835,0.1269045554671328,-0.8581719104263458,-0.06438986991000804,0.09633439631224734,-0.7120170404122879,-0.06529636377851158,0.07428356696388928,-0.7184903173946229,-0.06795056566106926,0.05319103866844661,-0.7262845657524272,-0.07248984166083867,0.03245352414736578,-0.7361489953302212,-0.07995267094681151,0.012524582920461607,-0.7475591094059751,-0.09211237349999404,-0.004844185872061554,-0.763360020534843,-0.10784062138530627,-0.01993172600678321,-0.7813946273482284,-0.1270368484011309,-0.03293505695389429,-0.8019918793310019,-0.15295357561691342,-0.040528450361035,-0.8270754102642709,-0.17866880153893297,-0.040311699544474715,-0.8499898917391397,-0.20117404205577985,-0.032165619140113885,-0.8675206251311334,-0.22173292528481037,-0.01998692919646431,-0.8818804242004318,-0.23758703523971123,-0.0015947206580636888,-0.8908450772848564,-0.2481368144525781,0.021134899495401052,-0.8939731103391515,-0.2542898676194492,0.04699271081372106,-0.8929936396777797,-0.25878002013387186,0.07378935389980985,-0.8902040634867133,-0.2603254187943967,0.10279994399353524,-0.8836880996303346,-0.15110513150148155,0.04328331439428287,-0.8075201964568347
58,2025-12-17 11:23:24.929115,0.9141654331625909,-0.7202624656689905,5.7955651031470765,0.7062882001024088,-0.7584552524153441,5.817300533664321,1.2262163796604992,-0.677233475217054,5.724235882294301,1.434194031307302,-0.6832908486338998,5.704698344281167,1.0839580785365006,-0.3466495228843876,5.856477418072573,1.0997462120220598,-0.23436828034864554,5.969801563976922,0.9402949951849969,-0.33572730203188644,6.0066849231995585,1.256628680259121,-0.29943678748142505,5.932676454842167,0.9062811940923254,-0.11252732370092083,6.189441774376887,1.3251609145191174,-0.0663468796928703,6.058797933384414,1.1089157089238686,-0.10833256437112265,6.046948092703818,1.11450949538055,0.00493106470367419,6.115650777190586,0.6087774406538361,-0.9302768196145724,5.788082923094457,0.7618194390432823,-0.9787648643337139,5.641886702625946,0.9408331962585448,-0.8648509481124617,5.643195445399015,1.1732863386334413,-0.8501507415521157,5.628674476148638,1.3395000329318698,-0.907968617423259,5.532871068311957,1.513871922561017,-0.8171562030704684,5.605773247515754,0.5144011656353156,-0.8313886544221738,6.02218607621414,0.5298478668981077,-0.6508574238281211,6.1467447619823625,0.5585449060218298,-0.4726497287764976,6.263354999494066,0.6068692494789286,-0.2950683379168635,6.39624713615014,0.6653165281779546,-0.1171524294837792,6.460105371352688,0.7681470876398037,0.03518056679642341,6.534413228835199,0.8761860880983366,0.16373836996159732,6.488503401065183,0.9944803940055433,0.26321168839407166,6.411430941856337,1.1587821334602042,0.3145797646334922,6.381935540515683,1.3154139751603138,0.3039268109799754,6.370063716279018,1.4387227854663387,0.23599856278660472,6.333014624738768,1.5352588840701507,0.14553585764022978,6.26064835349389,1.607686033903689,0.016276939785764225,6.187853301378326,1.6507732579883754,-0.13981164829432188,6.120087717482539,1.666668694218352,-0.3086942965161692,6.018768981364511,1.6704433260536309,-0.481354680598295,5.9086735277007865,1.6551421252942398,-0.6630829354007003,5.787884692921985,1.1089157089238686,-0.3086942965161692,6.02218607621414
59,2025-12-17 11:23:25.059710,9.431210309608204,-7.497109734793371,61.18486252871916,8.676301761011418,-9.273655407623409,72.84990693844483,13.200043399947885,-7.517687342779053,63.20584777775565,16.113830299218208,-8.009469613360832,66.0973751039023,10.026908969793313,-3.282313019421844,54.80581902040763,11.382484370503132,-2.4177042665871573,62.79503499164728,12.276030432283363,-4.243309450085558,80.01134533347954,13.540240260835006,-3.299023217995587,65.35436425344692,14.400620889169456,-1.3546381827850331,101.02462817241313,18.49810275456191,-0.9215486537176499,86.479373818297,13.081128963103213,-1.1918642001153155,72.52993847681893,14.97952585943696,0.22150464846140694,83.61439692120781,8.488136546614822,-12.872515710859448,82.41696233023016,7.520090777657459,-9.679768570679698,56.38513636184689,9.18311496724815,-8.53343900897725,55.90205941519443,10.727300833578202,-7.965188655945326,52.67629970205482,11.567369024385224,-8.13714444754133,49.12089802993248,17.81893855621426,-10.04934164829152,68.17602065300177,11.386789880093913,-18.547763579008066,141.9927870207234,12.561819825137908,-15.12974832305728,155.40750001576782,19.040914590297124,-14.978254654015538,227.60515038803644,20.255136805165805,-8.061645730860434,229.1733981887368,32.775286990479415,-2.3018415056925914,338.8184919689578,35.98416746997623,5.583066129409946,323.2679670092649,38.01439495534701,10.396166659888447,292.44419189130014,23.322246826077738,7.520941004593923,154.1002301179124,25.496505649794315,7.974986572125136,143.5402586607082,32.84090428322159,8.611237920462484,163.19908481433737,33.27280813412089,6.1945221898469285,150.85987923936148,42.85647394274029,4.626319125751831,180.4540684608084,33.719951094272226,0.5585513464987953,134.28917525431592,31.20683691415219,-2.635932405950299,120.02072766966074,29.51787745718053,-5.661622045577663,110.76898765729067,23.73833233068498,-7.15917984474573,87.41926529428343,22.841049771193372,-9.5809630601366,83.26892192413898,16.113830299218208,-4.243309450085558,86.479373818297
60,2025-12-17 11:23:25.190562,1.2118069881863631,-0.9988385733638289,8.160490811709872,0.9246683939295657,-1.0497263847668785,8.202840485033796,1.6449784067889397,-0.9657334728569285,8.073605208160656,1.920565280465007,-0.9837651415944139,8.026866316640822,1.4350053494053663,-0.4685783695876685,8.035024742903849,1.4330785076620638,-0.3062705149635712,8.107313861100026,1.211997976198144,-0.43884131527273773,8.166846802251479,1.6425418537035932,-0.40847664134610395,8.09767584280798,1.1373314915070918,-0.12222513272184171,8.235124466834385,1.7018559834133367,-0.09766763914591843,8.098449707143667,1.4283611211367657,-0.13198273806102057,8.100958504151725,1.4249005889921307,0.01652573858748798,8.11947779438702,0.7930454956021555,-1.2963377004710708,8.22451342164903,1.031894356659859,-1.392485298379899,8.114841062096552,1.2744130223550012,-1.2306599751865976,8.06085825015171,1.6011579959531115,-1.219538202147327,8.070509333504333,1.8558690523136523,-1.3347379031956834,8.058412633926737,2.0503779134358564,-1.1944036149626145,7.98695580154654,0.6241056222689856,-1.120307114447572,8.401730896297144,0.6302868887244901,-0.8438004389281114,8.411240343881277,0.6628872001962453,-0.5866041403189847,8.44536664603663,0.7033504931086139,-0.3281758656512876,8.446778901019249,0.7790911762241308,-0.0936567059365921,8.461104387961697,0.9014033548111917,0.10841472970147668,8.43240545891112,1.0503326375024835,0.26001013315180893,8.362098026622045,1.2175548749196354,0.37787294727479304,8.278433823699434,1.4342136454197214,0.43351476748983403,8.255190319137727,1.6224710647362701,0.40318225115604917,8.208183750906258,1.7778399547964303,0.3060167766937251,8.203559372638187,1.9075152532521344,0.17295421272792774,8.176077832371748,2.0230349073222462,0.0031400979535728206,8.196133328714204,2.091517303578281,-0.20944989665358268,8.16827288858966,2.142514026552962,-0.44543001502579016,8.154808201957591,2.174057901766248,-0.6901130689548337,8.13288724119749,2.1966114789765596,-0.9607656342061949,8.143193958462854,1.4330785076620638,-0.43884131527273773,8.166846802251479
61,2025-12-17 11:23:25.314622,4.274450455535869,-3.6119408828760724,29.689789423455565,3.17946969398273,-3.7292712617439343,29.327412351123154,5.92605048177343,-3.5418589512595804,29.84207257188272,6.79228704642284,-3.533008097490153,29.036728481813007,5.37174997181529,-1.7619063416532348,30.994796420168882,5.277143296078901,-1.1520840044848726,30.70761605141621,4.414709573802981,-1.644158602229055,30.642411996169283,5.914359285388625,-1.5052081195023792,29.916862481792645,4.121189008975678,-0.49379635834541086,30.622309269865532,6.448710549149913,-0.39774366322003424,31.460632750955526,5.326453979215734,-0.5028849655658376,31.01057564340673,5.345283872147125,0.04332844147615359,31.260405031683604,2.672298127939566,-4.5579544879897345,29.045453006835015,3.612053630016612,-5.027982448561681,29.58574192229542,4.451991742572278,-4.407442818861504,29.19791260630581,5.67734017609803,-4.414776078036927,29.38804364900117,6.61193346729,-4.860336517083541,29.373401340347602,7.0349336240452285,-4.166202527935044,28.003294745283377,2.1078455074945155,-3.9587234199572423,29.45325067651794,2.1181129475296947,-2.981261462618907,29.324806959487017,2.265694143832838,-2.121771156604354,29.6539542839009,2.3628152088275822,-1.210177220329865,29.065607228550128,2.6981404702269485,-0.44257509862202954,29.83336083734807,3.1018820488047387,0.24581886033481995,29.640270423756608,3.6562439828566955,0.7929177124978328,29.789054967385987,4.278898234674144,1.237151050962114,29.89507203254521,5.153960549025546,1.4617190273785066,30.42533140540979,5.952517686568677,1.3936351962029798,30.85626327165664,6.47441548618851,1.027502343008459,30.60952866847341,6.907843972557333,0.5515686424927125,30.294869413230366,7.3562572382482445,-0.07995996694828168,30.45969727486195,7.519983439014235,-0.8348628709191305,29.98966732902003,7.740873951669321,-1.6926292510395922,30.03285466224583,7.5851404559117075,-2.492891703254743,28.93272484097928,7.516118897619992,-3.384639411661916,28.34694779499754,5.326453979215734,-1.644158602229055,29.83336083734807
62,2025-12-17 11:23:25.442049,0.5948744322917974,-0.5171114589901153,4.281182274690612,0.4498087400047008,-0.5458284945540262,4.320097163548241,0.8129535942739818,-0.49730499237989984,4.219587501807677,0.9586777999244878,-0.5114129218808333,4.207010677403889,0.7100388368331088,-0.23812524948325642,4.243159107491932,0.7121285791401653,-0.15827831279282792,4.277795774611303,0.6002026955035006,-0.22733970701860787,4.308920142142643,0.8226901058431177,-0.21536014456403538,4.275363521478413,0.5668051295479462,-0.06812219365684506,4.360076475690834,0.8501479381430055,-0.05217569952667669,4.27908008194438,0.7143052636255207,-0.06798955848874867,4.29811801785654,0.7107791516544327,0.007493249938205813,4.298336343794389,0.3801237188291341,-0.6756371383175719,4.330941022301956,0.4968747259209508,-0.7161327819813019,4.2517064456360805,0.6258058583890441,-0.6368058384154494,4.244301388164928,0.7888265139808156,-0.6285580269086629,4.210749789112424,0.911005295995746,-0.6853871359665701,4.169638242179983,1.0238900326756484,-0.6237564020882975,4.177849340351094,0.2960526106754469,-0.590133615695777,4.4161149254391345,0.30445308665966914,-0.44918382954151337,4.446136161820853,0.32462276078131463,-0.31685282916300944,4.4665408988863975,0.3505353963710322,-0.18717399498959197,4.4804052299098105,0.3898364241116487,-0.06562879105573681,4.474937397733883,0.45492785346683,0.03548270689854824,4.483335706316946,0.5323452174887472,0.11641953666203467,4.459001236143171,0.6168252707985854,0.18004003191197013,4.416476812166729,0.7226341790189152,0.20757801665700798,4.375519727997449,0.816047393877083,0.1935003274463992,4.345959454497847,0.893991793846899,0.14254576370682245,4.330880703985476,0.9627027497700011,0.07541247077919362,4.320938089842163,1.0122240225277694,-0.014125695115921169,4.297700283764496,1.0452189706272315,-0.1218506272850424,4.271346552620369,1.0685673919237832,-0.24243964533933277,4.25893538055055,1.0876304978188884,-0.36831032676480496,4.245649454825661,1.0929192718140894,-0.5067523356860613,4.2209951575224185,0.7121285791401653,-0.22733970701860787,4.29811801785654
63,2025-12-17 11:23:25.568624,94.44222144256486,-85.905547588442,707.0666109862459,58.69270724128389,-75.78951300941019,596.28471475867,73.36872547618333,-46.303138956426366,390.34637713616917,75.36127306001545,-40.91362567454294,338.79036702810396,18.061010615224887,-6.5234015046026625,110.63816018190084,50.25996239171789,-11.93530638626413,311.0336913247301,66.64348034714831,-26.738159720542548,498.7571844284536,39.69018590501396,-10.688712655894568,212.13485106277895,27.685659008959096,-3.3454587011845174,225.2643841862842,12.342062318685121,-0.7654594779197438,63.69414935872401,38.40227079961282,-3.9083557413918935,238.88363603883735,7.526155153399493,0.05526472028655349,47.12768791837738,200.83545726905274,-382.8217720507183,2455.5271265917604,132.6746628528788,-200.4349172725221,1180.2855782524546,98.05281408995639,-103.2804949909958,684.9893745146087,90.24895122677314,-73.77639725002877,494.238068090894,97.18774952157354,-74.43340265349472,454.90402254956786,91.24926771204655,-56.34180541812106,381.7921461445592,38.83413803550927,-87.09536636102149,659.8083011301596,-33.58786963523687,55.79328646706319,-564.3142649826789,-13.53837006906401,14.667238890330694,-215.88978449015042,-34.777337530946326,19.59656957784091,-512.6605488446688,-10.325183780462272,1.3982937137660347,-134.28416315371393,-8.874146151238119,-1.321569573865197,-97.29609430220485,-6.871742698186795,-1.9894538034814333,-62.523932429023574,-6.946533591293179,-2.4333122087799106,-52.846366642636355,2.0718703555503395,0.6766570500360368,13.069652536928166,8.208876975888003,2.179838531505725,45.100832784337484,14.685033825771981,2.672571757276856,72.99209900570276,39.4990154131807,3.7898027502765785,181.70960337979653,184.92633254301748,-0.10131623685943986,802.7369182981329,39.57794527936897,-4.346166822017544,165.34258370562029,190.93665426567188,-42.36890831926893,779.0132760599497,705.7739948362516,-237.13303982437745,2826.8598442441266,227.12177136930825,-105.05138646779683,900.2885986335032,39.57794527936897,-6.5234015046026625,238.88363603883735
64,2025-12-17 11:23:25.695389,-15.754460749997913,14.988797733718906,-123.34782767263324,-18.648911207830203,25.47825541679137,-200.4761832301198,-17.438861629133022,11.308638845226836,-95.5345573499661,-18.390896015569833,10.218004014260918,-84.79943648116887,-11.622603366997254,4.291299196867398,-73.66255091480299,-15.915948645762217,3.918437463828719,-101.9495611786932,-16.202957854569036,6.777730109457695,-126.46486594266412,-17.350313139104507,4.818754624424489,-95.74659452320506,-21.871525408495554,2.8378457468400207,-187.23888327636055,-18.484176341209004,1.1140332918521574,-98.43936332527048,-14.92512237618178,1.58918881646977,-96.24997184084997,-16.681373642061647,-0.1835632800399156,-108.8735036091576,-25.816741573195326,52.645265482128934,-337.87016367365413,-13.160656415929832,20.91356054426826,-123.20855472213056,-13.311109606953902,14.538521185329094,-96.50491201839746,-13.87312206735739,11.67155730415673,-78.32028142486686,-15.101518693205332,11.816621101429673,-72.4128448551704,-20.608370424941477,12.951530731441906,-88.05908896334326,15.190845584318012,-37.3946815437707,283.40085599532443,12.232900943510614,-22.509297340266144,226.21985197951958,13.387602608928756,-16.145453908985207,235.0920755304349,12.036304346321598,-7.472765837360434,192.5643416711897,13.869628053456815,-2.164924170151909,194.8505253330905,20.622484408657154,3.1286689873427407,240.14578033908438,52.301246108685895,15.633267914670459,500.6027073613875,-75.63077269891083,-27.51607749783947,-600.6057778051646,-40.537147037279375,-13.736550404879237,-265.1483470442196,-41.688042755229226,-11.410287971399754,-236.47863775144313,-42.397572663976725,-7.926790622262987,-217.3011184881084,-47.30015770486754,-4.551466746716498,-223.5782140412569,-38.489751109507104,0.06956400542819544,-171.31819546676158,-34.487221649473,3.890264907656843,-147.92228656987825,-35.70317084994086,8.146319974580539,-149.21540491100828,-35.134942112599056,12.171969094051844,-144.18709766331457,-34.077811148623724,16.11182896243119,-138.0802559857272,-17.350313139104507,3.918437463828719,-101.9495611786932
65,2025-12-17 11:23:25.822299,9.495925244599695,-9.474945959502397,79.06181667156342,6.639312195877257,-9.586388541425702,78.28127837529735,13.276425513376974,-9.010602128139512,75.63790382763331,16.05640079327004,-9.396308925626752,76.55627033443378,11.218192295972608,-4.565428396511597,73.80081851668629,11.638579452242109,-3.0392739230717076,77.76410642677811,9.40131633120146,-4.030544098831428,77.34412407973612,13.658362897361112,-4.034281073145811,78.07067180703434,8.805240490465781,-0.959703530406075,80.68532674831938,14.025065272797134,-0.9829768009958463,77.0731266668026,12.24921718024239,-1.4676791408733851,82.294513655416,10.4290691179513,0.08709677223785897,71.02570869141105,5.32560669724481,-11.765871437522684,78.91055485085211,7.422050725699141,-12.591608643402386,75.21609718953201,9.816343929537423,-11.307053683533155,75.10454232164138,12.937174765047224,-11.490526893848338,75.97394036518183,14.75365830765271,-12.185734733878029,73.23720498590835,16.523917005149784,-10.834806209552774,72.83327985937036,3.8041638167827116,-10.714029264552861,89.25626669307364,3.8183720401434873,-7.627857895840392,87.76766889136442,4.391614094488415,-5.216998143375967,92.84821194478582,4.846800543213859,-2.3675241903926367,92.29229799102662,5.631763729574452,0.178382151856711,91.31297923966717,7.016709354716154,2.2888919257105007,90.77863469729934,8.67584224445212,3.6874366694185916,89.19029762555672,10.697892825605187,4.686016646315009,89.49724756929066,12.437022071101358,4.756967778956961,84.83586054415929,13.49101997363889,4.108485599026613,79.2656013399154,16.31185692571502,3.410412676627833,86.49374172291253,16.756723855626834,1.9043215950482582,81.82695356930392,18.08275743309259,0.09672654296603089,83.14632362186303,19.04849695413726,-2.146498388440684,84.33230427598595,18.4565154735946,-4.280218505348411,79.76901284462996,18.975065598069406,-6.722322118114177,80.53246342694933,18.391608156593694,-8.94352677682123,77.22393885183519,11.638579452242109,-4.034281073145811,79.2656013399154
66,2025-12-17 11:23:25.943162,2.1873306762212,-2.3098153189255854,19.280588924576033,1.521204878678391,-2.390564731543917,19.528745287683815,3.1450700055384964,-2.2320294751301204,18.637236440040045,3.8419847423862645,-2.332295436299566,18.90815424574528,2.4789109575785364,-1.0654677496492646,17.040228371729132,2.5295826919212883,-0.6885638156119639,17.627949305787833,2.0747711791247556,-0.940611603835315,18.071171035012,3.0679740015582224,-0.9382718421886143,18.15675361921798,1.8917052441694953,-0.20562372266815007,18.38868792737007,3.1153686414331347,-0.22577483919460775,17.7207744034222,2.503730457801261,-0.2999771118652953,17.5548181132372,2.374067808019994,0.008067281652076567,16.83757782591896,1.233602187117171,-3.0444527935697296,20.42272968828464,1.7677874266222733,-3.2542003917245186,19.366336628978235,2.3964477733470737,-2.925150063463224,19.343488486734866,3.0726053747512134,-2.850411575189119,18.76555024878049,3.6635667078364533,-3.161186988942345,18.854451256990604,4.238530589218933,-2.888702453865947,19.246067363449026,0.7718362599062938,-2.5967344102184273,21.90432127505635,0.7745254712598804,-1.8195060829897303,21.29935430280837,0.8554035547483311,-1.1407825966106686,21.12566850690046,0.951134571014691,-0.4888578860924854,20.80361022488296,1.1289153224101287,0.08629085224742396,20.662053411672932,1.439209525693636,0.5593532136949115,20.408539293098052,1.7666425467675488,0.8474946716181582,19.45864615033455,2.149380776368908,1.032407637685817,18.93994485151455,2.5601887847988962,1.0493364869667492,18.23532602666684,2.9294378341265443,0.9377141521313669,17.841852153900437,3.4586458596327034,0.7723356376956533,18.902887838722258,3.7417859503892497,0.4519417741336171,18.825042524911982,3.9895096932759038,0.03587988289316552,18.847270838459703,4.270315473867039,-0.47985069197123625,19.429731758933514,4.315274318124035,-1.0266050624676348,19.14738599207558,4.5201287968859,-1.6450548444245436,19.720239637858032,4.599578500218912,-2.314029074709359,19.880717653645746,2.503730457801261,-0.940611603835315,18.93994485151455
67,2025-12-17 11:23:26.075787,5.6146919015598975,-6.203583125265268,51.48853701587118,3.8895273614862393,-6.426919824968328,52.17609608179603,7.830014002598529,-5.772254298308297,48.20715125312739,9.235831931875289,-5.851547393853593,47.19394611209738,8.246517629906014,-3.5833469323874536,58.714695284207515,7.888217166321132,-2.258365439996492,56.76164429864711,5.865623609530245,-2.796294404118306,52.9484070820019,8.485038270611806,-2.764323731367058,52.03473076550488,5.508942090378732,-0.7760003051213689,55.21066750236243,8.54647122993882,-0.7513465969310265,50.49083140744612,8.015700585047629,-1.0764041158275819,58.021813362255735,7.49000780902632,-0.010427903090198075,54.89571663562755,2.877061937767168,-7.547049755740907,50.14322028998933,4.5422590629422075,-8.713151596805579,52.084930406626114,6.598779135560864,-8.400246756320696,55.59978207516322,8.102795201210292,-7.76555173722285,51.436675476491274,8.762644808876836,-7.819931237992907,46.91035714108373,9.07881420288453,-6.45337154616842,42.82440789333184,1.5308520329606647,-5.725321231463523,46.57679327905196,1.585295331675909,-4.152573942954474,46.22446312950004,1.8100029335182344,-2.7982545686483165,47.38962551681243,2.053453915592584,-1.3652759888509385,46.69639706594281,2.5746346723998204,-0.11994853326418659,48.67358111856193,3.3563144857191682,0.9883831609005614,49.099089053478586,4.375901956265446,1.8365605592696512,49.83132677891499,5.705131482921831,2.49094418460446,51.95222653338193,7.425188324478727,2.8244675634522474,54.640542604944116,7.857177210618124,2.338834105755842,49.48128132393432,8.354592662629774,1.6246256973269704,47.326546311779474,8.571072721432577,0.8102402075694174,44.7641450281997,8.477303739124205,-0.133702873256175,41.55452648532039,8.924359413966709,-1.2567144419133782,42.19146683957276,8.924243352236642,-2.353713574754791,41.111928403853156,9.149215012959099,-3.611534950103166,41.51169083494575,8.923681007988899,-4.781284494825613,40.09167911048403,7.830014002598529,-2.764323731367058,49.48128132393432
68,2025-12-17 11:23:26.205856,1.196658975759446,-1.4155314980528142,11.682372459036381,0.8123468331115574,-1.463345722960286,11.815179164796113,1.801720494055799,-1.4077872651910306,11.62940062442939,2.190766177514427,-1.4656038045258335,11.6956194703712,1.5204117096091552,-0.6925810813691992,11.356775604980285,1.5251125147624383,-0.4663573241902655,11.529138230120411,1.228944044919968,-0.6381476997924875,11.768924033346384,1.806724108393081,-0.6335253795159386,11.619489974246024,1.102827512776671,-0.18345605020595,11.826759210202974,1.8815440524899778,-0.1996031249414257,11.66108633524807,1.524310016047372,-0.22306020254039371,11.596043085998398,1.4945583718168312,-0.01965556184976064,11.564314192830649,0.6158902981916184,-1.800981894422655,11.908806573339055,0.9392417395313999,-1.931532673473135,11.552477300426983,1.299044688436369,-1.7354580317421637,11.545081827891874,1.7302331954541286,-1.7363457673056553,11.50713751170716,2.068358442158606,-1.9322452637919583,11.550360114853815,2.3844641327807983,-1.7951534892974628,11.755056115554874,0.3317465571933448,-1.5366281110773645,12.28047880524302,0.3495109577942761,-1.139582576473662,12.288740441724997,0.3970264385606103,-0.7611946195128022,12.271863587093698,0.464878989857915,-0.4059004690644262,12.338761774052434,0.5807082737356806,-0.07449569298437912,12.387466159425152,0.766986157299369,0.20513602058576313,12.424974303225014,0.9940891063382891,0.407169635062436,12.242844559300385,1.2417648649965642,0.542919913592183,12.073531197501447,1.537041712431188,0.5896688722316096,11.926294351525128,1.8180644444270981,0.5254034355540006,12.03015791226374,2.0263909863835634,0.3681319597949471,12.054882303955633,2.2082100762853853,0.1653770030465938,12.088625894913234,2.3588410466421723,-0.10167724546600247,12.129188252783665,2.436592105007067,-0.412425494666611,12.059589317668141,2.4826417039267477,-0.7380880483387111,11.981875879406434,2.526141634479809,-1.0863897156143074,11.990821881969554,2.5501726168044514,-1.4708298522337377,11.979354738291693,1.524310016047372,-0.6381476997924875,11.908806573339055
69,2025-12-17 11:23:26.333393,4.670054131274232,-5.816108736797247,48.06993674256272,3.262671904184844,-6.4017243684540315,51.980156152131855,6.754873351379171,-5.454406885079495,45.08509507182258,8.770090300016323,-5.989709672264019,48.1204391738902,5.631510975782323,-2.758344094028407,43.68791070428352,6.015670419051322,-1.9454703451251292,47.26580115095613,5.148723682739598,-2.7736686709922056,51.88297529527584,7.085743653123709,-2.5600430229379314,47.012452284065525,5.062918167624209,-0.8109180266978427,57.765542506075285,8.179176352329154,-0.852307350333801,52.089130163364594,6.47299240764562,-0.9851921025896061,51.20543804370875,6.60552120119348,-0.08585281955983322,53.021308022732924,2.296406092419726,-7.499379696609459,50.08541669728348,3.3441995756330827,-7.399662750593366,44.100747695277995,4.715969595242704,-6.668127990365013,44.124093362579835,6.126195103188326,-6.412750494327539,42.28921937569245,7.255720028648544,-6.976155983716505,41.70834244625019,9.100369393875951,-6.963329737112133,46.07918222736013,1.4224326680099137,-8.197827035844591,67.58942843501192,1.5827591360788333,-6.286450002366011,70.6836727380092,2.0178670760131245,-4.505654649292625,77.11208921335195,2.594700569763126,-2.3530438168178227,82.62238844124698,3.6307966970129466,-0.09426884516562746,90.36024115800036,5.323122115631613,2.1424607614026496,96.07114968500603,6.050807647028094,3.0786019690230093,80.44660784018905,6.8741332391756,3.473440837975058,70.47629872176557,7.738956304755946,3.304413870196249,62.29287499781211,9.258295091207321,3.0293534968614013,63.025918155683634,10.233167172628615,2.175284765826087,62.309670875855964,11.1174973741677,1.1242531784467984,62.076991988188446,11.564255426729845,-0.23979425410879202,60.61810439580374,10.921453092480405,-1.6800644149403492,55.096379507856234,10.917722168467035,-3.1460845521106275,53.739438467814644,11.360264709583054,-4.819072216114945,55.053260490402934,10.923529486781593,-6.2761536510458455,52.43940040118888,6.47299240764562,-2.758344094028407,53.021308022732924
70,2025-12-17 11:23:26.578145,2.685066949015594,-3.566542092248411,29.100608371555655,1.6301151256151931,-3.5792519469875144,28.406467177671978,4.293383672449094,-3.594756408881716,29.5454976576022,5.2984067804790556,-3.7363130915937144,29.676002021829742,3.3902285326218236,-1.7066251055080996,27.356872389816168,3.405665973486854,-1.1463288733134493,27.865963470891018,2.6692084311568456,-1.5558501943404501,28.33476779145083,4.211312242131379,-1.5665604681248502,28.769224794847837,2.391709818939551,-0.46945529606931014,28.935170842319895,4.356291015172745,-0.48680075998860006,28.490569318398467,3.3676435190547562,-0.5538343581524793,27.769543066147563,3.3230462260266873,-0.067000540998931,27.684376090645575,1.1747033060162824,-4.466259209569587,29.256735302559814,2.0210511627002283,-4.8691278833847855,28.7529015820637,2.8744766955575183,-4.318011406201727,28.32779358933126,4.059672380883299,-4.410702354104451,28.97521512530773,5.047600227698344,-4.995681808120294,29.760151155731595,5.840846548178587,-4.589025232325147,30.09138849587243,0.5020257585555797,-3.8386774029973765,30.324988779288596,0.5452685590946278,-2.852015318192151,30.281593348223737,0.6415671036784572,-1.9360907673293746,30.160000627847758,0.8095199958727154,-1.0279650872424924,29.934790796689505,1.0580683379939448,-0.22110896271166197,29.62953500123102,1.486217200588312,0.46096060965568586,29.218476204466374,2.025306918309769,0.9558903167435797,28.756128964253566,2.621706369339513,1.2923576919543336,28.298611818561476,3.396963460179409,1.4475702699067157,28.45754759292485,4.094880367974352,1.318937791673469,28.77668905114473,4.680083183669602,0.9574302156723079,29.26929873823994,5.221019682866762,0.47329956262538775,29.827325747745324,5.702287878954296,-0.18797773562960418,30.493136678049275,6.084459465961093,-0.9984200764188977,31.255970561130574,6.25364683011394,-1.8785139964761526,31.286289473001034,6.37274956741914,-2.8117435844332954,31.33074348143216,6.429269288491188,-3.8180520835305884,31.32379092071044,3.3902285326218236,-1.5665604681248502,29.218476204466374
71,2025-12-17 11:23:26.707127,1.7805896857836059,-2.5703083905159145,20.84027417984413,1.0661807737029008,-2.6280836104294147,20.986915055975263,2.8764242210716846,-2.5770148813441276,20.810461899330978,3.6073326508525003,-2.711854612455436,21.045498235216957,2.4831184460885476,-1.2969885032721231,21.012614757459065,2.455654050706198,-0.8679734731396611,21.052672231499223,1.8771978395184823,-1.1650261766222916,21.23361265407997,2.9656616961733095,-1.1800192623462098,21.13811967038743,1.654923483751321,-0.3613121975531475,21.33022017525316,3.1643563484364052,-0.3984034875294892,21.44263196605749,2.478628956794174,-0.430128167213971,21.36492364571386,2.476956843688924,-0.05312401455773514,21.54065292068414,0.6753466873015559,-3.13377569415745,20.542809231560657,1.2714695566632717,-3.438696307030635,20.315133721465596,1.9228377624792303,-3.110944501966189,20.42530728824021,2.7466890768455348,-3.1783885578345115,20.69211485984891,3.33048835527119,-3.517252423072936,20.611194148494665,3.9087255408180464,-3.269893099303973,20.94053330914483,0.2091828921178906,-2.6871025542869686,21.11820152340333,0.2560769265566765,-2.0204427457972174,21.30270846151366,0.336597799619071,-1.3835062366872262,21.284651484860444,0.4813086638477901,-0.7658833242959722,21.84474996084112,0.6836104936569759,-0.17868789752877018,21.90204619111341,1.0080436036651519,0.3252211599486343,21.74165274092895,1.4665607936794716,0.7208515753801618,22.168473275466475,1.9508404268140243,0.993215427914374,22.09094157854023,2.5263362915549537,1.0868857943903527,21.98725603472379,3.0078944984549962,0.9565648112619282,21.907242431892794,3.3820722876457263,0.6514796386625702,21.858905112758784,3.6955178278265883,0.2670530233487093,21.82567452393379,3.9482872006188567,-0.22942327431784856,21.803601231975474,4.048378601112137,-0.793631434001304,21.489117813552422,4.116793758810724,-1.3875681861296807,21.297600538688755,4.17768332516814,-2.01525135011818,21.25270655863786,4.250218749173399,-2.7271075842910166,21.472954929327624,2.478628956794174,-1.1800192623462098,21.297600538688755
72,2025-12-17 11:23:26.827504,0.20352553422648514,-0.31861989359402454,2.5856731724066937,0.11455466709178384,-0.32480813252292573,2.599138250298676,0.3363481355214987,-0.3162082480703877,2.555849049880898,0.42012176892559633,-0.3293208362544245,2.547764365439949,0.2858704955050303,-0.15887666343491827,2.5720495232807954,0.2865601004390818,-0.10762299282934283,2.6115341470616675,0.2143008810701423,-0.14330847726379853,2.6232688443436163,0.347278689278017,-0.1455384402416387,2.607345214308289,0.18788258059026713,-0.04509720395358183,2.6655672432747166,0.368934071236246,-0.05152549650402424,2.6393961266652823,0.2871201243622264,-0.05437474231310226,2.6310565272189703,0.2824743095257664,-0.009161497588038896,2.6372195280993007,0.06797196364435984,-0.39406208095284084,2.59789956495873,0.14208444043388402,-0.4303961760413554,2.5515012166892936,0.22240871288751046,-0.3841513735544473,2.535418226642145,0.3181488275533876,-0.3877738352747887,2.524609267281372,0.3877470474225464,-0.42600537251679194,2.498412689683247,0.45348496249370834,-0.39402169036369333,2.5164472683385672,0.004771749079880898,-0.34279951087187144,2.6884601014295897,0.011137993659484691,-0.25736102801788224,2.709162955083697,0.023263348860420335,-0.17716633579677207,2.72878281613594,0.03963381799064331,-0.09778223982705543,2.7418760472877057,0.06409751986430696,-0.02467243358067515,2.748462964796647,0.1074376674019793,0.03935378210812764,2.7505804678763837,0.16083000008213588,0.08562678227833125,2.7406600751195462,0.22014296457624394,0.11887730057308309,2.7204695144020805,0.29001751757761035,0.1298859777288801,2.700748548880698,0.34789525933481363,0.11316814178519363,2.6914834070385747,0.39370339789004843,0.07588912750077415,2.6818845977701886,0.4300840081136353,0.028455028042566378,2.66762701879008,0.4604287162865972,-0.03172227908566077,2.658304225578459,0.47476123350486954,-0.10003039779764196,2.63493414090761,0.48543512324948973,-0.17194639089794986,2.61156790422639,0.4905576478219489,-0.24746222561058256,2.5918486970978596,0.49025408161532896,-0.32990886328014074,2.571672991740274,0.2865601004390818,-0.1455384402416387,2.6310565272189703
73,2025-12-17 11:23:26.949090,1.489850278989293,-2.4769615482613787,20.23038323158587,0.8082246736636984,-2.521241877394328,20.254085336391803,2.5376220445060382,-2.4812056258673123,20.185546114017026,3.124151706463873,-2.508762344629987,19.864683679937897,2.1528411472987163,-1.3281643521066144,19.92655407638501,2.118908581284771,-0.8578442452491952,20.181350206654095,1.5548743502076456,-1.1081531334349357,20.204127765519537,2.573925689251124,-1.1117368767576832,20.19644876092257,1.2754309344738206,-0.2971445724585417,20.021515636401965,2.6813912930847867,-0.34177980237169725,20.129583233381553,2.0834768143555804,-0.41486013200016025,20.04729543025226,2.0236803209017835,-0.07497342950956042,19.79809963466646,0.44674449892106044,-3.029522457951797,20.243533952213067,1.067411533676233,-3.411164378565565,20.257589618413117,1.6863502559927774,-3.043047246722218,19.888812965393324,2.4196324021485536,-3.0563705349180506,19.931692707173095,2.947254302162568,-3.340158406888297,19.7678052442233,3.443290203181106,-3.067129777352321,20.068763392887767,-0.15760684034203315,-2.426411792889256,20.363393997776267,-0.12860653206242284,-1.7661235376830788,20.342836096058125,-0.055976922198823435,-1.1389111783808792,20.287271509213646,0.05261252700012504,-0.531215523564214,20.121971889098173,0.2225665438259229,0.009895170511936517,19.73463114349866,0.5592789876506755,0.4910763375680137,19.998815769513712,0.9750605602370089,0.8183333043143654,19.84828879386198,1.4766009782673772,1.0495166547522183,20.102013121123694,2.027355066801394,1.104638133309829,20.02796107241814,2.4345240896451776,0.9641767094352722,19.79383508931955,2.7699076557663735,0.6879817169260948,19.784005720032972,3.074075166686129,0.3311952306462057,19.94858873966379,3.28131493556857,-0.10955665330248589,19.92725436653203,3.451464757926313,-0.6549653091695197,20.161310044578805,3.5382208966116973,-1.2180817608142447,20.092700955262156,3.6087496351055957,-1.8040236439664818,20.177333926355477,3.6085975759721203,-2.4302807026392674,20.136112985388383,2.0834768143555804,-1.1117368767576832,20.092700955262156
74,2025-12-17 11:23:27.081614,0.24473199646724153,-0.4358050948855062,3.5612789454991116,0.12455070704603467,-0.4413210597306298,3.5487187115968455,0.4311586884066429,-0.43764346274248384,3.567962901068511,0.5424216746391225,-0.4480628159799821,3.5683066780234682,0.36454470588145693,-0.24176663844175034,3.5871418109445674,0.3553458236130676,-0.15807816943635747,3.6003303734998693,0.25532072115518,-0.19937085414896796,3.582446511275797,0.4383969134389986,-0.20176280800619326,3.6072963160839118,0.20889989891508084,-0.053166409391354114,3.586387804201763,0.46035655876029974,-0.06346981248787321,3.6118374843280057,0.35135352159318073,-0.07908184013403106,3.611219061801231,0.3477653036703857,-0.01154312640161147,3.5905563339376045,0.061220878797551274,-0.5301221200084189,3.5449484356031946,0.17025616703607196,-0.5971991108002941,3.542820158931673,0.28320637268913607,-0.5449159779165382,3.568921470202924,0.4157090313166649,-0.546051913361541,3.5702964230369725,0.5132796935353519,-0.5985276509241237,3.5627111668403484,0.592990165131289,-0.5410313503567266,3.553315225516491,-0.042661234552152455,-0.4248870744053737,3.570915381265039,-0.037921915914219374,-0.3104215651196316,3.577859294737398,-0.025690173032118135,-0.20119931775302832,3.5758443844277665,-0.007637222795574801,-0.09431312656600056,3.579327457794453,0.023382551532997703,0.005026988131858188,3.583165522439149,0.08379427081008416,0.08747621608096849,3.5769663985783566,0.15850927202946233,0.14823811889017202,3.588004621916816,0.24477812936764892,0.18421822491406445,3.581341133726008,0.3444995515307658,0.196338626855394,3.602492454549369,0.4244729375649675,0.17608436174695086,3.626701416764152,0.4865301809453297,0.12709456667070745,3.635220668326426,0.5375008700080687,0.06029252198352008,3.62547694719287,0.5763677925715973,-0.019547513432368532,3.6380597707415103,0.5990032965342607,-0.11763493589011026,3.6129398744775756,0.6136194719201941,-0.21864664950299137,3.6039296277863895,0.622789988816348,-0.3203530901864584,3.5862303830487887,0.6223185916112196,-0.43005267600126557,3.5717014159953977,0.35135352159318073,-0.20119931775302832,3.582446511275797
75,2025-12-17 11:23:27.213555,7.3524020853581975,-14.305895907978648,117.72549589537267,3.7602532408092135,-17.047336338921223,138.65409620817988,8.694193977164113,-9.068096057923986,74.29171527634027,9.15669386799593,-7.660118700712849,61.05243339324293,7.9021827929975865,-5.513028816447543,81.8638444855888,12.133909992475969,-5.641993762838462,128.47476077718957,8.81539808656192,-7.407728339739661,135.01358830650327,12.12089428107364,-5.698673183575651,102.19786687572147,105.2467025817058,-26.534470799918967,1985.206175204175,20.804452021712315,-2.704273302716119,165.8863585411198,12.89912739840315,-3.04095323616375,137.91088460175672,55.468143410277726,-0.5689436376921562,599.058713194512,1.557277087722558,-26.62428676905212,178.9575909621811,4.790188352974042,-20.358444750198004,120.48582959393205,3.886598972407044,-8.204979304517344,53.13068388496822,6.834683965193618,-9.429570441842001,60.903820262190386,5.193266270340745,-6.239238210930906,36.632174419007804,8.545926099839784,-7.879972973756155,51.64299048104501,-4.242680816546279,-26.97354538532348,227.53581959031638,-3.4450087739725817,-17.869761738046556,207.04822933388718,-5.470950123494477,-23.844746274214152,430.505738697425,-3.7003066424112623,-13.716514613407721,537.9146758520063,5.202460737381311,4.867238974091716,2483.579014787312,-11.504464834988338,-15.652828217370708,-620.4507682193192,-8.084168435903347,-8.536536114181454,-203.77584569397104,-14.765262973531666,-12.29225309245354,-232.26779593826146,-31.047923597608687,-18.87574279411854,-337.83509087494167,2621.535187145219,1126.0908168136896,22800.5625387826,202.59691801528874,55.41329351012222,1526.5165069622396,37.88052416797979,4.8136083289036575,256.6032048606375,22.51964816539628,-0.5524853508811365,141.65281915218333,20.27951965570119,-3.710710633465396,122.3516877622286,13.421504072776065,-4.651192094447256,78.77761416467021,11.659922410363395,-5.900788852669654,67.12710730436692,9.637281106119943,-6.6318689807345885,55.30708407924945,8.545926099839784,-7.660118700712849,122.3516877622286
76,2025-12-17 11:23:27.344305,0.23123200801619037,-0.49733373031530215,4.091329005941227,0.084839254448816,-0.5016152713490624,4.0810556816073085,0.45406213278883734,-0.4972496764463013,4.073166878258742,0.5873266846274343,-0.508264989659124,4.051386061331185,0.38183918326951105,-0.2778180483216577,4.163069199009438,0.3753471328798027,-0.18355573073718884,4.176276705597986,0.25086628695765645,-0.2288977817027339,4.1666662773114105,0.47047660119447354,-0.2308555574917726,4.146386215139791,0.20371991294696384,-0.06216393988097666,4.193367655782302,0.5021209946630206,-0.07000800650443886,4.149239183131956,0.3734681254901781,-0.09255510052098954,4.189487775597876,0.36801529053430226,-0.010254987577573791,4.1585919962580045,0.007335843107408788,-0.6025519788574604,4.052670523205384,0.13342626449697384,-0.6842021901507521,4.047685808784357,0.2704018087479548,-0.626289354793884,4.075399420901437,0.43064169684013603,-0.6294402759665582,4.067583019816063,0.5472004293979472,-0.6825176914900848,4.028215133691314,0.6442827764025248,-0.61455041567263,4.026949109896671,-0.10915420326197414,-0.47900613517672475,4.068417905726538,-0.10024582945849056,-0.35165039196040376,4.113122154236717,-0.08017115012757346,-0.2271773320729513,4.144178652889066,-0.052427640480902066,-0.10483646772580836,4.171055990871851,-0.012454931916859834,0.006638252141566444,4.187892615035665,0.06136426329302651,0.1005539132898902,4.209766983960087,0.1530992456382941,0.16473050943606818,4.2222322976085795,0.2549361163587323,0.2104601914981899,4.212897516378481,0.372272922832203,0.22230639871741495,4.203566462555704,0.46578221857589774,0.19717407687413663,4.180478744926999,0.5340424455482585,0.1413289854252573,4.148954584094379,0.5910122515861134,0.07146933685155579,4.113988266710122,0.6330951549699039,-0.01881854659721695,4.094464859555348,0.6587656314354071,-0.126659856296025,4.083799286566597,0.6754687727979607,-0.24014465229641446,4.068684593393441,0.6840358476388315,-0.35512623405081173,4.044350326330228,0.68377421269114,-0.482631438107548,4.027586069896269,0.3734681254901781,-0.2288977817027339,4.113988266710122
77,2025-12-17 11:23:27.495844,0.2564933531775814,-0.5960905639354444,4.899820571332016,0.08546983016288183,-0.6054577488120495,4.885613654216689,0.5202892629847754,-0.6011942004186975,4.903335697100541,0.6822781005927859,-0.6226028176282744,4.921057542854498,0.4181285387884279,-0.31378211082156887,4.759472823264293,0.4080307727447337,-0.20583104404840188,4.776681681574057,0.2704751078279573,-0.2633953180534044,4.803419452884263,0.5222325990941441,-0.2677174175869739,4.815032039507215,0.21443901428985895,-0.07232492923973095,4.841157896795746,0.5538925662991878,-0.08347254505895398,4.806069690662297,0.40444566635656565,-0.10135193320537045,4.778560643647038,0.39388014834335794,-0.01695604672390556,4.745032013803864,-0.005019519479398092,-0.7323521782823162,4.909614437861273,0.14449399802807955,-0.8177549130932605,4.876175668416353,0.3047586940270269,-0.7404400579370595,4.8637250297219365,0.4895112984103241,-0.7450586685878358,4.871960401937871,0.6366679771677326,-0.8306407721134348,4.9369516684976995,0.7650625889446092,-0.7646256280529472,4.980034458402317,-0.1590771721621896,-0.5955112458801066,5.00967790983777,-0.14645248496645064,-0.43349349713802127,4.997445619217024,-0.12423389912199478,-0.28118031725727033,5.00279898064051,-0.09159297910028574,-0.13231242594699602,4.999861150802084,-0.04576318479537622,0.002531419603335369,4.974352606466,0.040564114413178746,0.11815598384027297,4.9196955238365465,0.14732027038654505,0.1948548401234126,4.868514888938866,0.2628347677308334,0.2433059247756783,4.799051775405286,0.39826472285669745,0.25442221531995896,4.762163072412142,0.5111962368501937,0.22625352852884853,4.804226565745624,0.603864992776557,0.15836131006377416,4.879367225952478,0.6831367159449482,0.06968357204413181,4.9388413622852525,0.7380983925827752,-0.04126164121904582,4.954583287249486,0.7754873299118316,-0.17334302913797187,4.980535908691425,0.8028598093849014,-0.31443620003887995,5.00878844847685,0.8197029741679948,-0.4611299567378699,5.037553209501501,0.8225479332484188,-0.6185883604109613,5.051876016584053,0.40444566635656565,-0.2677174175869739,4.899820571332016
78,2025-12-17 11:23:27.624128,0.36653572925933997,-1.004251431477581,8.265394037545557,0.09051540906449315,-1.024579987823858,8.333313337594964,0.7911110265362741,-1.0144499056689638,8.21838856812884,1.0389763528660327,-1.0505880349269927,8.18769868982619,0.6744916883686539,-0.5126087568771985,8.13767172185151,0.6532730666953571,-0.3357152694087814,8.164849909473002,0.4220176514483143,-0.43255568024143626,8.215857930154314,0.8232486574882192,-0.4495149142710939,8.147370585444149,0.3194721424413539,-0.12011269239386961,8.20084324996056,0.869192922472975,-0.14311133178920818,8.1412895075232,0.6444197011507828,-0.1622639698906304,8.141696877575718,0.6357472931255429,-0.013610947026351431,8.11786650441737,-0.0732481330737157,-1.2350254454621301,8.307526435604965,0.18234677119808654,-1.3794626516881345,8.278838242254432,0.45150845250087007,-1.2427339881913666,8.229008243207728,0.7465753815062174,-1.2455485969098699,8.178283342296004,0.9539183088081148,-1.3857138146278827,8.154485689568235,1.1501762205881654,-1.2923483326868666,8.204162854998149,-0.3516419259388416,-1.0104024591121206,8.408758712440815,-0.3259156959169807,-0.7401489071584055,8.454180096308361,-0.28160721118515797,-0.48587982412843544,8.429746975008518,-0.22245811288812953,-0.2412284338758907,8.461706540665611,-0.13870404257841956,-0.013778724070090126,8.477960697254847,0.020109052026174926,0.1869918285868487,8.441788979372289,0.20761848008844377,0.31875865004974185,8.332204397104737,0.41721598020917006,0.40879711534267665,8.2884576816525,0.6454622810970654,0.421542612154199,8.177371715322213,0.8086039157924785,0.35405728284826415,8.149824428904763,0.9287676628942592,0.21856766591311827,8.180414891788185,1.0266845176274766,0.05851380263618388,8.176185238751506,1.1094052315193912,-0.12094209903833489,8.22377366109524,1.1633437400815851,-0.33967504563476364,8.254864991867876,1.1906103578431315,-0.5683424708891053,8.214445290386333,1.2010195280969393,-0.8023512222896901,8.196097021402139,1.200741762428287,-1.054186231728284,8.215492649846063,0.6454622810970654,-0.4495149142710939,8.215492649846063
79,2025-12-17 11:23:27.753789,1.6104312096596984,-4.964925259101859,41.12187357788959,0.21088233694242264,-4.684854102781369,38.134424259414864,3.761818357211076,-5.061707265702122,41.30717014330574,5.4025379553533694,-5.686758948439381,44.63526019976911,2.0069004318963817,-1.5675242557988363,25.52913597911849,2.0412307503368794,-1.0929105720344519,27.133390534331625,1.3353295045579596,-1.4750246910103257,28.452586032887805,2.7633923781247844,-1.5535865260906783,28.67406723501655,0.8650618011714077,-0.34671727818440196,24.762765552389126,2.5731004035743066,-0.4288736815118526,25.34721560937618,1.7644211310302589,-0.4498593467270325,23.550349333851287,1.4973530134130288,-0.01928314301433358,20.25912695250438,-0.6844961906247468,-7.125245722476934,48.1138094818523,0.704851885197596,-6.94323779855657,41.8163114354256,2.0196605444976026,-6.070922671472758,40.54860923715911,3.492579407192232,-6.107353780812391,40.507858386241566,4.980142488895256,-7.538722975854433,44.759636829076534,7.231813876513708,-8.445720004590713,53.909564237277195,-3.0133730634108216,-7.712625940710904,63.88461473749763,-2.496322544538267,-5.027803540060502,56.85949212820112,-2.0704172603757764,-3.1380171905071,53.78399373083242,-1.3606767696581668,-1.2945656596952424,43.26753276040817,-0.7989978566553769,-0.1465301841563452,37.83171473217227,-0.07353653507465367,0.6729035953127962,34.69538425631387,0.6591706227002994,1.1586930565319922,32.09063426833323,1.1047194893661534,1.1423926140956058,24.292384995821543,1.7509433781105863,1.184291258967135,23.70380081802081,2.6169672453985746,1.168517225922739,27.793221748234792,3.6667601765803557,0.8610096348618766,34.01330410450334,4.795917679540367,0.25149842430728936,40.32369946181899,5.880208101047719,-0.7148522527255666,45.951307944692715,6.001237735872558,-1.8767650437709928,44.812054453088194,6.741924786808131,-3.364921574214803,48.71513696626518,8.61972856717027,-5.9634595105219415,61.44612222791344,10.594601579923342,-9.666629365945846,75.80466781873186,2.0069004318963817,-1.5675242557988363,40.507858386241566
80,2025-12-17 11:23:27.882383,0.26884240086254196,-0.9199612846693911,7.665363737889743,0.015419321799890424,-0.9293373458117595,7.6640625063459575,0.6513930376405278,-0.9234183514896349,7.59435237071387,0.8737182261633949,-0.9670887584120335,7.597072511171013,0.5596812691501846,-0.4402699546580147,7.637429032812575,0.5434494873200999,-0.29642104170206196,7.784269925234841,0.32895167819696153,-0.3829024173115815,7.731844108597853,0.6962224937505082,-0.3994154078077356,7.688133582749629,0.2459791462347861,-0.09320814019977389,7.851564469028991,0.7422684622724369,-0.11692011769310552,7.741681700369066,0.5409909380676231,-0.12626766620635443,7.745194672837861,0.5354097356617685,0.018121827151870596,7.789154732043352,-0.1315232980561544,-1.1276296769436538,7.619708108252745,0.10143276463544447,-1.2328602820523997,7.499632363637495,0.3436937390285702,-1.1130572414316353,7.517694665594856,0.6081339172317061,-1.1169464577784822,7.479227481293403,0.7912109116778426,-1.257295897759661,7.496953520257621,0.9693558771450087,-1.186939814203405,7.541513455922305,-0.38877631293179266,-0.9593106033174205,7.794956351303902,-0.3660398092413608,-0.7175751841509619,7.917935106893015,-0.3303750880606282,-0.4866215344568781,8.02561037831784,-0.2738896200207039,-0.2537498384234089,8.054149004389982,-0.1900871560802898,-0.0424720530721468,8.100850680672664,-0.04138107185552259,0.14669687368470855,8.12409614229912,0.13711486790511693,0.280816295220568,8.085809432329786,0.3301508845166473,0.375590468427321,7.994917871913944,0.5445777816007689,0.396548361384096,7.952260225920661,0.6959178243570676,0.3265081484994881,7.887762490936138,0.8060831006867417,0.19017304170070276,7.922813284673444,0.8925099973604749,0.03378975823078524,7.926397708684421,0.9600933668638522,-0.13900820553460885,7.8669714255994325,0.9991996314664646,-0.3382511448744005,7.808499243266407,1.0268799821635266,-0.546533450577961,7.74664641305043,1.0324513719428174,-0.7595178534275115,7.653822733457822,1.024179402207316,-0.9926943735460405,7.613670875590313,0.5434494873200999,-0.3994154078077356,7.74664641305043
81,2025-12-17 11:23:28.015991,-2.706756261919923,10.876218802853856,-91.16430495725996,0.31773624201416506,12.54305651486958,-103.89029082218967,-7.154861046071543,10.873599130988794,-89.89007201583895,-10.661848600771611,12.32250280658114,-97.44914580446613,-8.966165383483148,7.841265882525335,-135.79396989350496,-8.922390394600736,5.136574305004238,-140.29847032379035,-4.475918513784186,6.043839746927932,-123.55714666793996,-9.663079978071634,5.875581888674019,-114.72235493182343,-4.365395565079665,1.7916185841355796,-172.22556806831787,-15.625694484631993,2.4477596755316116,-174.21399291648834,-9.684685752324794,2.366930364403812,-152.9629944248393,-13.961046650658526,-0.7633728387285897,-224.05935127523696,1.5196495448435954,10.420624493330505,-70.70839404379942,-0.5822282142257388,12.08779203251121,-73.47647398549485,-3.408347147464337,12.86526986827335,-86.79933010175729,-7.7409070184017645,15.546850206836837,-103.70505473153501,-10.90357413895109,18.333901012866846,-109.51255566308517,-7.154283545601244,9.135633218720692,-58.39335234853792,4.784660508828163,11.282049471491131,-93.16624012079534,5.743605268562528,10.548038337814639,-119.62590510866873,7.955378094238664,10.639992933666344,-185.04640467587078,8.952591887207316,6.998797441622486,-247.74651515243576,6.4954283508033805,0.36437089370274006,-246.00253247197665,4.204381854642108,-10.436588492980539,-466.9635700833853,-3.3825408739645826,-10.929690975239081,-280.2615400440146,-12.334348306716986,-17.57682846331407,-347.02474171913525,-15.490994142947791,-13.33115750080765,-248.77376833242784,-9.403462200732566,-5.159613928463165,-114.8837331523069,-9.204845571687516,-2.7025922583224182,-95.87990180476761,-8.633914243933285,-0.6834392150835712,-80.19566612740034,-7.849934853509684,0.9445519389502426,-66.98566424250556,-7.742810002665955,2.5413231831109977,-62.850656988490954,-7.503055918247665,4.019180158219902,-58.85629541182996,-6.904776641947499,5.2206493792243425,-53.391932827597465,-7.041694337701776,7.031315103352362,-54.528319526160644,-7.154861046071543,5.875581888674019,-109.51255566308517
82,2025-12-17 11:23:28.138566,0.10716587241700434,-0.5089180715532925,4.270848864918301,-0.0326675500224217,-0.5194696198468695,4.284839395742731,0.3227630002495411,-0.5096128861025742,4.244173660586922,0.45049962305612207,-0.5310232339127473,4.232209249377491,0.26336681485517444,-0.2478760022368036,4.297134068015502,0.25216220533492834,-0.1583156425822966,4.3250555998504785,0.13548442000728939,-0.21205320445196232,4.333848953250902,0.3449005892878442,-0.2180624516998702,4.320630709255145,0.08711161173050312,-0.04823306195299224,4.367242562079643,0.3705762049830806,-0.05996044719548946,4.355701128355244,0.25305635797968845,-0.0678509126928151,4.350520099077617,0.24936432301900227,0.012267154782666006,4.374319080512486,-0.11330876040855524,-0.628310581516088,4.2605004382089495,0.014070028384813731,-0.6959356829715432,4.224432128889553,0.14855332381059191,-0.6259500643443157,4.225135969154365,0.2997356460206503,-0.6318799124824809,4.216113921604652,0.4043198261305716,-0.7004097929572808,4.185595050140426,0.4985373363330577,-0.6431938500555079,4.17021678992634,-0.24146735153993656,-0.5264936864680495,4.332030612789457,-0.22998671690604863,-0.3888010723511307,4.363638345532542,-0.2079692568979285,-0.25839195115865243,4.382049702175714,-0.17941615896544458,-0.1329027570856526,4.413805572576255,-0.13804767623374087,-0.013980929183379962,4.407827660839213,-0.0626551624605877,0.08941860954032507,4.433619992698528,0.02820152752711998,0.16585452429763203,4.419467181673383,0.13193445270880572,0.2174947998435694,4.425111971663288,0.24867998245591708,0.23380546355910098,4.41056139685554,0.33341117639668844,0.2026855777237842,4.38342207166577,0.39558924375286864,0.13287597512066462,4.368663780651151,0.44581924367815773,0.04941741322655789,4.34537859195235,0.4857435013310519,-0.04575177080224273,4.315463098231163,0.5129637968621416,-0.1589550512458411,4.306720077568097,0.5279606605889865,-0.2754120844288191,4.264720449063168,0.5349360011271445,-0.39796679426083825,4.235796059086594,0.531971912419157,-0.5302000400459408,4.208285174575903,0.25216220533492834,-0.2180624516998702,4.3250555998504785
83,2025-12-17 11:23:28.258231,2.7243642437736817,-16.211722588847618,135.9302661750435,8.085396896362244,76.64689340726493,-633.9225433363173,5.161194920452938,-8.809580796409922,72.7655404312682,3.613054096047629,-4.53060030940903,36.14612971092157,-11.049712576938976,11.264002789888666,-191.4667213035046,12.954404846473953,-8.57027025224393,236.39628089951376,-51.41965158852518,90.71486272649327,-1902.421312524535,10.236485257791138,-6.820656228913964,135.53446955411422,1.4657217884341218,-0.817594632792115,89.85221327185536,4.233093648271155,-0.6594751165060487,51.7160630749514,8.828831212698754,-2.3383855822369046,161.13835632647266,7.976108223994376,0.6895078847976029,147.7639126165112,41.855581863827716,191.73000552460059,-1300.7910549578814,0.42738399680380956,33.67275314324259,-203.75427791705349,-5.4623951399676365,27.047298876002003,-181.96644938906385,13.76263085152439,-31.766046569355463,212.38679286558428,9.511411508877261,-17.78883892644419,106.58703859296003,4.276544093871985,-5.911011014798102,37.98274241953178,-2.2665924900288315,-4.286940059239766,36.01564047362126,-1.9935046109491803,-2.873713902727499,33.308830322144665,-1.5772598438577097,-1.6218469974284384,29.178459003748365,-1.3978824524245106,-0.7577619503585937,29.359093035755127,-0.9529923326802051,0.024249576698610022,25.778524074515143,-0.5336505097268993,0.7290680093173258,27.920416053412477,0.10165287444196391,1.42400941302755,32.88125425991385,1.2021730961465869,2.4184505530273084,43.95081294033774,2.8235354939051245,2.9666196006741434,51.16118883210061,3.778926875730337,2.449588839079754,50.57458197800026,4.091540015842077,1.4094945704966588,46.25559325461338,3.4032468832055316,0.32251369723128154,34.088677896088996,2.5640668538187557,-0.32037954440540656,23.417781297608624,2.509290200012095,-0.8754485282331875,21.835276388898468,2.087462466156671,-1.178883764693558,17.45626454441308,2.0971218674147174,-1.664604101072187,17.315218456687916,2.446896995170033,-2.599905058118984,20.511717845494857,2.5640668538187557,-0.7577619503585937,34.088677896088996
84,2025-12-17 11:23:28.382327,0.15702482378424998,-1.198317576307067,10.051607135423344,-0.15097277862604574,-1.2055402988549664,10.051889546716863,0.6631960079836118,-1.230475241676607,10.058058536612723,0.9354905865174201,-1.2856700938356285,10.121644181768076,0.5640556558849678,-0.5841368069845296,9.877906881647007,0.5322127694903926,-0.3585919072972361,10.030617557875987,0.25779608951583116,-0.4712217230931694,10.086853547159501,0.7332266875234021,-0.5093801587127451,10.095480450795582,0.1289668829948605,-0.0830367986713014,10.133619130279126,0.7888265883282957,-0.12766367561756847,10.157964853556802,0.527883321039325,-0.13990068189293836,10.00510844988868,0.5267268802810782,0.04961573674342654,10.133610838419681,-0.35383368299952495,-1.460676483279917,10.007625243289135,-0.041888979928767195,-1.623435242366405,9.914446242335103,0.277021729114868,-1.4650196212495559,9.938568401419383,0.6005753476321485,-1.481945604720142,9.943990722553558,0.8319802374082601,-1.6679981555869494,9.973746640013658,1.0552915387402366,-1.5947438898647281,10.060363467165555,-0.7507015283182875,-1.2025851054667653,10.139197240387505,-0.7282744945735722,-0.8748574793369992,10.232342159100833,-0.6766937776038715,-0.5529930262643468,10.231070594962283,-0.6076232515396878,-0.2415100519500243,10.28880671635991,-0.5033938856220334,0.0424909964858678,10.25896503138928,-0.29727140651853995,0.3097178904694534,10.223825969362009,-0.04492227378480666,0.48581669856872695,10.187333929182849,0.23187222680496275,0.5969139522915823,10.178317727831415,0.5270660251830687,0.6191380182616685,10.17603719735098,0.7256819850397207,0.5101062647908007,10.209348089548305,0.8538362114275159,0.30855466467186227,10.173700914429768,0.9626208628748149,0.08732005772905518,10.22009062359311,1.0443956460713413,-0.1515098652426139,10.241244977161545,1.0887129159969988,-0.43296266899293273,10.174844316093143,1.1222156927071394,-0.716275975597671,10.181935302880516,1.1275014308126279,-1.0137409242032764,10.15702716585,1.1076196863623018,-1.317906549262326,10.129164118880036,0.527883321039325,-0.5093801587127451,10.133619130279126
85,2025-12-17 11:23:28.506280,0.0635211731916006,-0.6477189227279222,5.440724572692437,-0.10433346529557119,-0.6525643527354993,5.443667113764993,0.3373969973037689,-0.6641101419353306,5.4264304242600625,0.48138655867553987,-0.6922079581030329,5.418229640437643,0.2888018536521559,-0.31119642535691117,5.47015041782543,0.27177864663378526,-0.19470252370728464,5.5431006143293375,0.11881054031670962,-0.25877907405416994,5.547034076695099,0.37905721162080747,-0.2780581761070615,5.527240558990731,0.04943553035302307,-0.04882383950568059,5.599937133569482,0.4119219988182395,-0.07399223860642452,5.606765452079475,0.26833703501461786,-0.07374695213434465,5.551529505758985,0.26740165961170076,0.023644894170522027,5.60298805470633,-0.21663129249268237,-0.7917681307633546,5.429888852898956,-0.04693414341677659,-0.8788079434627735,5.388279788570403,0.1295192017350188,-0.7898635040102705,5.394510910810542,0.30469585869858407,-0.7983145781805189,5.3822413609970585,0.42617665221676115,-0.8965157710781587,5.355878287974721,0.5438438083481131,-0.8534957041958178,5.360411905257183,-0.4331241004902887,-0.6620728170794825,5.5347180346339,-0.416762741435081,-0.48455251322750803,5.573068072891896,-0.3902698240805058,-0.3106834047736192,5.596104442099612,-0.3522911985558963,-0.1444170558340669,5.632753910726877,-0.29795162680852544,0.010423512271415638,5.646135116911961,-0.1859694400694176,0.15798899892288473,5.651483780236463,-0.04731755861038896,0.2586193918586584,5.666479067384921,0.10388158596765498,0.3193487203687679,5.667185277679368,0.2651701611217587,0.33157088822968034,5.65527146721921,0.3749567320816838,0.2707502265084004,5.674313908926641,0.4444538378937188,0.16231541294951027,5.6304818099362945,0.505240522344747,0.039785066289755575,5.6287456853640165,0.5464927923223183,-0.09116322421527717,5.599033867206904,0.5707476136762925,-0.2394068611485388,5.54665964191607,0.5856709930814774,-0.3907405805772536,5.498223973043978,0.5866137230666211,-0.54885591970715,5.460619538789556,0.5749574916203877,-0.7091046975005951,5.415876155527566,0.26833703501461786,-0.2780581761070615,5.54665964191607
86,2025-12-17 11:23:28.631047,0.07504176981991843,-1.0467070181504612,8.78000090004293,-0.19444833297557132,-1.0515593505680032,8.764429249823175,0.5101213493581255,-1.0821583759226263,8.796148728648054,0.7373736201739158,-1.1284992329901262,8.789082976021271,0.4479276873019386,-0.5213789212964693,8.903778759429642,0.41140492636591824,-0.3147059573949224,8.93823581293063,0.16451264750930833,-0.413465192562969,8.97484371794658,0.5849182454537674,-0.4514926922565562,8.942016030440671,0.056941668134209464,-0.06104837990896371,9.008664803171055,0.6395064185470929,-0.10740188330912241,9.075587909388036,0.41628215205277164,-0.11894411668050313,8.99231320960503,0.411852674706485,0.050671094899441535,9.058885066725205,-0.376362691344585,-1.2736100035362374,8.77332581128922,-0.10278783038983988,-1.415714048643786,8.695608142491379,0.18044816689942894,-1.2851509678124204,8.7577913056932,0.4588929026336372,-1.3003493226911091,8.733325561484296,0.6416702304501933,-1.4531306223645508,8.656088102248287,0.8343875848204456,-1.396805063139979,8.73201078615778,-0.7318693139586505,-1.0350115608641919,8.831463561579419,-0.7030356435585394,-0.7463953005034301,8.869214411022922,-0.6603765698721231,-0.46941198213088753,8.923624374924879,-0.5979176041651705,-0.19711784163583343,8.939334109202038,-0.5088215912354436,0.051193728907257326,8.977841100144317,-0.32439851233107675,0.2860844437604441,8.9900823362306,-0.09691578837732202,0.4516703930851864,9.05764782604227,0.14746988465553024,0.5449003380713746,9.078239467759644,0.4160297152021534,0.5624722991506088,9.130956097044432,0.5887529117582053,0.4657017058896325,9.171618576225633,0.7018762405572145,0.277157896077312,9.115806070245455,0.7901416300348554,0.07722884785867062,9.099464254681815,0.8566945902676593,-0.14077618555315158,9.099923208313415,0.8938451126869059,-0.38868135963222655,9.003153491897656,0.914360600856612,-0.6418602524336063,8.944413135897024,0.9089674016816177,-0.8978819714360392,8.87423282308326,0.8845604151999714,-1.1561301019724828,8.79315943088369,0.4160297152021534,-0.4514926922565562,8.939334109202038
87,2025-12-17 11:23:28.761357,0.036154334042733265,-0.9909907941847653,8.366843605086087,-0.22694846034449626,-0.9981957542438868,8.373976934856868,0.4553371033888061,-1.0144326423336727,8.295159673137348,0.6779409739129546,-1.0567345842572542,8.278183667343713,0.3871290811214646,-0.4756822981568202,8.247621998625288,0.3598906959511178,-0.2874488307713367,8.36735011534916,0.12344575501905462,-0.38458227884372104,8.365410015016142,0.5280355898866294,-0.41743445783447736,8.400898060997097,0.022557535505543416,-0.056813123433999246,8.438613641988901,0.5741632600362175,-0.09973196997232181,8.420537751054873,0.36319196791771224,-0.10512525069150841,8.376232072346108,0.3552865062575379,0.046698535615143456,8.328066657516997,-0.3989752464698584,-1.2084563358564095,8.322286282171634,-0.13587508432695292,-1.3419026384243304,8.269920989913421,0.13545855303464302,-1.2097007340054886,8.250957043778977,0.4064649597105825,-1.2212350360253479,8.238402260189808,0.5849287132214517,-1.367746854903409,8.18548472453261,0.7713154224425476,-1.3183130533130736,8.248323662535615,-0.7454201936545533,-0.9967153769941012,8.499368971645174,-0.7201831837483691,-0.7196672978653601,8.555629833580548,-0.6709074645499934,-0.449489256480891,8.538810396257064,-0.609725452451175,-0.1884954532926336,8.558020556686015,-0.5169534480991828,0.047984756067528354,8.56076316688139,-0.34055908001194063,0.27311040091376804,8.601894215410308,-0.12114608385531898,0.42210757260131765,8.583762573462272,0.10946466903890799,0.5054511679178738,8.514708006216841,0.36342069414740524,0.5176005192291138,8.505499437931634,0.5270209652574794,0.4252229879105849,8.509987556307752,0.6401556423024501,0.2600298522924515,8.571527522036494,0.7253359763359206,0.07301876012953266,8.57445244850784,0.7898248197158565,-0.13210102293326806,8.516822623043966,0.8304891965406661,-0.36129668235426715,8.50032803372874,0.8467523219958902,-0.5981383585410587,8.418772631366135,0.8512232204697713,-0.8465007874836931,8.426741721643104,0.8285742680233685,-1.0943011820488278,8.36739886508569,0.36319196791771224,-0.41743445783447736,8.418772631366135
88,2025-12-17 11:23:28.897632,0.017281498617810098,-0.8402263240790651,7.058392905760625,-0.2114587761547857,-0.8508445305813865,7.098637087469412,0.37398805555594783,-0.8536367225736343,6.978868243648586,0.5665800983352902,-0.8870193084378212,6.945112670935582,0.31704801520134285,-0.3853423458751337,6.949612976679386,0.29568975914833423,-0.23616350119459154,7.03260861772182,0.09221148924033992,-0.3176838245980424,7.044922815776498,0.43783712276888925,-0.3498760581115375,7.051901688124025,0.006908515545730664,-0.04673894356949748,7.084903802582051,0.47202584860973973,-0.08333540616149987,7.053068663879857,0.29523058121354023,-0.0828866825612876,7.029983105390387,0.2883917071696871,0.04875646383129673,7.039951131202334,-0.36495112654883793,-1.0357676707747012,7.098725415436581,-0.13573823754609746,-1.1422839624143444,7.005961019851613,0.10164354606494773,-1.0218105980945495,6.974845258527279,0.33178703609411053,-1.0239084982247637,6.907135828871426,0.4865497301332504,-1.1494863553926407,6.8704018407239635,0.6427563835999043,-1.1063875844694224,6.885081479099809,-0.6652276382625252,-0.8661679454886876,7.237276423480718,-0.6358606499556834,-0.6250849243654418,7.23598398776441,-0.5913526011362883,-0.39069840432500746,7.223292321736103,-0.5321984656658286,-0.1688595021657888,7.201904665766168,-0.44881135047259313,0.029764961840632122,7.176089050472158,-0.2967568796593897,0.21189511613569814,7.1822753257664464,-0.11303435547609854,0.33521945122140284,7.148919701934359,0.08093740791357852,0.41158857786510217,7.107860432006002,0.292474419750589,0.42123974433195865,7.094645874848703,0.4258758824986694,0.3420683353000605,7.074724701684739,0.5216309467492178,0.2004764289166966,7.10214866563659,0.5934097271069709,0.045715161556239496,7.107861856394258,0.6504663343108047,-0.12104382641276328,7.091182403578394,0.6863793472775812,-0.31000734795253654,7.064457899579038,0.7018837877273806,-0.5033288454726711,7.014595455773787,0.7096008922197529,-0.7174506805550482,7.035472753025863,0.6929203437129006,-0.9231728437926292,6.983950457351412,0.29523058121354023,-0.3498760581115375,7.058392905760625
89,2025-12-17 11:23:29.030585,0.025308665758619793,-1.398611781628576,11.853306142013263,-0.3571193312127818,-1.3798208516862795,11.638858204395078,0.6355287370487939,-1.4374950803136886,11.841389823828857,0.9788233176710445,-1.5215024883210069,11.982368353243182,0.5459089111771512,-0.6624211932643708,11.797027974370925,0.5027192698056199,-0.395651058592264,11.98616215600576,0.15293442240484684,-0.5323324272729686,11.948245386522318,0.7448032530664374,-0.5783634043650888,12.021433533049377,-0.00037920933250133265,-0.06836382841384889,12.086466604474884,0.8154170829976929,-0.12113440992215581,12.184486154656327,0.5070076493144425,-0.1319931295971633,12.085272747688746,0.4875291767359298,0.091115520013123,12.042883803021313,-0.6018460325858566,-1.665030174444097,11.517586582657941,-0.2237231790708735,-1.879549698506884,11.594776718087452,0.17568209151937902,-1.701078092715569,11.658899749605848,0.5730239753873486,-1.738761038908386,11.742827285754185,0.84462778382354,-1.9774356826308181,11.851934978498788,1.1054686339662143,-1.8929873249962106,11.819785815541605,-1.1457181487790677,-1.4098836778031578,12.042418250897713,-1.111767212636047,-1.0240197771488002,12.170488324677281,-1.0519958568839454,-0.641355447035884,12.304835510665935,-0.9659108014867142,-0.2654972080745447,12.457848095701035,-0.8254514929644118,0.07847820951727683,12.48735875618425,-0.5558477574010504,0.4050972422520678,12.42520696349786,-0.22922094978718857,0.6208129593354426,12.423090344900027,0.12353908052587166,0.7545519393552355,12.3823784335505,0.5018929958405408,0.7697457402982574,12.379054889390083,0.7374028390311801,0.6277308241944057,12.330977951409004,0.9204193357946457,0.3896664799522213,12.55538080927658,1.0359919407867544,0.11261453935361435,12.439027551311078,1.134119856278419,-0.18494959399768682,12.436977742094472,1.2050254559523006,-0.5193072453133076,12.42275226594306,1.2298000814233643,-0.8642319750581513,12.296305023531698,1.2198523711375495,-1.2132084941567258,12.172402007888305,1.2141226119395143,-1.5950290811411176,12.26029742212209,0.5027192698056199,-0.5783634043650888,12.086466604474884
90,2025-12-17 11:23:29.164258,0.05576046154495845,-4.367095473819377,37.564995084308805,-1.1046328618804293,-4.276683242807294,36.802894965052324,2.1069321867062505,-4.772763164292654,39.70652645577823,2.962145353890188,-4.700311136857035,37.2896614724484,2.1850120143752316,-2.507464042501378,45.69513496214002,1.9422494283581169,-1.4317577123865604,45.50538429928296,0.5804220622468743,-1.8114720555741433,42.73704358005303,2.674858875002283,-2.020223476563444,43.153073328383094,0.024848294358624096,-0.12598485087213854,41.90985260078147,3.059697351400085,-0.3774573300346444,45.71386457563853,2.010161164106394,-0.42147991896152287,47.09627704719786,1.9418150571787118,0.43349142187718404,46.44384886552175,-1.7810918266275242,-4.927737611577418,34.6254265742452,-0.659237096604306,-5.487880367312819,34.27740027994066,0.5632196734704206,-5.392058980427078,37.34391178192764,1.815436524995205,-5.562752576227477,37.98035232074806,2.657649179663625,-6.369579011799982,38.453137022024954,3.4781183719785504,-6.086523416517459,38.161013087768914,-3.2222578740411687,-3.7071995435844527,32.84719046464704,-3.097101268374293,-2.623368280502577,32.883389871022814,-3.086612234804251,-1.661661176664592,34.94407025757662,-3.0878705715347907,-0.6255129199292329,38.45394337372451,-2.751833806131398,0.46119175132224116,40.303599937106604,-1.9963978396175601,1.6485040917522646,43.80486358510883,-0.8118257000702993,2.374968630131634,43.704729683092914,0.5083510184719795,3.006627864286655,46.74463223011386,1.923277266194126,3.0112153431734368,46.66048071405102,2.890300839033378,2.528895561467786,47.801975525721204,3.247737029684665,1.464082843132775,45.1256478491526,3.588450999020673,0.43746194919894843,43.83394978163841,3.7809987373539795,-0.5935183956941494,42.50506741673285,3.9948429222784165,-1.7414140218636611,42.438277049522895,3.840048487639915,-2.7513743764619942,39.49515015283268,3.934528720734741,-4.000575525307407,40.414795213949624,3.5355299615570708,-4.824830617980534,37.28734845355372,1.9418150571787118,-1.8114720555741433,40.414795213949624
91,2025-12-17 11:23:29.292433,-0.0007227792195769869,0.05748767964581429,-0.5042563060587125,0.015219077509775426,0.056953116940304714,-0.5020832689820215,-0.027004811084162816,0.06008707488325597,-0.5036316991009872,-0.040643555737865655,0.06261524983712988,-0.5026073628539877,-0.024415179928439806,0.027718864368218795,-0.5142798970369485,-0.02193015811404218,0.015444206992966704,-0.5176800107129876,-0.006934543192933096,0.020665155128525584,-0.5149807878095841,-0.032288378918852736,0.023356895072646166,-0.5157430126204937,-0.00044976516868912433,-0.00025013134649129535,-0.5207406895357636,-0.0351927205730946,0.003476442586205703,-0.5219233314021849,-0.022243730121613924,0.0039049557197483663,-0.520814372785912,-0.022085340889495503,-0.00594643629503258,-0.5245454385970448,0.025885959996447806,0.06942211324248489,-0.498190349562289,0.009566371545535857,0.0784172957174352,-0.49689309245115104,-0.007576226421571161,0.0715889122923059,-0.500846723167111,-0.02397455990670928,0.072593189948476,-0.5001707772307831,-0.034664486289242194,0.08232397291147446,-0.49770053765430067,-0.04594607556473112,0.0793271428532878,-0.49817430824375936,0.049813794251991145,0.05403334114353017,-0.5014416425266935,0.04814548428719517,0.037370931701743826,-0.5055755457026717,0.04564724262143129,0.021304491722049856,-0.5106005062921798,0.04190257722110143,0.0057419011648010485,-0.5163086719474672,0.03597946308815366,-0.008603396339526632,-0.5210152225730573,0.02418290365862765,-0.02204090218693645,-0.5260770742201893,0.009641333215568593,-0.031014773623352372,-0.5294666069629071,-0.006020482664137408,-0.035868515087369914,-0.5322212833390578,-0.022422243900820562,-0.03593624603053935,-0.5332594388793263,-0.032506147373645246,-0.029285189662301255,-0.5315551721069353,-0.03869719921520926,-0.018303201724791225,-0.52763999608466,-0.04364782316224837,-0.006357324011431082,-0.5237673610494933,-0.04716637775058491,0.006232908757185074,-0.5203625679171959,-0.04934133059127659,0.020448470962923567,-0.5159338037171031,-0.05077093781982302,0.03483275709097661,-0.5112713792835163,-0.050086917163275756,0.04981810530652554,-0.5071400808220379,-0.04870511610222117,0.06463604566554636,-0.5029842446229457,-0.022243730121613924,0.021304491722049856,-0.5149807878095841
92,2025-12-17 11:23:29.414555,0.03836391290928603,-2.8824740194958207,25.576000151579233,-0.902670725435038,-3.384694379912071,30.102929509432695,1.1813431123030687,-2.697312770048272,22.65853650006038,1.6172432159028982,-2.594874520393406,20.722521125033456,1.3031693002634586,-1.4798471227005907,27.72692350884025,1.1922430832652506,-0.8343070405499633,28.388919968051777,0.4126568909425509,-1.204658772265189,30.69702102228097,1.5395720741594288,-1.1275598569711622,24.848863516004595,0.046058144194231675,0.04701000742164882,33.73805525248272,1.7368641780019605,-0.1591607492040011,26.075562387672765,1.2581223240943906,-0.21978839829064428,29.508186126450674,1.2735028605456176,0.382459134510254,30.04977640382751,-1.558851029510194,-4.170227411596702,30.269263948340377,-0.5065405826442998,-4.096439808414372,26.22013300352749,0.3654175010339793,-3.4112559347154323,24.015305062133407,1.041545578526752,-3.2299095063260794,22.340520378461555,1.3585284116883574,-3.311919847611469,20.094911747150775,1.7151707782345227,-3.0713569603671713,19.223300413147697,-3.092831176642057,-3.3304288303541827,31.400312198656472,-3.317147452933644,-2.533883812427319,34.96631856951905,-3.7040437401731667,-1.6662128709114066,41.57168153887053,-3.4911758974413463,-0.37532867294032357,43.35765709383963,-3.2293033084520046,0.8897936457079278,47.27094164793285,-1.9864975828032247,1.954927846659906,44.45395478117654,-0.7169003366511728,2.5354776842301465,42.32936009243947,0.4603047030041216,2.5574411161885466,37.36954711484515,1.3975737047994465,2.217011142281986,32.63942536354566,1.7906611764368263,1.6068476457346705,29.229994156209667,1.8898580251423236,0.8671183271040619,26.04004556676307,1.9630855078315281,0.2394212880634842,23.97839781346644,1.9732942848054924,-0.3125699214933466,22.15430398107846,2.021389465003378,-0.9057461280928845,21.629550724164083,1.9364261890289824,-1.4109431812260573,20.087794698407908,1.8694796672550251,-1.943705203503869,19.49599858533406,1.7351756937738179,-2.3866088412652804,18.464352234841144,1.1922430832652506,-1.204658772265189,27.72692350884025
93,2025-12-17 11:23:29.541466,1.446797616208826,117.93611269948991,-1061.2610984211778,32.880106997914005,124.27259102677175,-1125.7590896199808,-16.048448843402564,41.43929438185444,-355.9058411195463,-19.94460351610641,35.88390480586155,-294.18855628807364,-45.19628369788306,54.925774705875796,-1053.6616979082773,320.8722772235479,-244.55203769168813,8451.417296279309,21.402654583970477,-71.15453094674953,1869.654330568668,-43.93950470907773,35.754018950829085,-801.4064211288855,0.025366576482151845,0.5792201842646117,306.4286474463406,35.33484470418909,-3.1103319414318253,599.42751570303,52.94245717123551,-9.479135575538157,1375.4550251576088,15.839370175163147,5.459796005383615,416.37374115732604,183.90683161467183,503.61199401620553,-3719.809801113855,23.34390117009813,180.0305722521696,-1172.7804837658812,-14.992852963537395,183.30260369704428,-1310.9107703816833,-14.523776529517493,51.18161973470209,-361.55452557713005,-16.74562289395005,46.32396122464884,-287.9317984874168,-16.314387191085647,32.76882238183647,-210.1609847589605,487.339737032679,543.6851758980622,-5121.380762925965,-39.30967404056302,-31.175288391366728,430.5459560413251,-67.53391580073742,-31.41795645384627,796.4879499378666,-65.29414642911507,-7.011766609839671,850.4936839350996,-36.86971082029356,11.078723365552966,569.7807202922561,-11.82856724819913,12.238619912468343,277.22213136356197,-5.233994625073461,19.166460979626066,318.38976174926273,2.159751352695459,13.844319038001505,203.14230081728462,8.147902357542833,14.328112359909937,212.35501645442636,14.64280225816329,14.547010432432087,267.48729129765394,12.278855271162614,6.237894072674568,191.8056669015965,17.17192254342146,2.2483554122251745,239.31947901757383,23.07787439325869,-4.419335215927681,297.1176096850511,65.48378984840531,-33.21571660563173,800.6040419720974,208.5811788654785,-173.63490833084438,2498.3006231338004,-100.28804014635519,118.57762335116865,-1210.9042280095896,-49.59705119240139,78.42810610737136,-617.7868813291238,1.446797616208826,14.328112359909937,212.35501645442636
94,2025-12-17 11:23:29.666669,-0.024642272249660178,-1.299761242906478,11.807283408677236,-0.34450065354108417,-1.2689319887929704,11.511140118547063,0.5245187809939874,-1.3769007307579404,12.021694164388748,0.8160160603424186,-1.4791593113233124,12.394635974424691,0.4657259385151844,-0.5758949604488134,11.478225541410898,0.4157804232583317,-0.31564943234491066,11.695519733508,0.10750106979149109,-0.4234988785357074,11.618451451528058,0.6246954082493356,-0.5092192434938863,12.026033994664996,-0.024923674645177224,0.05109540429267385,11.832215589074057,0.6849689914368365,-0.025022429568572528,12.201536717532315,0.4201360565669982,-0.05468762396057398,11.827155051174683,0.42480662459562896,0.19425119575717045,11.943091348690498,-0.5684695801678367,-1.563094753727207,11.519567736818153,-0.22071937289231713,-1.7535711346332892,11.415839530087588,0.13213374703920608,-1.5951952968036769,11.517103444299092,0.4643092315902754,-1.6544972967081857,11.791824394874487,0.6965013949326805,-1.933814008956166,12.13406145499352,0.9414729244326074,-1.8954013653305877,12.356718341509335,-1.1364009989184032,-1.2786442159951223,11.858896961240092,-1.0959873228713832,-0.8717787900711074,11.911178794020968,-1.0398502853045033,-0.4818416210318821,11.970638455807974,-0.9669767487223143,-0.10351160430789418,12.144143452882492,-0.8345995343914574,0.2418773594843951,12.235613460109406,-0.5667491079059326,0.556487148018897,12.267407000996016,-0.25305368219946095,0.7624222397412637,12.278002213892902,0.08642447267819499,0.8690075676399338,12.162906724647339,0.42659173711409004,0.87304963094119,12.243610528322387,0.6395833487205351,0.7296796818346479,12.487352084708055,0.7794120631953035,0.47259858274022987,12.593195066647782,0.8931736362113617,0.1856830082358418,12.807422196213189,0.9735684008129514,-0.12822512324665053,12.77783035717461,1.027068048484126,-0.47761291169336717,12.869614054326474,1.0632051049727818,-0.8516071695030423,12.95900424796035,1.0528191884268785,-1.2207398018051996,12.923860888845834,1.0244807287355775,-1.5993457952555858,12.88724651698249,0.42480662459562896,-0.4818416210318821,12.13406145499352
95,2025-12-17 11:23:29.790641,-0.23768490919129653,-6.981376833183311,64.39873663972274,-0.9623651845134031,-3.181612247517388,29.310334652677387,1.6136641082424743,-4.260757902545197,37.611330684088244,1.669202357463873,-2.94599436890712,24.81977474252293,-1.181881379998143,1.6347268946230065,-32.76696223804328,-2.1994842585986887,1.86218540158661,-68.78877562701682,-0.4428242696076526,2.5875619638116465,-70.94064509772123,-4.589637611992319,3.8563004942813617,-91.56985973969546,0.4807458681470449,-0.44723502205727833,-127.87282003468478,-11.533474044706328,0.6461750036625603,-208.00565818562973,-2.891797192744378,0.4672481685746102,-88.54484177064042,-3.22282256293336,-1.5033189016377555,-95.67829399540013,-9.880083981920372,-25.60198041340339,191.39060429646193,-0.7214118454835104,-4.761240402041273,31.377343994186184,0.14462108895331485,-2.410419053062961,17.599262728140587,1.115386293854646,-4.106444285352034,29.569689157696676,1.690845134953884,-4.659002724500931,29.367114136495577,3.0714955234827426,-6.053578905179053,39.699280096443324,4.4846261319313445,5.085821886929422,-47.52097488758447,6.168485035998507,4.997024239517242,-68.0441761491179,5.336703189976726,2.568388727641008,-62.37787587178817,5.528668358246063,0.709947711409001,-71.01662616972123,4.960292867172958,-1.3373776634186605,-74.87732869681442,2.980427097673561,-2.8454120220445756,-66.67709492225255,1.354930551395154,-4.009543280679635,-67.58310625833387,-0.47436046216593036,-4.845500271328117,-70.39577869269453,-2.2621088678066577,-4.542904805204059,-65.99390472288128,-7.434011277898022,-8.119303121306473,-143.5838855525806,21.002640126410064,12.071899263110774,333.0694010452284,4.56032001518807,0.8627457457612067,62.97830676490094,3.625545817596413,-0.4701598473627927,46.019539795187214,2.2953505240348533,-1.0286872924544195,27.529810069759044,1.9881157299444465,-1.5165767121784584,23.025091412424494,1.592033753223693,-1.7631586008135003,18.548125185176968,1.8900164176148433,-2.824476593307309,22.618699026358673,1.354930551395154,-1.5165767121784584,-32.76696223804328
96,2025-12-17 11:23:29.918122,-0.0031541844459056466,-0.09626446747744927,0.8905125715738909,-0.02685180100329895,-0.09237319026690043,0.8557194004085596,0.040179922765041606,-0.10796035634702872,0.9531575873136808,0.06428708275932685,-0.11718496854645238,0.987357616843909,0.036172832117507644,-0.047154109290285816,0.9585896034621005,0.03133085911681026,-0.025301559902346987,0.9580062502602427,0.0065347043690151575,-0.032833104870581435,0.9195770402391107,0.04960957518037532,-0.04100613618310242,0.9818247862301597,-0.002626050246807528,0.0040481363221736765,0.9153380644143391,0.05626358587716105,-0.0031004051767194885,1.0016730550944954,0.03217896291880402,-0.004194555010149255,0.9643886548979073,0.0338141273538534,0.01614648797433879,0.9716740781281599,-0.04265719230693019,-0.11010585862908276,0.8283384148579169,-0.01904330180181363,-0.12883936737935195,0.8587801774494855,0.0077699100433104825,-0.12219184917717048,0.9000661766177118,0.03497148369576511,-0.12940853410919645,0.9387044927417529,0.05394473630151213,-0.15157347877367755,0.9627883775141218,0.07508853676494494,-0.1514771971166379,0.995515572878157,-0.07597294631248035,-0.08412109331616817,0.7869581740157934,-0.07323204476117144,-0.05826265395516341,0.7959457795229045,-0.0701058675576326,-0.03274662062545363,0.8073860004637413,-0.06478896779671024,-0.007436270491400163,0.8208382127089547,-0.05601511191674565,0.01604554603927989,0.8389473508619929,-0.03890255945488036,0.03887856210479388,0.8695528407781321,-0.018001838248531615,0.05571991012701966,0.9051320816145723,0.007409094952510896,0.0670572994588464,0.9446804344932602,0.03514263985347604,0.07030886110036173,0.9880841917739218,0.05325311385681509,0.05839871751895095,1.0127041725693138,0.06494020318966272,0.036385600786152016,1.0257289269990157,0.07436642705745326,0.0118818807215655,1.0349043105931726,0.08058877670681674,-0.013296354064519223,1.03822381753221,0.08424202557762414,-0.041892251030558665,1.0369617339624881,0.08618177326505125,-0.07023345065692324,1.0323997764153336,0.08410142441534076,-0.0988062499256894,1.0232261377167948,0.08115767969750982,-0.12697774406082976,1.0112662443763045,0.0338141273538534,-0.04100613618310242,0.9580062502602427
97,2025-12-17 11:23:30.036918,-0.03767627351584307,-0.8195588973002753,7.574834747115034,-0.2468447260701434,-0.8144349873069904,7.526578942941992,0.30949498899872135,-0.8562992392057864,7.599866761402996,0.48241601839230763,-0.8934757086616522,7.577123074647795,0.2552956071489964,-0.37194197349044095,7.632240617224113,0.22862602695641585,-0.1956405100781891,7.6571757131488445,0.03810073754683208,-0.2685161263497313,7.650697347127632,0.3639963097567092,-0.31059694458424614,7.633535514508731,-0.0326836080992751,0.043288076201556794,7.693340432690354,0.41730967603331826,-0.008931455660742606,7.716990646548194,0.23499978455090398,-0.02118648368906178,7.684367082798412,0.24618821154853332,0.1376074801470679,7.701247809061254,-0.3888975130035094,-0.9946244533389045,7.448914831120917,-0.17660618373641812,-1.1248502240117502,7.492139923554436,0.049205444462343595,-1.0255238059163694,7.552604631523427,0.26055655380192844,-1.0438571500330551,7.577801126254436,0.4085566518752839,-1.1928434980185723,7.585518365241795,0.5571297064039089,-1.1403543775423526,7.531204886172418,-0.7013676657747967,-0.7982581436434756,7.434253580888046,-0.6815632198866114,-0.5517060390259352,7.465258984914082,-0.6445281549346289,-0.3094626721455921,7.5434645202912725,-0.5900951316800734,-0.0697503578953089,7.54007764574818,-0.5067471815604624,0.14584545674303576,7.582696731015495,-0.3489104842840052,0.34730543431897354,7.669257805034534,-0.15878798066783834,0.48421694172698393,7.704593024113664,0.044128092724139326,0.5605393554234647,7.724212613907673,0.26383605844531244,0.566163219174814,7.720266401605719,0.39478191220685976,0.4659791139013876,7.700145167859614,0.47747714195136437,0.28851186881219176,7.623744503809541,0.5481843987366458,0.10371009056177663,7.627814534058548,0.588839758281684,-0.08666007622372471,7.591466233212786,0.6136716009003087,-0.2951838886500457,7.55779174415803,0.6226374625231665,-0.5028091800545594,7.526152566085823,0.6191891181939118,-0.7194794317566361,7.536454131158395,0.5967651631862786,-0.938476465691979,7.507814502719245,0.24618821154853332,-0.3094626721455921,7.585518365241795
98,2025-12-17 11:23:30.320331,0.0059230489666095175,0.10326340382899797,-0.9629450473944486,0.0315939465415338,0.10104672129757626,-0.9400800773034792,-0.038816226360316494,0.11287313683190184,-1.0083519928820859,-0.06386095787495862,0.12158697325137367,-1.037934882989738,-0.02990339497627616,0.043489836985435244,-0.9222646610307321,-0.025908044784535633,0.02127224051185515,-0.894371903964338,-0.0032681385173136198,0.029710233271047354,-0.8864310174593757,-0.04304276556610839,0.03632809437416492,-0.9253596167603673,0.004759892886590493,-0.006541758188201584,-0.8401244715395896,-0.046121160115076415,-0.0005473723172948439,-0.8865221289991415,-0.02547161125949952,0.0007512718678340436,-0.8717502904394311,-0.026150513871442738,-0.016617250149115387,-0.8519492923655937,0.04995859859851135,0.12746778966245934,-0.9555549067298228,0.02450774824312897,0.14975971102209384,-1.000382930402018,-0.005181778394301635,0.13569302577635622,-1.0077553016561722,-0.0336292383324445,0.14194047479668975,-1.0370209113375854,-0.05547589959146598,0.16977087783339564,-1.0856553936718527,-0.07882482348566906,0.16559403462105796,-1.09892666744829,0.08460597606917672,0.09515303413843808,-0.8946514331605927,0.07860150349597272,0.06237005561336548,-0.8616093713806074,0.07178924091808853,0.032331266275152794,-0.8334236388719298,0.06325162629829875,0.0054216213375716344,-0.8095172707697557,0.05306876750359692,-0.017547918453177942,-0.7915081079581024,0.03603266989278697,-0.03793308533822472,-0.7816297216701231,0.01681301370808817,-0.05136618913996195,-0.781096876717873,-0.004005950664167181,-0.05939964784951269,-0.7872209505850567,-0.026718918324866836,-0.060421718681995785,-0.802509667567034,-0.04152297831792733,-0.05129600043164868,-0.8252493996609028,-0.05332106547690853,-0.033235507380377685,-0.8537008429652518,-0.06289639974599534,-0.01265579323858678,-0.8842742923174995,-0.07050912373180475,0.010114364292960984,-0.9159025383654317,-0.07653624646831532,0.03687026456030503,-0.9505117330369278,-0.08071768787715074,0.0658588049555162,-0.9868675110055555,-0.0825154452336302,0.09774921420022123,-1.025209487321714,-0.08290644427360327,0.1328623241060155,-1.064591758448935,-0.026150513871442738,0.03632809437416492,-0.8946514331605927
99,2025-12-17 11:23:30.453035,-0.01126296178997839,-0.24050232769140112,2.2389683124129425,-0.07557189914368338,-0.23862081588266995,2.233502283823586,0.08958145976958375,-0.2551755716781478,2.2493688916565007,0.14367822922525803,-0.2695663471489043,2.257700329604289,0.07713652033506423,-0.10526249831085707,2.2171934509900137,0.07033954058835255,-0.05383432123959229,2.217342003760165,0.011335765716333952,-0.07511607265740627,2.2188350241121855,0.11063814273023823,-0.0916051585250353,2.232887566054459,-0.007327054995332836,0.015037162277653292,2.197943686654982,0.12423656821967514,-0.0039529305102512504,2.222978071266036,0.07213825757691643,-0.005244475082940323,2.206789834096321,0.0748991868285243,0.04100206436831075,2.193673917880902,-0.11867926220123728,-0.29541646305354474,2.2396091226983263,-0.05591287597551636,-0.3339524111393972,2.24433300731949,0.012221303952049588,-0.30281852009494264,2.245590309567439,0.07627282790122174,-0.3104746165056829,2.2550502209256247,0.1188929953385251,-0.3561116722021492,2.256142993826629,0.1657038324624297,-0.345126298243539,2.2581135901445677,-0.2091303766988918,-0.23657253905149486,2.233734421206694,-0.20074816251953773,-0.15917842698779033,2.2256120009089466,-0.18707236737885113,-0.08566997333958162,2.209983628445735,-0.16727099486086508,-0.014916693660379482,2.1958988943228936,-0.14048083978438947,0.047508925249456234,2.1842990069652513,-0.09281388267378941,0.10408463105527499,2.1794275459323704,-0.03805885394529612,0.14023583931720626,2.17231231500841,0.020288940353353414,0.1620927194003675,2.170055459304414,0.08078270572177657,0.16254296813024996,2.174473776114581,0.12041523158503661,0.13171205376825068,2.1851957883519044,0.14558091626023453,0.08272414821610713,2.200750437555284,0.1652853406951565,0.028422543123076544,2.2154540895286625,0.17870680184966378,-0.028207823772856938,2.2268338961150014,0.18660361209442164,-0.09003706161370363,2.236964129941477,0.18977623718363903,-0.1542841566882597,2.2471673434054864,0.1874695880980763,-0.220723956398694,2.2525564179371753,0.18046662509755826,-0.2867038407306442,2.2613897914278582,0.0748991868285243,-0.09003706161370363,2.2256120009089466
100,2025-12-17 11:23:30.591322,-0.005363839787748404,-0.25719121688801355,2.410679756015743,-0.07470722168670192,-0.2552623092138975,2.4120421727265415,0.10508484017712891,-0.2714900219706026,2.3964363351868374,0.16430516299072048,-0.28628878822085807,2.3841091779368155,0.08996773427356852,-0.10902785779049234,2.444585039524686,0.08354897014337623,-0.057805317243248396,2.460281593504924,0.020111521158629728,-0.08232726690966703,2.45862455713449,0.12904666921242794,-0.10035560807047782,2.451845685250597,-0.0005299021372709464,0.016098815406923643,2.479361516645783,0.14378468076982845,-0.007731108642409275,2.4682156787759015,0.08562200989400509,-0.004258857064925955,2.4735896618662756,0.08786309451523325,0.04802606720900814,2.4790962404110024,-0.12190447734903023,-0.31615791521550085,2.3972307787644525,-0.053829578041322344,-0.3542466445307289,2.381342153530714,0.01935821258859224,-0.3220110119615087,2.391411558022494,0.09042703978502979,-0.33043305783110577,2.3853397200429387,0.1348003433643403,-0.3731300061249444,2.3500444918386556,0.18509495404271026,-0.3604486623113037,2.3447972981583187,-0.2162646726625741,-0.25800232453855837,2.425651656918057,-0.20702773034197125,-0.17750571122834058,2.447366565071169,-0.19266122679418551,-0.09730242838823036,2.465496389427908,-0.17234687702594673,-0.02021696106788496,2.479919992367461,-0.14351715303109255,0.04825148037023616,2.489877219971421,-0.09222707125326988,0.10858848756938053,2.5022825427762494,-0.03400060510223395,0.15070876334133904,2.5091183324889634,0.02818658396601575,0.17601571843176328,2.5060543047000863,0.09443158514682967,0.17750859556009124,2.4972845600032842,0.1375677414403207,0.14398729965970494,2.4870044851776463,0.16572266264980556,0.08948727305015486,2.4721845790901753,0.18708018233406412,0.029934132321772992,2.4510896504231017,0.2009289297514695,-0.03060505023590269,2.4323136222898833,0.20972756702637774,-0.09550648449971058,2.4135865531065104,0.21348944934270725,-0.16305771339539762,2.3949962751691336,0.20993198941992644,-0.23134609250154958,2.373069668771302,0.20209227393931925,-0.300167492651045,2.3504608212251377,0.08786309451523325,-0.09730242838823036,2.447366565071169
101,2025-12-17 11:23:30.731016,-0.027333741236096963,-0.41990916174225595,3.995999185809538,-0.14015584560141492,-0.4201629901249377,3.9902974350243934,0.15489578792106368,-0.44485830926734865,4.003968467828665,0.2512574092477158,-0.4729545212653007,4.0081649393028185,0.12569091393785564,-0.17146196726729343,3.9882508626858497,0.11404572460972305,-0.08470191920769934,3.993475700497797,0.010794497828600171,-0.1255951037882815,3.990357294545278,0.1879748460737279,-0.15247590298542985,4.00974332743279,-0.024486622494839492,0.03587755878211688,3.965645580462264,0.21341908234917975,-0.0007591968512180708,3.9994520854687363,0.11815198023903226,0.005718273482688347,3.988361692314068,0.12244259896424829,0.08900306374241057,3.9728985823362457,-0.21678548771844194,-0.5225486971945011,3.9839712854362714,-0.10331100118512636,-0.5846699279887868,3.9858498421341113,0.013972416115047476,-0.5278357635327353,4.005057064940811,0.12982802734121948,-0.541256892122816,4.017084175231233,0.20659236822413202,-0.6240492989855115,3.989431836434231,0.2896087443665109,-0.6070579077288576,3.9906070762435992,-0.3754528073467728,-0.4229027700077037,3.9813069812996282,-0.36144905441621794,-0.2872482035544835,3.9726692961674135,-0.3400003191777496,-0.15435239174698992,3.9711380959352915,-0.30717254159769997,-0.026893203067546036,3.9573400259271208,-0.2599900173638312,0.08533713555790735,3.942025953181731,-0.177455792481958,0.1878530957988382,3.942453815144106,-0.08041809992304866,0.26052396386219434,3.94743307995091,0.0229009857116161,0.3010360069589247,3.953381596170663,0.13533938968443135,0.3008135038054282,3.9483230993774234,0.2063779930535004,0.24448242051193889,3.967281128492332,0.2531268316636151,0.15179094240342203,3.9727628065682805,0.28953250921349066,0.04775599533212002,3.9670571622543522,0.3133867142136711,-0.055851076760620316,3.970025039679874,0.3274740320139223,-0.16621085533588764,3.9743289568143436,0.3345791792929071,-0.2793773255348563,3.976712175661348,0.33036520767788696,-0.3953884698180685,3.9733468355651005,0.31942393321564805,-0.512540272726995,3.9711356016183164,0.12244259896424829,-0.15435239174698992,3.976712175661348
102,2025-12-17 11:23:30.864551,-0.005191271594477512,-0.22959176601979436,2.212410583571271,-0.06875174402636662,-0.22989989412482065,2.218112664970359,0.09775705916912518,-0.24282000688241934,2.1997000022321047,0.15051077150337291,-0.2588305709327218,2.194168332793168,0.08450912884853067,-0.09138923770106468,2.2449426877537197,0.07791450806054076,-0.044766967760827545,2.2678353740109327,0.01974150619952675,-0.06733162526091856,2.2656243021989937,0.11981700760274039,-0.08396613609255747,2.2590107794587797,-0.0011311257343693505,0.02503192566079134,2.28747286403727,0.13483525950882586,0.0011554529968059847,2.286459130399055,0.0806309204387213,0.006078779223783601,2.2769947868463642,0.08295199140744407,0.05439774135187774,2.289990167055124,-0.1130251718380599,-0.28521086648693234,2.200526305489313,-0.0504190337297296,-0.3176857067407708,2.1767824941212166,0.01792205212242949,-0.28784670716211536,2.1861321776740197,0.08251120026823133,-0.2960849012050267,2.1837372208005505,0.12348561984407114,-0.3378679633122602,2.158045196226697,0.17056250208656246,-0.32793217389087304,2.155175427906512,-0.20499821446147362,-0.23280805298068982,2.2326837175278973,-0.1954923397019977,-0.1568824098920286,2.2544978441029557,-0.18284761672265806,-0.08322726560433902,2.274596414832462,-0.16450613882366313,-0.010524531171135327,2.287362367136351,-0.13736144149877502,0.05456448469579168,2.2979442079191204,-0.09000003284961057,0.11210864452632119,2.311508916750562,-0.03289043498174916,0.152573139496735,2.3149234237717375,0.02628165835147726,0.17487372893098638,2.320225202034761,0.0896548628696712,0.17617326860164756,2.3174260644335685,0.1311535820602438,0.14238151776485036,2.3138868350686157,0.15721720141921566,0.08982561201467314,2.298192291998747,0.17711437687185108,0.03271128062139928,2.284268419515586,0.1907757405722508,-0.02511523204191765,2.26600644025576,0.19678951393759656,-0.08711912931172722,2.244311465015727,0.1996192815909394,-0.14972153416075148,2.2226298378176157,0.19606209984390255,-0.21302910585577192,2.2012156237299463,0.18795629546985282,-0.276361552570226,2.175200893724894,0.08251120026823133,-0.08396613609255747,2.2590107794587797
103,2025-12-17 11:23:30.995578,-0.12193725496174714,-1.2934967365407313,12.95806125133403,-0.4764487293259654,-1.2864086336686313,12.99880635221631,0.46262894780500785,-1.3788014422043284,12.901181831686028,0.7515417211215996,-1.4683325083008991,12.894546421236452,0.4111390870804492,-0.518271917639861,13.244050901443936,0.37647431466878895,-0.22981503518101132,13.611326020172012,0.03475602509721735,-0.352087424729802,13.522819470065992,0.6101468730047088,-0.4511472012952157,13.401955680567811,-0.08611304437094101,0.20735818405506917,14.016167930644167,0.7207243345044486,0.07111190282699231,13.943357370029345,0.39995759212445825,0.07101347102420984,13.849280046197482,0.423447130887869,0.3706201597173669,13.898201679750844,-0.7078423350701771,-1.5710496879751024,12.64893281523407,-0.36317225380919915,-1.793711225856583,12.68838587117221,0.0175797358762149,-1.6121475149620799,12.676664770745406,0.36665612106073964,-1.6532888842096205,12.643319448708674,0.5928102909048849,-1.9060948631891574,12.541891871131643,0.8549623163633152,-1.8643052631388364,12.583917756136584,-1.274968402959405,-1.27663706793941,13.020596030860947,-1.2470304693121321,-0.8562051614066991,13.337679428314443,-1.1856087714260204,-0.42743882498910735,13.548123825030537,-1.1114211115751014,-0.001301763725484854,13.935101940586827,-0.9525462429435948,0.39801774874059087,14.074126302383608,-0.6634007104715998,0.7790875979651731,14.286305460895088,-0.29612562285941785,1.0269920670431882,14.301292293924524,0.0827646472007036,1.1844006066315662,14.463268723804116,0.4875076655915931,1.1779479007826625,14.435899875490893,0.7437179375331352,0.9679317529048882,14.425898621405272,0.899217374995906,0.6134266995729221,14.266971239408942,1.0110423306098928,0.2460838142542503,14.224848871305907,1.0761285680754695,-0.1281498203511799,13.967291199928416,1.1049204506913488,-0.5259071762488723,13.908575940176394,1.1027386309249314,-0.9109551922704506,13.728141101480444,1.042299530275495,-1.2639608402249032,13.259874925863645,0.9837369271513595,-1.632117698320231,13.066057484404777,0.39995759212445825,-0.4511472012952157,13.548123825030537
104,2025-12-17 11:23:31.122559,-0.12635861989108324,-1.6292295057322388,16.175699115823246,-0.5582193975133242,-1.6318215155871165,16.32974150399873,0.5839077826400202,-1.7174314449079229,16.019812891339644,0.9279280046575538,-1.8037122637382277,15.821678138790197,0.5045482876348846,-0.6514919146666938,16.136981520103475,0.475747477429328,-0.2863602417108254,16.324182557001542,0.06933736678044157,-0.4444557185207057,16.30624419860449,0.7464764302337624,-0.5530808190420227,16.144096219087405,-0.05752452493365653,0.23418134724771833,16.280677270036865,0.8590815365015639,0.09109059971930518,16.110455864545873,0.49261860245657607,0.07994933532627438,16.12076791404549,0.5208966282930874,0.42256215981370365,16.289316848593128,-0.8634691171220272,-2.029262827047181,16.113657954362726,-0.42784679238765766,-2.301098234643369,16.17446608060714,0.03502670357262496,-2.049938101910264,16.020768246919662,0.47013533562628784,-2.1124362500723257,16.020789697835063,0.7584858324918528,-2.4484032432858664,16.01876560940628,1.066003723667597,-2.348626362879535,15.805821659345654,-1.5121169603995916,-1.6078398460855838,16.156479838127062,-1.4543460107403323,-1.0762946449233632,16.318736565662327,-1.374813482054464,-0.5559859805807944,16.509851516373296,-1.2437992742230861,-0.030147852281863573,16.49849243243043,-1.044502271036296,0.4368425131082223,16.330262015858615,-0.7092025574045161,0.8750908068527878,16.358681624877136,-0.29927996800243384,1.1562081225414074,16.22364155121303,0.12714703815087416,1.3281872015303553,16.231835734982454,0.5717992210173614,1.3157189692943907,16.060709416149223,0.8578551298378736,1.094647882660305,16.066002218200342,1.0409615951236784,0.7096306617649369,16.073580450218444,1.165443740434672,0.29806843414329154,15.898854182006597,1.2570163792686098,-0.12978389910515983,15.906674143375172,1.3042699143284295,-0.5820466614360167,15.918195702425084,1.3162877343041155,-1.0409237421617183,15.91365738622425,1.262718697742137,-1.4997169298862199,15.775322783684214,1.224639768882886,-1.9906676958989726,15.977392874519964,0.49261860245657607,-0.5559859805807944,16.12076791404549
105,2025-12-17 11:23:31.246080,0.8897729282965126,12.248663876686757,-124.10865388727215,2.3500305595612336,6.724864982508996,-68.67296716799973,7.348101173274185,-20.469902784026694,195.27844355409601,2.885112518061642,-5.319277214762715,47.679664903762664,37.2072863879147,-44.76665745940404,1172.1317360390995,-49.88376597378258,25.559033736660872,-1721.9890870282675,-2.2605187474907424,12.601046384180815,-509.602669939572,8.746143133638075,-5.885796138919431,186.72853071618624,0.5398889652560217,-2.8416229139445273,-163.31205317051186,11.361668728639632,1.7820515124261267,210.69643913226423,9.828474457151072,2.430853185682628,315.7838890124201,-16.22983131518272,-14.617437308186213,-505.6313210392399,3.4956029290818122,8.229882942740417,-66.1229604511351,2.7543772894165395,15.076572846019966,-107.43432284280446,-7.875609446585299,274.9732499184242,-2185.321020249559,2.343351191086947,-9.820544623423638,75.90921565144089,1.8408114632449386,-5.657340610851774,37.662730937319765,2.2388519592429756,-4.70531223559875,32.17929809987933,5.458562041765154,5.7250240582790575,-58.31438985523147,4.917261851749716,3.525051150096678,-54.736974495200265,5.4352832009594,2.017221925962642,-64.21776232008177,5.232959291731332,-0.03167593890937435,-68.10300258867399,6.019964293782274,-2.732555928749655,-92.85156099831659,6.325557165447254,-8.132628192441496,-143.8316466364441,4.819554998538058,-19.372100863027793,-259.6798507653464,-35.231929685573014,-375.77304709122336,-4424.053781769332,4.54888543845226,10.670594678255997,125.75955387418828,8.16360818327933,10.74737193395899,151.3274398651809,6.380000837779212,4.581114025666286,97.24724568608231,8.93903002984551,2.586548713064388,119.27170799975104,7.692901486717481,-0.5021788249198174,95.48372130073282,11.689266962017618,-4.699431865375915,139.84546795528956,9.23000189366713,-6.875102406734912,109.44171169331544,13.279846849145667,-14.91586561741023,161.6853536926753,24.623578244350533,-38.29983414628959,315.02532545307923,5.232959291731332,-0.5021788249198174,32.17929809987933
106,2025-12-17 11:23:31.362730,-2.258808326581045,-24.022811868200737,245.69733880041971,-2.323917648108011,-6.493729811085275,66.95946767273331,4.285369574072184,-13.269273301397675,127.81541554127475,8.239300292561046,-16.441352929734833,149.7778967384849,1.7999643788561563,-2.3071633520908694,61.725735404265166,2.8857246794658535,-1.4998585308374341,106.81761175694359,2.747214501755322,-22.816015324418252,981.2941259242393,3.1183990399987267,-2.126933661888338,70.71800832675551,4.536438424901828,-22.392673634992367,-1238.4391318142834,10.160799072772216,2.0183383880517805,196.3127692994675,5.200301982737533,1.7166911086203442,179.57430733557857,7.242794982805589,6.977601977852121,233.37330332541262,-11.982418384906483,-27.491003765815336,223.51688591477995,-7.787178708435774,-38.69996279079744,279.53473439697046,-0.014542113088376631,-15.555289107139766,124.95254273721649,3.616216213485751,-17.953847641929908,140.86068664729652,7.21017671601273,-25.33043554173008,170.79018232200065,11.3535699314144,-26.04868754169704,180.0327407250876,27.617221243775152,28.878735208191852,-298.3880803776701,-3.3876625913264604,-2.4436483866837118,38.36310192183439,-2.2679665194446876,-0.8374968680281661,27.26449267729528,12.349589390767173,-0.08693213155632376,-164.43866133870188,12.969131906467249,-6.014198156409582,-203.4884577161047,-10.229987684080573,13.488238745082807,235.76065295483647,11.932878585131672,-48.35981551648618,-640.9024935438788,-7.08441404102336,-79.54712285701878,-920.3556868568429,13.64782170918418,34.30248473062401,390.63056416904004,-113.8576885404983,-159.02893758147974,-2166.045832038564,-49.53592112513949,-38.349548078202666,-771.2731544360936,35.4510395703651,11.440285047438945,483.2776134198495,-29.641832372680835,1.272435922568605,-378.2534321765241,60.26060611612988,-24.054723741662038,741.959459338319,95.8157151339505,-72.64966381540415,1178.8545579676702,48.11203730507123,-55.88745669886722,611.9652280229454,40.84771489008016,-66.23147730337155,548.1912471246505,4.285369574072184,-15.555289107139766,140.86068664729652
107,2025-12-17 11:23:31.486828,-0.19845064792958952,-1.882554919577601,19.55991366372133,-0.6837069960180053,-1.8260850633591303,19.227568043495438,0.632389921843249,-2.0099315351882305,19.63963484955291,1.0571908438736044,-2.1356531194778277,19.72664819018728,0.5258978558354498,-0.7151863336943443,19.68688265921407,0.4941437423352872,-0.2554366384191918,19.593690994553732,0.03755207942443389,-0.4273428790160094,19.574203227816543,0.8295526261563623,-0.5789102415044551,19.846289094350666,-0.08776815793509257,0.38602888775227945,19.77910716140049,0.9993634968696619,0.2270364832074797,19.822321608236567,0.5407207905013657,0.21213797248439592,19.639547036497532,0.5881219055907019,0.6104323725674812,19.688608997991622,-1.0356174503659443,-2.3296782959775233,19.15175556146106,-0.5571536530089616,-2.6475419940186637,19.349980751030092,-0.02969476830232279,-2.4090820568130096,19.61857047185212,0.46500022581056194,-2.4316506727622507,19.348280932142718,0.8001658331670574,-2.8719231387591764,19.577176829992826,1.224645843475325,-2.8364824282920056,19.809030241971833,-1.7826202008205094,-1.8429849578374637,19.206995609074166,-1.6767807601173736,-1.182395791276355,18.99747058549527,-1.6086257994053927,-0.582867647094734,19.34668502617108,-1.453845612809945,0.03742549478349794,19.300698715233032,-1.2310280797523414,0.5973836617274936,19.23580278091308,-0.8633835902839737,1.1376747118519999,19.685873490563512,-0.3671313458994389,1.4863252087993803,19.38183170626523,0.13827192323741488,1.718188231830296,19.560108087179252,0.6745678262337971,1.7459373207362898,19.715633124624123,1.0194956886654305,1.4622969552286609,19.580674273438216,1.2659297473257627,1.0009707198111444,19.75109745292627,1.4471093897781728,0.48810691852786336,19.92714642303494,1.541746487278557,-0.04684288381024205,19.69699224592636,1.5985625965717203,-0.626167111390467,19.847954306134543,1.596404085618311,-1.201767676847151,19.731179143772657,1.5357000651993804,-1.7729513947749338,19.670976009911243,1.4319889373168582,-2.3142839254163463,19.3455858897433,0.5258978558354498,-0.582867647094734,19.61857047185212
108,2025-12-17 11:23:31.609003,0.034701048332866684,-2.4332500358245914,41.635127671154414,-1.0780803161224106,-2.473250217982258,42.085947773764865,1.9173706477334063,-2.741141553411049,42.94971805960531,2.6271459155943107,-2.72658500456519,39.47185428150319,4.027009634640748,0.12183272152938934,96.48500203846218,7.896002639904286,4.6007943172021815,192.9501120252725,1.9547098346352967,1.7469522911282505,119.76971508920475,7.617587499366138,1.1230050608093678,131.14404045490352,34.917343553698466,169.35974336449172,3072.226009792162,-32.034990778966055,-22.35191523784634,-467.38260794255757,154.05254445032878,162.89604626177498,3476.161285259673,-10.821660137002992,-15.098408879017862,-226.72055710608166,-1.5433836822836962,-2.889071943175729,33.88335222935944,-0.6111697610300555,-2.9490473984897054,29.665298292177933,0.2823664385445915,-2.79019630797675,32.99747198998749,1.0869522625941397,-2.7695348724100355,31.754035931571597,1.4052182065515613,-2.9504573209974483,27.495351821846228,2.1970107459672357,-3.1028946067703465,29.98192809467545,-3.407322724991567,-2.4414883420272426,40.49883001680449,-4.446751182878606,-1.558279286879866,56.620322401204774,-5.958891975927241,0.4020514636746996,83.12276325586554,-9.679033868261223,5.6065238154744925,154.1560258763774,-41.88239796435831,54.03274219125957,830.9967423904168,5.973683812126397,-19.786407369379287,-214.30154642310737,0.19838463703387094,-11.513947999235375,-104.29956321735655,-2.038054314020822,-9.795812161864117,-80.32706063930182,-3.701939189654691,-8.419650152009565,-68.40216769991251,-4.837083212448836,-7.308196711707469,-66.88535237348596,-6.046577583465811,-6.172992241213747,-71.75652578990552,-9.75136364572801,-6.405810758574171,-105.44825007630267,-18.16135083612553,-6.454502570132875,-186.7293753693453,1100.4032129569453,69.50226930850164,11162.745993510209,14.74077004191694,-3.3904126305360975,150.62640537283363,6.187207312316224,-3.409897142007314,66.45601129521225,3.81806941110061,-3.528396178296574,43.836812626280725,0.19838463703387094,-2.79019630797675,40.49883001680449
109,2025-12-17 11:23:31.742824,-1.7050837321094734,-17.315417404616422,186.24041113066522,-2.97676078400103,-7.584061127436389,81.88899588512294,-12.205551447619515,35.09824222168491,-355.4695959550771,-3.1607867252014494,5.789974355408881,-55.37960651868078,1.7013159973423944,-1.8692885514572948,58.27067808586324,16.071226618428888,-5.149725527484564,590.812075358385,4.822112556698878,-31.60541565050995,1716.3064375323274,3.3588365456654232,-1.886981731440596,75.28030994465618,1.307194163229272,-7.235221279565126,-313.2237189592305,-179.74784197684838,-51.430907925083844,-3414.674932259962,-11.117075477038386,-5.470413846052327,-380.40814693774144,-20.450696238634706,-22.570704921363916,-649.1852240412819,-5.709006683362712,-12.342647351877533,103.65834008191455,-2.2952037150627125,-10.845266824339799,80.45280012851715,0.00704640864024526,-9.28041684626678,77.3316758269787,3.9496675697038364,-18.309050604856125,148.88843380735153,-10.088602614334322,32.755017906963865,-228.02754881951472,-10.72548047153913,23.00758260859803,-164.14234516701356,95.70597071088395,93.99320067104308,-1007.9133205183581,-1141.7404492546946,-744.4729100705026,12514.055547314165,20.96232466209678,6.460496289629605,-245.5121457582721,19.794633995336078,-1.4613704106287737,-255.53633274236498,9.121602956332724,-4.783563000461122,-137.96029663785444,5.653034803412939,-7.881275724592137,-126.389386130137,2.174876866702803,-8.901401807816551,-110.38931724631594,-0.7940162517168508,-10.204778630415072,-111.60040330035821,-4.339432817191811,-11.279970731961741,-122.37170964531096,-55.649941080641234,-81.9125088896138,-1045.4931443080773,17.24098273085579,14.65885115335233,266.1804177529854,6.822307284435902,2.6654468459572005,92.31520515869141,3.1688775193504886,0.10745087499456325,39.8433330233272,1.900278031551435,-0.6121258042097396,23.161195705650453,0.37463383057515465,-0.25190155209527165,4.533007618760427,-1.0745884981048242,1.151637569482502,-13.453118607840016,-2.198024128897457,3.3374052687847673,-29.015924223830957,0.00704640864024526,-5.149725527484564,-29.015924223830957
110,2025-12-17 11:23:31.877900,-0.07540241560340046,-0.615431687644007,6.636996565997432,-0.2526901488407201,-0.6103502756968019,6.690067200785629,0.20696841194918464,-0.6538332576327665,6.569546426813352,0.35170516168946797,-0.695764937799133,6.537918756048395,0.1835935418533253,-0.21114516286203242,6.548176378261245,0.17235085410607537,-0.05631449326472173,6.620133375702648,0.008627377796968044,-0.12111261807690032,6.682627306677637,0.2854639248916185,-0.1730474133265708,6.592329890540659,-0.03420588774091309,0.16250565042854812,6.816535909412475,0.3496808931130558,0.0939344428007062,6.71134416184037,0.1892005178170549,0.09594929589789128,6.668112214388627,0.20945233656728354,0.23644935095465267,6.749954314873683,-0.38010138979297675,-0.776652839707999,6.642191570958677,-0.203313214315379,-0.8785216092066395,6.600174456436458,-0.014576800872733508,-0.7829073701704856,6.578813627854412,0.15501935663407387,-0.8024953072532928,6.511185942659689,0.2606259421156365,-0.9360665596414423,6.468398605845233,0.4017399124367375,-0.9218748084826915,6.494613105974825,-0.661668626563767,-0.6184784049049412,6.7594046961769525,-0.6326190579409361,-0.3919467933014543,6.776750034338416,-0.5979489977667517,-0.16639448448400498,6.835698835719878,-0.5404620742977854,0.05343890446116275,6.845177249842167,-0.4613798206247219,0.25127450358035647,6.838779525309731,-0.31224749610064406,0.4424967807920611,6.878673278672335,-0.135827140217726,0.5670268168225,6.87575329446936,0.04928424831016112,0.6321840881032226,6.814115337824626,0.242396124561999,0.6304868402419566,6.789750656677963,0.36248668232001363,0.5280354093231233,6.792164855956967,0.44027813791605025,0.3631327828378614,6.788200964812182,0.4975369707951739,0.18216118760999286,6.793850211139609,0.5317262274048201,-0.00173259846985494,6.788699834076324,0.5400118108650852,-0.195744443748944,6.719929892561251,0.5336626962507943,-0.39106803146899594,6.682126712089084,0.5118881776205931,-0.5869879705494443,6.649698262727353,0.47662565359646186,-0.7777673404414074,6.601617128155679,0.1835935418533253,-0.1730474133265708,6.690067200785629
111,2025-12-17 11:23:32.012766,-0.03805488050683042,-0.49392481258431475,5.371006840130698,-0.19194715344798058,-0.4896867295262199,5.3622006351838065,0.20787639789370105,-0.525314058730708,5.368510741143996,0.33515016388408364,-0.560731415358432,5.364079182122028,0.1861383981230628,-0.14779986785778573,5.457842141741574,0.16699061628141285,-0.020636341494314436,5.44075941101215,0.02107383520229547,-0.08035510414388398,5.422558009345142,0.26455050043224615,-0.11983549239093594,5.4263981366923515,-0.029485736668553555,0.14221590472910753,5.365133877739866,0.30020304620817384,0.09324589185839463,5.402432420870524,0.17270159745853553,0.10102130492512197,5.416123597616657,0.17841681754817465,0.2117084586037011,5.417936325088759,-0.2951463304270188,-0.6289586403177421,5.3337220867151505,-0.14339220286031007,-0.7215970575252735,5.382845795758897,0.01924964019565961,-0.6412413823219172,5.413415086929595,0.17425675234035432,-0.6590072209580274,5.394723277000304,0.272099177368895,-0.7705244907559752,5.364687253897838,0.3802345687725083,-0.7463037460325487,5.295723882791997,-0.5274419552931375,-0.4915543458706008,5.289222222107687,-0.5029022153372315,-0.304604123299095,5.273441117942459,-0.47719994601176796,-0.12405302507589887,5.29061570189221,-0.4344333904099537,0.052190562517543594,5.288862414184864,-0.3681818863283593,0.20965675728622785,5.2751825901931255,-0.2500927927068896,0.355199423364683,5.266284537795144,-0.11127658066763302,0.45268463703109996,5.28334457652474,0.03771193712176913,0.5119087201779341,5.3011498395561025,0.19461722622384034,0.5142442601569086,5.318897634074331,0.2893695331458611,0.4323596472232307,5.311898940574066,0.3499331703220498,0.2990570822608328,5.292122918820419,0.3925823286282152,0.15568514777755899,5.267527726295443,0.42148551552717334,0.010339014955523498,5.238251084321352,0.4394819039195429,-0.13916026180783578,5.249626681056429,0.443173416744797,-0.2952647754411014,5.236075299765994,0.43284091203503544,-0.4518151448229566,5.230663528437951,0.4149702611627138,-0.6076924337645156,5.216007676263709,0.17425675234035432,-0.12405302507589887,5.318897634074331
112,2025-12-17 11:23:32.143903,5.007221464489699,71.84918416567447,-783.0999398676989,-0.10573250599585794,-0.2679381445461713,2.911058516440232,1.116377980043281,-2.608718612629202,26.9844223559789,1.6053469262950548,-2.480087890728652,24.166511670811083,0.8533520679641488,-0.6624169633257622,24.59500519392368,1.1125352342952468,-0.11552802545632743,36.28772513787234,0.12094873866789674,-0.5960537279665313,40.31216721932336,1.3904950854804987,-0.5859413278748252,28.25024687379581,-0.7834094785950498,2.662320929242144,94.90852018906263,2.59265530729839,0.9459674656047283,47.236482099484796,1.2987296348536084,0.839415638265266,42.085291138227596,1.3555122300411828,1.75050853766366,43.28088419631383,-0.9899071635686143,-2.0515457192522417,17.31262332792013,-1.6997357899574776,-8.745213870835805,63.80832599690697,0.4447815789055614,-9.357135367319945,77.54504302567695,1.0413127881572983,-3.5633921765336423,29.038968158030507,1.420421724274368,-3.634614791225015,25.324092467656456,1.7534884532318105,-3.1319219683063753,22.78389930918241,-3.3344885382691807,-3.030055320157208,32.630321849184824,-3.9957865896546414,-2.296907367178754,40.55346552645933,-4.602218577457348,-1.0959544951030151,49.22625821655656,-5.4531353757837175,0.7254507980529071,63.37703824549834,-6.09991789496528,3.458455971282441,82.43078714715892,-10.826775188347638,14.622424307648652,207.96171891733835,-8.333483990419646,28.669402994410827,323.7938121297023,0.38145796976376617,16.328352140588684,164.1568883096738,6.31389392598,19.6578766552051,196.1159339814737,11.095908965247936,18.93389035160369,219.14370260994232,15.29967897727535,15.42162822891893,244.33865751828245,7.591347956344414,3.9818635756372576,105.70059505701767,6.47119122341149,0.970995616761136,82.25612260980373,4.340714118407785,-0.9088957746304632,52.20039500206868,4.057362233244178,-2.2508226909067264,47.45869091991698,3.446880855266031,-3.173235968581533,40.57365446624192,2.7925411463755596,-3.681472294894851,33.657233861983315,1.116377980043281,-0.5859413278748252,43.28088419631383
113,2025-12-17 11:23:32.265617,-0.019574202110797714,-0.3453034149484327,3.761187569079869,-0.13900953611385544,-0.3452571456557889,3.722328572345774,0.17358132544507476,-0.3666390607449573,3.800837080098562,0.27746920358589267,-0.3941620230306993,3.844957073287217,0.14577269415357016,-0.08797646836975244,3.7882848286277793,0.12760631556848792,0.00011342932425932431,3.8098906535101085,0.019166441474595387,-0.046758124137357304,3.78714027527251,0.20379958285481511,-0.06913853132608212,3.8333802517163544,-0.027418331304346705,0.1110424212781702,3.7964351008520203,0.22290728240660698,0.08758927223728319,3.884279489078156,0.12790384179255884,0.08856102551358104,3.8231801060036106,0.12774588477118662,0.1685102759122146,3.8263527543614586,-0.21556223128878532,-0.44525871003120515,3.6935216124220838,-0.09613541988830542,-0.513214410643531,3.71733333701726,0.028982472225602712,-0.45277342093770434,3.7420199643084584,0.151478333676931,-0.46709329795199384,3.7913758994466518,0.23519497747747006,-0.5488078036881274,3.8042766129484185,0.3223953951740083,-0.5278250290268514,3.8331220091230955,-0.3826200843313153,-0.345961669260502,3.7180326540751123,-0.369009306038297,-0.20952371240062193,3.7251320380526756,-0.35196050307863186,-0.07938849484812258,3.7473629540929587,-0.32442667562448796,0.049501284009642224,3.7730629605299764,-0.27993591948357804,0.16458870438863818,3.785411006996382,-0.19745633775478819,0.27089607361350054,3.8063228143594108,-0.09764616066645751,0.34128871695590546,3.819531778853121,0.010737075987648557,0.3864596324971227,3.833938646313013,0.12599652120882904,0.39111800845348993,3.8531014750110835,0.19904460807340355,0.3408164661372262,3.881467157957259,0.2468017097700221,0.2513872409659602,3.893271711002759,0.28549043157279114,0.15523658201280321,3.8912072288837143,0.3149483405364637,0.056983932622630816,3.9100631967387045,0.3368847331146239,-0.05804426786950882,3.9103079485449035,0.34804400104079375,-0.1770117632332303,3.9041937769126958,0.3493059148957421,-0.30005394682307085,3.9108815975991384,0.3431322055701902,-0.42541553411059546,3.896874984911109,0.12774588477118662,-0.06913853132608212,3.8098906535101085
114,2025-12-17 11:23:32.392993,-0.3328160107921743,-3.885881479913446,42.91044431418961,-2.3692363253193105,-5.168551981626189,57.15474045862227,1.4811288204716397,-3.1522066915698215,32.908509571328125,2.1708646343149205,-3.014701143448856,29.111067879500013,1.443046118977174,-0.8284834792175215,39.18390704824519,1.3526392488449508,0.0476433964618319,40.40085914538312,0.2122272215451417,-0.5503165691083383,49.622625669576045,1.9429501298923655,-0.63496136407295,35.934788159980926,-0.3963281452907715,1.5766052555521606,54.45864826734874,2.3899067160031477,0.8382848184798255,38.998930561965466,1.4931532749151706,1.037641175766513,43.72732875153288,1.4377640235176705,1.8550232933791329,42.08627329812628,-5.500428121882702,-10.133560109325092,86.14417563241426,-2.087364151324474,-9.284967068398997,68.41400750719916,0.1472028288941833,-4.759515668687751,39.8987692430702,1.2624317396364253,-4.013976977284545,32.613185623308944,1.6684963005756857,-3.9077670718298068,26.955964500878824,2.2733203516187115,-3.6643474543669705,26.411222325265392,-9.149925105406961,-8.011563690437228,88.92058747553581,-9.930611913069376,-5.463734288059357,100.90161013427245,-7.3601829737465785,-1.6555406402754378,80.22326009932135,-9.38153409339069,1.385406655985128,113.51277578954183,-7.266373085765523,4.257324596856825,103.37790160188226,-4.724580481381621,6.65717899019161,97.70257152345664,-1.8690960988717877,7.147001147664973,82.87093790866601,0.3357258543356363,6.620288227029796,67.51578855579231,2.0222611459162763,5.731528741582214,57.63143850919742,2.6348526484142574,4.144011218021422,47.96613967606735,2.9986938460486203,2.8312104630284196,44.33772704401935,3.051956567071412,1.5601804708334908,39.27518885840874,3.2684961048993246,0.5518458133292442,38.01156230062912,3.195062545655055,-0.5308877112553233,34.85736002251159,3.0016380698624494,-1.45971998242819,31.645367084509786,2.8808782085249316,-2.3534224851988714,30.164580550997144,2.7717726937191256,-3.2898678346718184,29.624957117670057,1.4377640235176705,-0.63496136407295,42.91044431418961
115,2025-12-17 11:23:32.520413,-0.48464535784340923,-4.211965805534525,47.99377108411741,-2.346446986179987,-4.5158070413434155,51.34593045313607,2.0174043984317227,-4.127107533624918,44.24265803629039,3.143918676645516,-4.145343860735839,40.714838861838224,1.9147178632811728,-0.8929516830993481,50.85951362641101,1.768688094373431,0.24907186325156183,50.809846726693564,0.18369735427444028,-0.4196428168520752,52.2666411548244,2.5946098564740883,-0.6572678002439769,46.12924221869467,-0.3781735308639738,1.5671913229931844,47.55349526185437,2.8384666312325275,1.1139319973707533,44.31556728751392,1.7226351006559837,1.339715434552521,48.56046813500082,1.7585491224467606,2.3607587081917853,48.554786114620576,-3.463534512507238,-5.751666118971711,49.44693257115403,-1.8651280575286486,-7.049335920035741,52.11563720250464,0.0789008720198363,-6.0707800541639045,51.4490453526166,1.7583192134386463,-5.5369610750724965,45.32305625313982,2.742366471865662,-6.195719640965532,42.81573591640745,3.435609072693618,-5.306604038230162,38.58821264901476,-4.568054299369987,-3.700379252994143,42.05556172436139,-4.203370356941681,-2.112777291843546,40.650134285444345,-3.9022610585529547,-0.7290602194465314,40.9163863355267,-3.514091301258572,0.5880534965715407,40.80799655437755,-2.982470634673941,1.784354161068104,41.112714424897945,-2.1455900707376916,3.0239882398422395,43.18123186774466,-1.019234877367683,3.968318304449473,44.92682354137462,0.26184306753394443,4.5591888363600495,45.2458568679725,1.689822800414287,4.655233051363397,45.498497217335625,2.4556638697551123,3.8306031732342873,42.51986194754481,2.811424612179072,2.6983968954570123,39.886517888653316,3.1561988652737156,1.6944373653390052,38.8865123548141,3.2907250101379653,0.6636815334199254,36.95578700287443,3.5064735605066595,-0.43726406976192916,37.00162998514591,3.6453336492261057,-1.5964574783300662,37.04284922922325,3.561414830402567,-2.72069469318025,36.132877447744484,3.4308244285959257,-3.9200176809355614,35.701743495325275,1.7583192134386463,-0.6572678002439769,44.24265803629039
116,2025-12-17 11:23:32.646653,-0.3799795474346936,-2.0948903804366408,24.341133733685428,-1.2516591959160168,-2.0621911718243644,23.67391321644204,1.060385091450588,-2.3035418001631616,25.21740618764371,2.0103191986502083,-2.634799052861043,26.502094576215406,0.7183399230718518,-0.3652475762696907,22.856724997115727,0.6879693933677618,0.15623509971118588,24.104963752537518,-0.08713388364740973,-0.16400761680416998,23.937253793904528,1.2861563458253105,-0.31768457623910396,24.8669895990719,-0.3260628212813676,0.852360305560426,24.127498518043982,1.5161765006156898,0.683934211803756,25.155566396639678,0.7138085725793017,0.7070831117601661,23.92226157596069,0.731388220954326,1.2094273179587336,23.77276928381414,-1.8211286175794985,-2.754291786077303,23.731829126363884,-1.0155737852684856,-3.1917895522986868,23.67925721772249,-0.12090699025139498,-2.8020286277603796,23.77635855892742,0.8689961771597745,-2.9907639930607806,24.669963111219875,1.5975424771523639,-3.6922179069634304,25.74849539040827,2.374305733749893,-3.5670695503097027,26.52480937446749,-3.009213058415268,-2.3220286142827704,26.7626493973885,-2.83385621304026,-1.3292896611502831,26.658664760269538,-2.5694629969444964,-0.40556931876648733,26.146124473215114,-2.3391995873431877,0.46596706169250685,26.396021660145546,-1.9663076837691578,1.2331486572348302,26.254788413464517,-1.403272239412022,1.9201045517682322,26.393928822520852,-0.7085579151609931,2.378620126007492,26.2157155444427,0.03210756802279107,2.6105032659672074,25.35866104244746,0.8236142516845762,2.6332987591269617,25.18950372777154,1.4131258761217327,2.3974821153804187,25.857069058474107,1.830966744204623,1.884115883914019,26.507671672932066,2.1530101049441726,1.260057586683449,26.7401204928937,2.446088788856925,0.5873096815448161,27.274006322843967,2.61806742425172,-0.22468554125020346,27.408049592121788,2.6853770622243345,-1.0722105224800005,27.08342568489071,2.7492009069784986,-1.9747902795083847,27.496486647654695,2.7337003832523825,-2.9866256827432593,27.878392467667272,0.7183399230718518,-0.31768457623910396,25.74849539040827
117,2025-12-17 11:23:32.776148,-0.14628840307958918,-0.6554569175453038,7.615164502494041,-0.42963804388225696,-0.6468047486795828,7.443582422102902,0.30832475998194914,-0.7107711973559858,7.718181745859336,0.5928099837263008,-0.7927768788475241,7.82216574731442,0.19172924410244105,-0.09289771343945248,7.511680272064625,0.18391278083483587,0.06005123847502269,7.615903319381105,-0.06424265933673359,-0.043856550864134286,7.538974361692684,0.3727756034531747,-0.09859018323215113,7.70905413469302,-0.14181226624829815,0.2793243171746327,7.6778787421282875,0.44682159914053293,0.20505247755132863,7.843260499082187,0.19024575151015108,0.23764925387371952,7.649973580051877,0.19557720888675076,0.40378160159960585,7.6404599506855595,-0.603142178323223,-0.862024260813293,7.4003386510896325,-0.35055037181696885,-1.0006441957961303,7.428863284269779,-0.06895088216987359,-0.8772424653066321,7.45335975667174,0.25109890038504856,-0.9289120500263349,7.628603653379511,0.4789809323334558,-1.123540195087879,7.763546940325112,0.7100181673225184,-1.0641171727363725,7.854389116194968,-0.891068623702885,-0.7119307048797493,7.840058955306617,-0.8435665461488265,-0.41288008732525505,7.831525118457941,-0.7941997872227589,-0.13860489640450524,7.90738691646361,-0.7218493129435335,0.1278788455399179,7.9855323272302945,-0.6164202290529844,0.3701821763281073,8.019020319365934,-0.44336313127554217,0.5650046049772159,7.993519379581579,-0.23509442057801894,0.7004909264590825,7.874034928221197,-0.02194230027569671,0.798765665246267,7.827819014909521,0.22152421376525028,0.8040929653324256,7.750403884123372,0.4039701604227202,0.7236146895330804,7.867637446868307,0.5334680810218931,0.5620755928074145,7.966650341737006,0.6407071797954651,0.37849443711687947,8.106000436195224,0.725366511906846,0.16657451378504062,8.148013871393491,0.777217089614282,-0.07600344825422446,8.140599773019183,0.8060864551446036,-0.3327745990454085,8.129935868553993,0.818109684381188,-0.6014268886940394,8.119566878762155,0.8121532466099193,-0.8998221040372343,8.1546867202594,0.19172924410244105,-0.09289771343945248,7.827819014909521
118,2025-12-17 11:23:32.905611,-0.2871869937009385,-1.0759304215254324,12.287783680067315,-0.7829516142502486,-1.0872814872975538,12.193564228065554,0.4531064588285133,-1.138696179208891,12.271928142137881,0.9239512277911638,-1.2549881626612036,12.33174284859301,0.20621929708278944,-0.15334817845790585,12.202596974149312,0.20896910656425607,0.08673733113618244,12.313567240818768,-0.20643012033590136,-0.09347291053705493,12.45967357347096,0.541414283244847,-0.16591787743628422,12.493086776305882,-0.30862657842938845,0.4305608738967143,12.427382393395805,0.6607051905787876,0.31249969977029424,12.388538118860364,0.2209119450690648,0.37614644552353704,12.417368020258847,0.22170292208006587,0.6407656771438502,12.290188374373246,-1.0835811089335896,-1.4762771189587702,12.434132170905755,-0.6465112887103095,-1.6660995235670912,12.222967993775598,-0.19634317381859281,-1.4554172286456297,12.2036546288753,0.355568687637933,-1.510749806410835,12.283588893270064,0.7492384660007768,-1.8009563144964422,12.384801773132809,1.1346929909880423,-1.688928315147412,12.490481208790863,-1.3984894480270946,-1.178048270933924,12.557971395293468,-1.3605867897926383,-0.7085420534528323,12.736205610230224,-1.270512441484723,-0.2626863800736362,12.773108477451041,-1.1447734807857337,0.16441460057636575,12.76708240993816,-0.9769729284636377,0.5566829473857808,12.793364653149329,-0.7273014894407683,0.8602434926625135,12.761580905227678,-0.44066639153588155,1.1143406938855673,12.904036338024959,-0.1151451685598945,1.2795162526426256,12.777176636816462,0.2680058431444353,1.3039441810060461,12.735563668893338,0.5943275356832227,1.185054248670207,12.846811120742395,0.8188285714634149,0.9198071866035059,12.80847825194319,1.0098721884134454,0.6201847190606055,12.774991694840793,1.1521252715505226,0.28449994621847285,12.717934680007616,1.2425192183507343,-0.0937195149828338,12.653305784575906,1.2975926567478564,-0.49961148919517623,12.648804338417204,1.323042243875283,-0.9227003740391679,12.610664172525674,1.3007532572134082,-1.3641679661571045,12.397944441093502,0.2209119450690648,-0.15334817845790585,12.490481208790863
119,2025-12-17 11:23:33.028662,-0.2880694277235469,-0.9766921834563106,11.263028748331113,-0.7457535713342788,-0.9856758488086901,11.115653920832832,0.38983623359102376,-1.0226374697434528,11.176810285465223,0.8172156963602475,-1.1129175237644404,11.101652883774733,0.1537608585358849,-0.11986207571140851,11.423729459686262,0.15417186930465518,0.09545836414145031,11.470036481488563,-0.22555446442709665,-0.0842169712335087,11.358591873150162,0.45716949566138754,-0.1431082693959595,11.295512208824498,-0.3227868821183623,0.39214660177357863,11.3531906448988,0.5692807791935048,0.3071643687579285,11.42374272746159,0.1628919004620855,0.35443440575660257,11.524980870904763,0.16419414844375496,0.6178299537804627,11.51988007681375,-0.9791725964608483,-1.3169543196312499,10.945345900201792,-0.6076053272425391,-1.5042701577277326,11.027635333838054,-0.20532107989171483,-1.3122329191777582,11.07768241976093,0.3027413250422552,-1.359139934628898,11.130736830157252,0.6569957741892732,-1.6000463844548067,11.024435293631461,0.9954308785349599,-1.481906667349461,10.994618927107938,-1.2289006160386164,-1.0352939978698197,10.814734951450507,-1.1968831319910653,-0.64202952208881,10.9640956591686,-1.1264130637812408,-0.2582385593519329,11.06359091759673,-1.030549709128328,0.11126132361061791,11.138678125397416,-0.8934908524750107,0.4556359649954,11.304666407053121,-0.6837121559633237,0.7276811171641836,11.300635394826429,-0.4327255350018528,0.9465484085755146,11.464808632877821,-0.154129622944682,1.1148779552763144,11.443616987751529,0.18992880079792304,1.1560649788406223,11.481466457732736,0.48351873845090254,1.0357041351298157,11.497813696172116,0.6780908849360717,0.7983349238178904,11.328232987136174,0.8573170990706878,0.5451002468032632,11.34649126835921,0.9844484534868966,0.25187892926029026,11.233755950430467,1.0761338539745615,-0.07879434113355799,11.194775113872803,1.1227477986500587,-0.43362269874299947,11.090666312633445,1.1577473193763401,-0.8053422180032673,11.096788016608741,1.1487148717590894,-1.1944224462212758,10.984837313622418,0.1628919004620855,-0.11986207571140851,11.233755950430467
120,2025-12-17 11:23:33.162683,-1.6619070142607395,-5.330390129634445,61.745173315209044,-2.461960063717579,-3.2218026616234106,36.39556513006268,11.755542109608792,-32.26550940612814,351.4120980765758,-19.828880096197594,27.774996697282308,-274.5885832305438,1.0621171243428038,-0.9073615004318997,89.7499022529884,1.2351045194249521,0.9135156400859262,104.49763041821407,-1.2168009921110017,-0.39006153564728313,58.766624445082584,9.449758249105146,-3.087024225741738,239.2156843383235,-2.2447811233579014,2.7856390665947264,78.53380032580709,20.601268981883713,11.12855882797766,419.0099127220028,2.1131471603597722,5.136079033887642,165.50700617908208,1.1510456028978087,4.580120118647289,84.51296667696599,-1.6514574897227807,-2.222872009621842,18.47593606456191,-2.0701564195209476,-5.060879832475772,37.11187903064269,-0.8412716121606801,-5.18140207594261,43.7313516393198,2.329085643195501,-11.052631660095672,90.41987386981059,9.551273475674197,-23.886005614718982,164.39982687180793,-38.123968305203945,57.82668855564367,-428.5383167487216,-1.9702002671217373,-1.671545632662277,17.5371057265091,-3.348759905954217,-1.7883949648981206,30.89823287147139,-2.810987459364557,-0.6137030570239986,27.797401839868037,-3.1597982206920134,0.393461665327714,34.37534584555483,-3.2279562134201663,1.717118964229734,40.93968261896078,-2.6344134017231298,2.910566958604093,44.128973500559056,-2.0831192796929736,4.671176122380652,55.54627564924195,-0.8260194431743666,6.372848523217434,64.5211584101672,1.5799184402598954,9.437489695489212,92.74268033822327,18.67905903252993,39.965143996630495,443.9283037161552,-24.557819423486414,-28.336033340017377,-406.3361336317262,-8.474767519642244,-5.246415514886098,-111.9587943655498,-8.386577853944413,-1.9661157274252354,-95.47884565488825,-6.887274000632121,0.6503841227700738,-72.09314982883086,-7.585939324372963,3.085684483709867,-75.46827010799963,-7.276322525530855,5.23321579636301,-70.69805665201127,-8.203979212364784,8.758946844588197,-79.49574390173862,-2.0701564195209476,0.393461665327714,43.7313516393198
121,2025-12-17 11:23:33.299758,-0.949957770832548,-2.991718937819475,34.1518255264779,559.907465082724,742.6050597185007,-8139.056738979068,35.34010204780816,-96.1987055257381,1052.7141376148186,154.79901427911275,-210.83946757725374,2103.1513586309825,0.652411808350219,-0.7463019195584734,67.9388942640259,0.9324173710126906,0.7230364344613959,93.08869061123795,-2.554875191221858,-0.9936490424483375,111.48078541675063,46.396933237449666,-15.220789863111262,1203.703349954415,-5.101045111902965,5.551915201880325,167.24799866221025,-24.392175489952947,-13.479937152445345,-504.9905675235286,2.145651613718643,5.841817090447153,192.56803947817636,1.352637182466858,6.220398173144115,119.4042664529201,13.7420951440652,18.799682229820334,-152.4690171253575,2.115888692251466,5.168187774357774,-37.58307309624402,-0.0030752488179859143,-0.017714674135725965,0.14863055049556873,4.058474581054922,-19.89730114140457,162.28435602184538,-17.285724856480208,43.13344774499346,-297.8986811239154,-35.082963541569,51.907437098543824,-388.1019705982543,-16.189109583910046,-14.257937235877984,144.16174604536926,-8.486603462091947,-4.812973692145498,78.2429888791407,-10.97914237854603,-2.926056516581822,107.80359802790245,-6.619362228972411,0.454491259957535,71.07383593122333,-6.746978614037385,3.1012964569020114,84.01379397719127,-7.506599745914386,7.446413805907085,122.12941560468549,-4.934799104273062,9.955035822138685,124.72126204943793,-3.0590338360302782,18.705192559360423,196.67484106807063,4.721194498165379,32.567071241157706,327.3638337215992,-20.034267733851866,-44.42624591509329,-493.35782691862795,-11.440730797608897,-13.568946574554943,-190.9393482950273,-8.488314539022477,-5.425662335905678,-110.229248657016,-5.360389012737478,-1.3902600432167345,-59.846635390615354,-6.233149024725392,0.38114587612910683,-63.390041368490664,-7.046919960470902,2.5820159474771347,-68.24067068495927,-6.456018086991892,4.331272673407363,-60.722514059383194,-6.539553806195801,6.6289759039146565,-61.26568359638331,-5.101045111902965,0.454491259957535,71.07383593122333
122,2025-12-17 11:23:33.430272,-11.172065242126612,-35.51938447207555,401.71236307143846,118.4058264488205,157.1878491939482,-1698.9523381024537,-11.24332054772479,30.363059686140808,-335.3925175683539,-12.127222963676147,16.254533507803828,-164.70978993440227,1.1542841596857836,-1.7082541092113088,150.1547235830088,1.6014096447528303,1.4470894853167933,192.55223481551323,-2.209615505355652,-0.8655706058207191,91.29944530121946,17.81268626253428,-5.594506100047185,472.89165922478304,-1.8483057390473576,1.8785738565250105,58.05147615692124,-257.98570720110166,-151.73120318075476,-5475.781489138113,1.3860225364102912,4.6394039205905635,152.16429400454285,1.0539891597900564,5.860667490249113,114.08745323657074,9.316605482307837,12.853994200186188,-103.04853162542443,-109.15135528513419,-267.1072351684659,1926.716562929498,-3.2548604985434273,-18.708053496478954,155.62705771158298,-8.989481577879522,43.79679697280102,-358.6603717147345,-26.54014691265195,64.84698647594895,-451.05523198263745,-17.635659093006538,25.53454652646265,-193.41034458604236,4.02605284145757,3.608928603314624,-36.16922229856101,0.8669279394726598,0.5070568296793346,-8.048849418551807,-0.7089558666722635,-0.19933799470272695,6.960407637519574,-2.024047233142556,0.08957650688874706,21.73235739847831,-2.224766317253921,0.9526842387301889,27.523933842108367,-2.183127277343258,2.0740261210298354,34.925294685967735,-2.2685537214533773,4.312626149002907,55.07602518001893,-1.0152287763330818,5.360450162670256,56.753252773451386,0.9571846118622159,7.956289797901957,79.8609354839566,9.76214264528507,23.09726484938475,252.8146435461329,-40.8505871691492,-51.085350803058994,-698.2922847429267,-23.40009230641486,-16.08888865014111,-307.36866905281397,-17.999400020995036,-5.452296687189826,-200.32966477838426,-18.81732785473847,0.4877724993532019,-189.85972996775698,-8.522221240625905,2.8320563540196417,-81.80657038793427,-8.962044119332703,5.653360433841002,-83.03726932161999,-9.542625368965883,9.228892262591371,-87.55113757558262,-2.224766317253921,2.0740261210298354,6.960407637519574
123,2025-12-17 11:23:33.560161,-1.0448115170900112,-3.2992225047651793,37.43216128661162,-2.693489010300903,-3.5883153841489563,38.593224193572325,1.3095094025725589,-3.4578481383041875,38.13125197432243,2.9072025937830457,-3.8285324248746124,38.791939880012215,0.2744547762751128,-0.4265267490778626,38.08302960900431,0.30635174846640595,0.30560092885988754,39.21592376269449,-0.9746655277826987,-0.38434121852339753,39.394323549498,1.5023823564700904,-0.4729614629796795,39.84360492149577,-1.325974236143022,1.2603169884872683,40.449696389120454,1.9714470311284136,1.1301274829154266,41.3430090296585,0.341629053196539,1.230682170374857,40.487798717729795,0.3491221809119273,2.0747357852716637,40.963884144509365,-3.4125875840975266,-4.737693705221294,37.7996577995218,-2.062162307059793,-5.043734689075298,36.42926306322688,-0.8000179999283832,-4.473321463189104,37.31725601738655,0.929197698436832,-4.4071223166189535,36.068147187280495,2.180670153442786,-5.265224495472431,36.58004321651691,3.5724545781268757,-5.102346346484355,38.57768784801808,-4.384050407183781,-4.002576933639618,39.538611544380224,-4.475235378395074,-2.7036830128004694,41.50870715779708,-4.3351033912777925,-1.3175089889081106,42.58756610524781,-3.9625821107388117,0.07861081001892989,42.54265368580503,-3.5040369890889336,1.37533302938264,43.17551024079065,-2.8204296090139134,2.5182811993136096,44.52944053898504,-1.8301533414456157,3.3211996805616835,43.611300282006724,-0.8535161888643363,4.09894780777639,44.46516410697133,0.47975325514347905,4.394703196626507,44.82455330952739,1.7227814205964354,4.076334417115911,44.861796040527075,2.7117806099276285,3.3704420565401265,45.92849543185831,3.5434495140792492,2.4314947087573118,46.019549524917224,4.2980641591276925,1.2930136507073586,47.12416993760017,4.624730667380639,-0.10717452576567783,46.041255331546544,4.717873963985227,-1.5214456229140803,44.06520035831753,4.686011119423071,-2.885586179716323,42.25262629409906,4.6183993951968105,-4.366335169571616,41.30703532629658,0.341629053196539,-0.4265267490778626,40.963884144509365
124,2025-12-17 11:23:33.681786,0.01966868829004025,0.06311796276870826,-0.7154715505326191,0.04836426317664937,0.06619726177650657,-0.7076912547425621,-0.02567125761390663,0.06593047564858243,-0.7341390981170229,-0.05683523891506137,0.07260157748610961,-0.7512583152917128,-0.004401678114427311,0.00748332853831387,-0.6777365041635094,-0.004821690528307302,-0.005715932658742491,-0.6674895821857402,0.016835517104772216,0.0065351345785299,-0.6703199713887197,-0.025989569533268187,0.0070413421989426565,-0.6861380424946533,0.021534252477729908,-0.020577566030424512,-0.647338930832451,-0.03191229391036396,-0.01980594764750486,-0.6672104451298159,-0.005231372101079586,-0.020857656387437667,-0.6556464974303823,-0.004976948925328619,-0.033573793738789305,-0.6453322470340099,0.06423652162949599,0.09128779269673225,-0.7235134489915775,0.04141391731053921,0.10315686706350603,-0.740300720537293,0.015380324753364163,0.08847650569092069,-0.7373224487394225,-0.019311535479136957,0.09198957218425695,-0.7527193577669323,-0.046703245478310715,0.1115716514481287,-0.7790164843983938,-0.07312619519221457,0.10168954214897767,-0.781192205352868,0.07631339053034691,0.07168238097967035,-0.7038625776677931,0.07205405298727904,0.044500819001611694,-0.6833537670981454,0.06642367539615568,0.020522804875204994,-0.6660065908812373,0.059683399726719204,-0.0013084818862873731,-0.6510131724293174,0.05127509272325831,-0.02074875418989026,-0.6380082146321338,0.03959074713504348,-0.03643492571340449,-0.6297974606495426,0.026424959576390957,-0.04834981711055876,-0.6243041640182247,0.012030374054443953,-0.058547653347439645,-0.6208964551152709,-0.006544953654581604,-0.06285887836474621,-0.6232254075471126,-0.02421824645835326,-0.0596254128300855,-0.6320811649353515,-0.038656721420860726,-0.050135732463345406,-0.6450914014199431,-0.05184602991832576,-0.03788968677985885,-0.6603115764920031,-0.06340804190512782,-0.02214029907057595,-0.6777798605054935,-0.07185437650067887,-0.002035917236257402,-0.6972245584183125,-0.07862890132832087,0.02160591805971282,-0.7191149177306999,-0.0838064282175595,0.047956330522327756,-0.742640542924499,-0.08760739875279644,0.07854221604442825,-0.769377105969406,-0.004976948925328619,0.0070413421989426565,-0.6777798605054935
125,2025-12-17 11:23:33.807420,-0.4180012895728934,-1.3964866056677974,15.93647439853403,-1.089654165412877,-1.5217008605715248,16.260154663809228,0.5611012000066966,-1.3875436221863517,15.697795536815454,1.1939152668827444,-1.4884548131688442,15.660028541537853,0.08844750022775293,-0.15126552556916328,15.752913803954167,0.101957018107684,0.14545748903395786,15.790279620493227,-0.40805444202536956,-0.16956703843951787,16.165856340399863,0.5937461323761921,-0.15175249293696302,15.806860936946508,-0.5471699997067899,0.48370081350560135,16.331009060624666,0.7483747834182332,0.4556564942723189,15.759810657696542,0.11075045130229648,0.5006518762368248,15.758199216412413,0.10138371237039846,0.8194495507513622,15.94995727067904,-1.4371550613483364,-2.109818729754098,16.54391765787211,-0.8688687310484215,-2.2211944205638012,16.02495741406007,-0.3167993225857058,-1.8964469316414845,16.00139436028428,0.4132875755394853,-1.8876595954095055,15.747412244216607,0.9551262888843779,-2.201666730050352,15.620588013406334,1.4752054986482566,-2.0076198765875466,15.640266374496584,-1.7795419398593897,-1.7643351018133457,16.820334080654497,-1.7537811297452037,-1.1675030937790898,16.957832937331546,-1.6959382301564219,-0.6061122448981323,17.23854439936178,-1.582012969139927,-0.05339467051912547,17.4699448922697,-1.412051295722594,0.48597252104940314,17.73158995829694,-1.1180574617809593,0.9306878462731359,17.836327369669405,-0.7442275335696191,1.2703871852054442,17.54737553386253,-0.3467456241838908,1.5561157430878183,17.278900616298188,0.15826533934832582,1.6389694878932553,16.730059694653068,0.6172008548572968,1.5290264667444355,16.588985433618152,0.975372240617674,1.2562105867327829,16.485940643622033,1.2834117703433623,0.9162904699173742,16.397693022816455,1.5165533713281163,0.5028120604671219,16.143100696859815,1.6652540067254293,0.03034785748559239,15.972542293413111,1.7592579041463121,-0.4908151547629377,15.89975011539837,1.8190948072933866,-1.037258727676007,15.873628194689914,1.8303590817627384,-1.6195473662296902,15.748603969841266,0.101957018107684,-0.15175249293696302,16.02495741406007
126,2025-12-17 11:23:33.927939,-2.355656076621763,-8.358300602375378,94.69169852416523,-6.8376110028470745,-9.859171474191186,105.36244027490686,3.4389383501170987,-8.469002034832899,94.87724476093447,7.03982978340927,-8.80492274594218,92.30693345327586,0.4378528681334715,-1.0181540110927487,90.3479172993564,0.5692821103855922,0.7788853720620251,99.48506352580789,-2.4227812087806213,-1.083453638765361,97.43041934156341,3.486437531825687,-0.9802383527707021,94.3812398134818,-3.996616541056659,3.4890044025252283,117.55688178966686,4.755904270945067,2.897670080716191,102.83616070715892,0.602206109320704,3.1647638714204382,104.06288047920069,0.5159622929305719,5.3738917281822784,106.54515204158993,-9.07627635902985,-13.673028062775185,108.34964481816213,-4.602020677216794,-12.39795240256051,89.67318519826628,-1.6040819380976759,-10.634673272337183,89.71170447446403,2.316149957039902,-10.20607196539482,85.12089132624907,5.001973815515622,-11.300099403266692,80.20266383629021,8.401677106230476,-11.351130713923212,88.78779355173715,-12.325041648776091,-12.443401998863223,120.75762488612747,-13.220945696546504,-8.819814296195394,131.79024716396708,-13.474544824395021,-4.613055118974251,140.22295017504203,-12.558108356732623,-0.029892668274132634,141.18862294550976,-11.914866929367733,4.660780231185944,151.7954511280004,-10.462981280996852,9.455495453199529,168.3994515105033,-5.657210060015558,10.178837697429692,134.16179147220856,-2.820555418268135,12.735021380810071,136.1593644779831,1.0170525134446633,11.90847507872672,118.82071642572652,4.18339016901152,10.868184560469576,115.11043634536183,7.3270054604733845,9.829720154105942,124.84051757850128,10.2737911375554,7.691571170360275,131.90401039739965,12.830060952232715,4.497785177898268,137.14516524260557,13.368548035309784,0.3515911981675264,128.36854026550967,14.247932992672187,-3.873478624826455,128.74389264482843,13.569796169227425,-7.62569432234023,117.96527692978003,13.535990506607941,-11.838845182004112,115.90042043764218,0.5692821103855922,-1.0181540110927487,115.11043634536183
127,2025-12-17 11:23:34.051391,-44.4862008403796,-166.79696501124712,1889.7300733655877,-55.5537208321672,-84.35704132647784,886.8482267421007,41.711109200163186,-97.80827732303298,1108.9296641754888,102.17390258665861,-122.95901930252039,1314.5659371660067,-2.2179089022858833,5.252376797051925,-500.2026855588357,-6.708669780909551,-10.499770783466756,-1213.9219416540545,-34.32738539499485,-15.376585959102254,1383.4962483909464,-38.16967032703081,9.110692520114032,-1037.1550187513458,-23.70321503915061,20.481825219266682,708.1275168133545,76.24100223393222,48.45271342422052,1644.8963321637066,-7.276624867619343,-40.79030155829178,-1310.3863667507246,-17.911242730094457,-207.29157431003307,-4100.770438683101,-47.36440278122651,-74.99092438864085,584.838809918039,-124.7663813234843,-352.55062624653806,2541.0763611200287,-38.25095960108082,-274.8369891296112,2321.7998130136257,-101.86082228497789,420.497982756696,-3545.2805581396237,503.8708829726429,-1095.3227052484604,7901.391436831864,86.92850801602488,-112.71630288663886,897.4638005109825,-24.70455017626707,-26.40559217455311,250.26259428156854,-32.786832766110756,-23.483859562980374,337.8772822215254,-31.07400326157316,-11.967408567622446,333.14180417579206,-28.574082215548902,-1.0493540408500597,329.4454814247575,-25.093720731643668,8.939002762178509,327.1981719455552,-23.371355571130692,20.43929338332891,386.3363709853362,-16.310063837944433,28.745733243325063,388.60474864526174,-13.561730228176344,60.585484284371574,657.0946926764601,3.81237460156701,49.6995344866766,495.17375466967985,14.99600435875623,39.934122165373815,419.93726023442554,26.034806782846466,35.08664998777906,439.6634752486553,24.829519356783987,18.623856414976082,313.5239327379614,31.035420150177906,11.019440443630321,324.65828846537664,30.091817268637016,1.2070997540572024,283.51815035094353,39.42859299005109,-9.966650306413634,347.30823395865946,42.30885243456173,-22.61685273155441,358.6443272920175,37.78223899439838,-31.56544996537663,313.32128186084293,-13.561730228176344,-10.499770783466756,386.3363709853362
128,2025-12-17 11:23:34.180802,-1.065552490056414,-4.0555093023009725,45.52095121341769,-2.9241507473772406,-4.498363306869655,47.01909172317947,1.6745163218637849,-3.9238986112938226,44.44022073379863,3.524582757295641,-4.2463087821619805,45.39620036877644,0.1201441262478072,-0.559692949115781,42.208041841523645,0.1955131000088419,0.3073329425015401,44.11752541783273,-1.095784391331981,-0.5253059611986265,44.27102809058645,1.5990150929061389,-0.4666049358675175,44.998748088276365,-1.5291844263824734,1.3218246574436185,45.86177867562683,2.137370395831574,1.3379937137391877,46.31779325017573,0.19815058860224108,1.300997003301768,44.195699944843525,0.16725838388605851,2.235513585337581,45.51964931890709,-3.67399645257902,-5.9009507087623465,45.94695821906539,-2.185970187270608,-6.286723454186502,44.91005652898556,-0.7094173738231342,-5.227228424136582,43.816481185457526,1.256070673651624,-5.293895825857552,44.162184931503525,2.7684579334032238,-6.026874835039148,43.18246283733509,4.375701513691661,-5.640605120700157,44.96918072360794,-4.936759944367344,-5.300495371117963,51.01473522830573,-4.9434587914238435,-3.5449035852291746,51.61912867617063,-4.629609840356386,-1.7741923335125234,50.41619303846071,-4.325253536918389,-0.12531480427687705,50.7375078339723,-3.772597345778841,1.4089623872150296,50.01104077924636,-3.0884347463837427,2.7689434563995206,51.61025598758941,-2.0482560947522055,3.7161854149287823,49.80067497532628,-1.0121901814483323,4.560023251346309,49.52020102198448,0.35396401757278295,4.654583729641724,46.05509056923042,1.694455190097328,4.518888338705469,47.034456395914916,2.920592854059791,3.954992816661141,48.98735052628782,3.9902814706434007,3.0207412085896275,49.55509114201971,5.0317515013891505,1.8379355647327404,51.86527069051759,5.398056249192135,0.3123939951242973,50.04588390449276,5.919551842229857,-1.4014877808981137,51.514020299547404,6.2492828934211895,-3.2251592673628315,52.238109595121756,6.058721877111222,-4.899607127848047,49.395665692916715,0.1955131000088419,-0.5253059611986265,46.31779325017573
129,2025-12-17 11:23:34.305544,-0.5563699701472907,-2.1737019084020455,24.40101732531755,-1.4883317864153678,-2.3059940053580066,24.25756716147182,0.9253571323464389,-2.16936662789254,24.528081021242077,1.9374920961008635,-2.31130134573946,24.876116124627625,0.05437009297445626,-0.3603755467373622,24.63678200503553,0.10320097300840629,0.15321209688202672,24.334935401739763,-0.6019252027475859,-0.30473979032911325,24.1808081460063,0.8654524527679236,-0.2561372601764445,24.421775077038795,-0.8047977940107334,0.69798622153412,24.151967432309668,1.114515014404422,0.7108436956691775,24.20255666175147,0.09990832947631344,0.6891397196307998,24.023915070754285,0.08422977246669587,1.179889514815951,24.03284829706245,-1.9017555479843546,-3.0996511604008243,24.139866741404727,-1.1616509246356603,-3.3911959946660133,24.207717579030405,-0.3828971757816118,-2.920129252750637,24.335634588283156,0.7088769543572692,-2.9655264159040757,24.735621162166645,1.5903170688920703,-3.4525069693529415,24.63840615796453,2.4222805617348047,-3.0818913323943318,24.761625971740067,-2.292686422647362,-2.4563161947607,24.105018597262177,-2.2714009854546475,-1.6067461953578892,24.12762454897044,-2.1288633126743592,-0.7917692550902129,23.563403147348485,-1.97634215661194,-0.01752378280434656,23.58715030698343,-1.75847227131282,0.7062695336665867,23.62343521090266,-1.3950814618639142,1.3179258583756661,23.635144216058567,-0.9613691611271891,1.8096738794234264,23.746129642269587,-0.48259152695596524,2.2576896036825507,24.13599989938264,0.1741180824288604,2.449320520615681,24.055485031733976,0.8645621838952626,2.359930267937181,24.22818495918216,1.456032914918275,2.0136466225787366,24.338791471040622,1.9618517286184665,1.5250053336028724,24.132512001468843,2.371849224518855,0.9241859101835316,24.11928059473596,2.6603167116716713,0.2075112946974821,24.37686233882139,2.820177714053622,-0.5918470414413898,24.24776910195794,2.9691492898182514,-1.43338039210855,24.419673227806193,3.0473505442893094,-2.3765702951507013,24.545011575901427,0.09990832947631344,-0.30473979032911325,24.207717579030405
130,2025-12-17 11:23:34.636049,0.025977271479068066,0.10878622888107266,-1.212320103432464,0.06911109686101527,0.11033975354134527,-1.1527708361277627,-0.05062469832833748,0.115335302322861,-1.2957697925443472,-0.1074173143047314,0.12582758656477855,-1.3439987333156358,-0.0050603068060152264,0.02258198611201554,-1.4684435750855234,-0.008024742955651672,-0.008566961031931376,-1.5550635573799676,0.034732533246263776,0.01891421063356064,-1.432399842874081,-0.0562533049676105,0.0171991710218002,-1.5543308239303402,0.051448424513686586,-0.0442893627496679,-1.5758757586430516,-0.0816582410951243,-0.050996091426391645,-1.7673571274701911,-0.0073904225899942355,-0.04629148447327742,-1.6533292803331283,-0.0063486165268030765,-0.08474085312099185,-1.750371865919759,0.08224380977222148,0.13741829800658134,-1.0647372658616336,0.04977737339967009,0.15069179384869516,-1.0707168839749228,0.016090958423537048,0.138266357987014,-1.1448869054720112,-0.036889431233345586,0.14462954872462866,-1.1978993772491242,-0.0798507899720576,0.16849643087339108,-1.1952387123940913,-0.1286853289927941,0.1599988595604319,-1.2816036320525281,0.10366264017698772,0.11304159438234217,-1.1038640946339318,0.10993494646972299,0.07959499068295743,-1.183979328115481,0.11410988601386501,0.04301189133423208,-1.2736923582073818,0.11471770491795828,0.0013871909016609674,-1.3803983072571155,0.11100358551405287,-0.04440223554112897,-1.503424988387045,0.09662584280877845,-0.09019037371398221,-1.6402077753431432,0.07195507125961124,-0.13437150401299724,-1.7842252748939758,0.03891843208937075,-0.17908311422657697,-1.9410948500708136,-0.014756864659228739,-0.21119642318107246,-2.09079035810339,-0.07709860899080483,-0.20985744568196674,-2.1705217292993133,-0.12902609608089968,-0.1773449435443504,-2.1594766221062422,-0.17070909721821403,-0.1327060734075564,-2.1013343032858156,-0.1959608081220404,-0.07643077525896429,-1.9912652286448098,-0.20266614920942877,-0.015736884955703193,-1.8450385457681078,-0.19822610366399562,0.04119569151965541,-1.6918101157146561,-0.19072735772234753,0.0909980163589346,-1.5520585228470027,-0.17908388139911113,0.1375698757614914,-1.4169546794684476,-0.0073904225899942355,0.01891421063356064,-1.503424988387045
131,2025-12-17 11:23:34.770634,1.400072966387209,6.071861828684116,-67.81438073283265,7.567730049567698,12.392431016212528,-129.4406378681822,0.47571772330185363,-1.0707795129958395,12.127123152353084,149.03492968699229,-172.02451633245667,1862.8559092885375,0.29295525976155906,-3.5987188609423844,204.2818437345909,0.5999599891868731,0.7408736313686486,181.97295002616167,3.629289425780791,1.947591892581223,-144.62511312301663,32.37165672965773,-10.324588468586365,930.9141932648461,21.18756888836234,-18.36284883143479,-636.0296801456276,-7.677462843140533,-5.173951236703056,-170.84193867292086,1.304277911139724,11.966902719676769,436.5170787424825,-0.5824980490222036,-22.619136195553136,-474.48696197957474,7.421803624425134,12.838622383960418,-98.84720453361949,16.808844997757237,53.15667477067395,-373.5288501621876,1.1585160695155416,10.498423251864578,-85.45753191845228,1.744738915075549,-6.878982103440459,56.29977668261167,4.634986512901191,-9.706197410815381,68.8499446721112,12.671065262134412,-15.67495350712388,126.2228008906134,5.233837460109573,5.780883622528117,-57.22504860593993,6.5495305095724055,4.712974273869459,-72.33226572767337,5.916817609206367,2.118917939759195,-67.63970728843732,6.198714136532638,-0.09175808403182359,-75.75946690892465,5.520473352006385,-2.410494794691824,-75.52668439320138,3.525424519171645,-3.436715630833058,-59.924864107250094,4.510791427643952,-8.397515436293855,-109.2589516069405,2.6124568290928494,-10.975505276769502,-117.28298766593927,-0.7071390053795373,-16.929179902800136,-166.47817119845968,-9.630843384460217,-28.784527086937004,-293.4872541374422,-103.55959619301669,-152.4987452583649,-1794.4888240372657,21.21529445946119,17.6953874198715,265.17004787942346,13.058494673848038,5.726727962751491,133.78181480564402,11.133400208093978,1.3781743761926128,101.31737411061027,8.338075909822024,-1.3615344643916756,70.75651092461419,6.40689435586694,-2.771242003540725,51.79753970011241,8.689525697111872,-6.213054482287952,67.7006254199275,5.233837460109573,-2.410494794691824,-67.63970728843732
132,2025-12-17 11:23:34.905029,-0.1799553091466569,-0.8456796560637468,9.412927126669214,-0.54127293471668,-0.910669610910876,9.454819944703042,0.38016527970561403,-0.8298637763594171,9.409592472200716,0.759661527886573,-0.8678842196417773,9.41473883437805,0.0130075682640507,-0.16557806764476055,9.417066310038267,0.026228323435532927,0.03996634403464562,9.479808424130006,-0.2379715432210595,-0.13822442532304258,9.49489473407775,0.3300109513827537,-0.10593587011203123,9.420575659251236,-0.31742019219397427,0.267463521495286,9.531427395474386,0.4223642821292572,0.2784270597099029,9.422626894200254,0.025436033944002602,0.2598105259324444,9.449126564604201,0.00676408655400982,0.4442166166179791,9.452008030369218,-0.682072499101663,-1.220487338409149,9.350779968763176,-0.40575754928225494,-1.3348949726585313,9.33087475647111,-0.11286969928493827,-1.148973214491681,9.34893008232755,0.3018065340539898,-1.1495629152903062,9.345481270758075,0.6438870522232091,-1.3254410469118727,9.358796050730918,0.9533409239159254,-1.1621589580659555,9.368082950884856,-0.8415043526868197,-0.9688210118378148,9.510934571738552,-0.8444067034237667,-0.6360315523194712,9.554697352951148,-0.8184939760632792,-0.3156718063102499,9.579840826547441,-0.7774486976872863,-0.009461564606325064,9.679225462974491,-0.698844331806452,0.2882497739408433,9.719757313971234,-0.55809911845944,0.5261722225934189,9.678766003249928,-0.39697536913783876,0.7203122778871386,9.658018304490243,-0.21734839162140562,0.8759916601590487,9.584175280453168,0.03319879433860599,0.951879227392603,9.490704431806677,0.30438305561436285,0.9214301990631165,9.470173531216675,0.540709626567895,0.8035620082774665,9.465195048119213,0.752081543229332,0.6377938211926654,9.43403845039989,0.928410398728144,0.4190540478515401,9.49274092775632,1.0484381770900832,0.14394184351069553,9.491225063188578,1.1311195591662606,-0.16886605696637724,9.476972862364695,1.1922590009520384,-0.4937056094303956,9.47315571881899,1.2406483849081065,-0.8661600011410203,9.494869867393685,0.025436033944002602,-0.13822442532304258,9.470173531216675
133,2025-12-17 11:23:35.035110,0.01011529095553226,0.04958072003080959,-0.5476404730110418,0.031215159505110775,0.05357066513168893,-0.5548953829362517,-0.021901856201217467,0.047601182168430324,-0.5385800081631805,-0.043359947258899696,0.04910164239292461,-0.5325776842373986,-0.0003217810924612396,0.009748289267835254,-0.5354403101055687,-0.0012665774178595767,-0.0020498059265060473,-0.5321038150465798,0.013785023724399511,0.007895749281297985,-0.5385125457481226,-0.018433840386821453,0.006254582027368164,-0.5295008834378209,0.018214760806992986,-0.015038463821503683,-0.5339144220922827,-0.022973193959161014,-0.015498174110913362,-0.5222317057470066,-0.0007986673566131287,-0.014415292683676115,-0.5286721801852483,0.0004125623867616095,-0.024787569720075172,-0.5259773652280982,0.040142330256522675,0.07384722111647188,-0.5621444051635035,0.023604691277864968,0.08039810045148127,-0.5594709636711277,0.006320552719817277,0.06819870408870828,-0.5519340951852116,-0.017856262773862607,0.06730622797322475,-0.544605469057612,-0.037623639173924306,0.0766794301201194,-0.541458308161049,-0.05470185868325211,0.06622424430702137,-0.5337104126963255,0.04842285215084685,0.05695020893668783,-0.5599144112431538,0.04825717036779098,0.0369104820202228,-0.5548229353991797,0.04664829109842035,0.018040979244606035,-0.5499869284889307,0.04341599460232845,4.838080248642763e-05,-0.5445086042609264,0.03858230063581565,-0.0165368570556801,-0.5386983724496135,0.0311044939045823,-0.029757501574830123,-0.5333446936104754,0.022140759458376826,-0.04016740182827239,-0.5288422300412354,0.012666566933681851,-0.04866580024260567,-0.5236294290529333,-0.0007803611089006033,-0.052682958035937845,-0.5186595067043961,-0.015748740442660766,-0.05096815378586714,-0.515053558008062,-0.02888450813141134,-0.04434455652345796,-0.5130018590532022,-0.04043324676772047,-0.035352630589577716,-0.511607787938385,-0.05036167711585346,-0.023410054564783463,-0.5119499576206703,-0.05724762002000295,-0.008415790793553956,-0.5134907994993227,-0.0623514973320031,0.008767899156258007,-0.5169832154105622,-0.06642786485923352,0.0268431343915491,-0.5206907715830084,-0.06972002187251944,0.04748965783705545,-0.5249657233368559,-0.0007803611089006033,0.007895749281297985,-0.5333446936104754
134,2025-12-17 11:23:35.186629,-0.4264371333970198,-2.1825668286549957,23.891484241996146,-1.332235008244334,-2.346054785859946,23.951017741357177,0.9487022116240464,-2.083401403243112,23.362406444242232,1.9312182404613625,-2.1865890076085277,23.70993242003526,-0.0006469580176866413,-0.4553340657542823,23.789243973082094,0.05400103128040342,0.06998541237892764,23.950450877986945,-0.6085653983971748,-0.3681890707059798,23.801264361764055,0.8179862783918564,-0.2958469153484019,23.916016019377718,-0.8081545533324856,0.6489216637293845,23.70802085966242,1.025385873964408,0.6980636107131674,23.672928160384902,0.03318252296933322,0.6308305138429515,23.72123390364585,-0.017318485735828153,1.1114669676498483,23.68441378144302,-1.6840937610548248,-3.187239737026439,24.013984745604375,-0.9801032645425338,-3.4295436604002356,23.624036046061253,-0.2673825688918824,-2.9628920728103956,23.732552376173505,0.7872109494770209,-2.9772662822897002,23.928823946710597,1.6257782605003832,-3.3263945880695927,23.36054874355598,2.412709393260156,-2.9237306306221034,23.53148711697618,-1.9914655191880255,-2.401851861335647,23.420875969537956,-1.9971058545142009,-1.5710883840747027,23.346268193680324,-1.9542415104415223,-0.7842550177415748,23.265410742166562,-1.8306914084946693,-0.02265282165940854,23.184409040832584,-1.6371935242213933,0.6940741312116838,23.295066925905168,-1.3299413318896929,1.2665517844028797,23.065323632127015,-0.9730399929578971,1.7369578424268017,23.222923237920472,-0.5604023855148486,2.1411022263134987,23.207971328880234,0.03275437481006339,2.376786685420863,23.566935629415855,0.6965039733402255,2.29750563399651,23.243432585073236,1.3105359789114732,2.03712426717033,23.59453289950368,1.8221084308722064,1.6206242363274153,23.224795662854934,2.297357639189757,1.0901004968711803,23.524114181326425,2.6103315232225577,0.40312148731135955,23.46225660006744,2.83086910981517,-0.38051187211193593,23.580627020111237,2.9921309483426324,-1.2058085695488086,23.49148146189389,3.102750524530121,-2.1146957653674656,23.385181619020994,0.03275437481006339,-0.3681890707059798,23.566935629415855
135,2025-12-17 11:23:35.302161,-0.020360883828876672,-0.10494276153969016,1.1509139131198405,-0.062253040060559345,-0.10971430549681281,1.1207012366382134,0.05026773756128015,-0.10877642431768066,1.219545957618393,0.10447414510198803,-0.11724416213059047,1.2819816639116923,0.0001374193872679252,-0.01981666952759449,1.0433494717710392,0.001956077046967137,0.003333115536433516,1.010132954935467,-0.025711726557388813,-0.015536313685946155,1.0134996572929436,0.03621785672460163,-0.012632908684678206,1.0642452076532116,-0.03198922856564814,0.026033022856432154,0.9453609766348604,0.043881431026163965,0.029931690488427885,1.0076999824200101,0.0012864817774124575,0.02592309390306452,0.9752649682050515,-0.0005844149728816322,0.04452272087060443,0.946393667936767,-0.08187163447479093,-0.1552318571198184,1.1706235582656115,-0.05021899088120767,-0.1792445321384814,1.2352366277287443,-0.01346192870618905,-0.15304131360673837,1.229185062970011,0.04232118618012152,-0.15965947290934268,1.2903439108276586,0.09786354041297175,-0.19809686522871128,1.396780543848327,0.14335524943436154,-0.17285129037426777,1.3996265936466983,-0.09267888983312537,-0.11342448751233998,1.0981170254055421,-0.08805976259927988,-0.07059305494229351,1.037846630516345,-0.08221164562102876,-0.03395521981505498,0.9891324615529747,-0.07413201193281896,-0.001547935737350759,0.9483508456546275,-0.06403836300351147,0.026896572337983576,0.9148978601427148,-0.05089161323108601,0.04856302528014625,0.8944109878241948,-0.03633073453606334,0.06583661666879609,0.881335733729627,-0.020586050469681174,0.08050851972189456,0.8738418965662583,0.001253859082789284,0.08888680318196275,0.8805308717324669,0.027401594196789725,0.08905801606191396,0.9034730184903953,0.05218249873656524,0.0810778065680055,0.9375104387084219,0.07731385731454919,0.06812904192640992,0.9789844203425809,0.10092614967823785,0.04802313370605963,1.029997686426001,0.12151253784440072,0.018824183393678005,1.0921950132271647,0.13996160067801802,-0.017879282422083104,1.1639838798969533,0.1590531666564681,-0.06314212402745845,1.2480282856960845,0.17976393338390823,-0.12139199408637925,1.3543096153984293,0.001253859082789284,-0.015536313685946155,1.037846630516345
136,2025-12-17 11:23:35.426370,-1.9752758079109325,-10.917166277490423,120.70213982224932,-2.931575404433482,-5.2974559886360275,54.10203429074178,1.0332597608579306,-2.152290478819391,24.559371365658386,2.47493012513125,-2.690790483559767,29.866119020654104,-3.060241564591886,25.78527144123704,-1407.7920602755553,-7.77281235724927,-9.018285371300973,-2154.505314857194,33.91823554141094,21.275360831939686,-1450.8261858989272,-110.80305700707187,32.28306510426702,-3116.274311772756,-9.201376001017058,8.258192311417357,287.14589007647936,-62.63710355713198,-43.954391626203574,-1385.4489173611562,0.575493536228637,5.814273073993184,207.14009125670603,0.46071663516861383,20.403981004556208,422.4879935329421,-4.665628331487753,-9.037034274139192,68.00026586753405,-2.8646999610907,-10.553205330620356,72.7345786027869,-0.4976481380461616,-6.181369731770796,49.73831625253856,1.5269380647711017,-5.498623909500601,44.45657231653152,5.145336453458707,-10.214652969840667,72.47397907321567,11.127052219255546,-13.099490688323879,107.59633246852212,-5.722181930116445,-7.065902071038387,68.46971158438652,-5.571511664822521,-4.461130310464136,66.24140817046417,-8.052448239556075,-3.311171272891079,98.40546297011745,-13.412128711835487,-0.16214208969316737,174.65163205959905,-7.914025095973235,3.521285785280468,115.1501322447086,-19.944180587680748,20.009111165444782,359.19292360518494,-13.13474382605575,25.322035931262718,329.50205139288613,-6.8745954164401315,29.427256236473205,311.7852878492817,0.8448614731479523,30.117767840986193,289.8518370102137,-632.7580922956201,-2043.3871221885458,-20080.98887164623,3259.517151980952,5138.057680108259,57027.554258123135,793.3268368436203,727.6532164018591,9920.522778847379,14.924619681206337,7.6639468344552535,150.74714242692733,290.96943970607146,54.20954890924729,2595.8377280358077,10.804675934365529,-1.0608500326799342,88.98673949221254,117.50039154118079,-43.187025069834505,917.5827213235984,98.52945427887325,-64.11543746248317,738.683890196555,-1.9752758079109325,-2.152290478819391,98.40546297011745
137,2025-12-17 11:23:35.547459,-0.09536664601915748,-0.5754564115195219,6.407887081548005,-0.32858346725372867,-0.6217568599445339,6.398781485736592,0.27969532157928084,-0.5588209282714296,6.429719079683227,0.5344796953992333,-0.5759193359782036,6.450702526384274,0.015897783603714202,-0.11230385455595165,6.462615297202954,0.0269060591466008,0.032434487181315336,6.5244199824702775,-0.1475700291914436,-0.09106745723191963,6.503037970944638,0.23478111285838132,-0.06218059644220207,6.500130265424707,-0.20565801446269263,0.18960269890537773,6.557806593436062,0.2975362935868299,0.21267701641193335,6.543429426516809,0.021620859861473902,0.18439625780337077,6.52526292397199,0.009594070117759269,0.318607173776482,6.578671979571857,-0.41361555707360803,-0.8323594279109046,6.3033326247053845,-0.23377855328310987,-0.9059769751556251,6.303147049150207,-0.0490161993049659,-0.7802555935303849,6.347019006340123,0.22777414616766253,-0.7813242727669946,6.398830449416714,0.4578416984616957,-0.8895181097236213,6.376074610641355,0.6689978329602733,-0.7749013211380186,6.435256049558814,-0.513175708111104,-0.6523306758019967,6.363848926373389,-0.5222292576833827,-0.431577492536643,6.421995201767573,-0.5163155167179249,-0.2172686204114297,6.467005076013988,-0.4900955973654774,-0.006733968855901411,6.515464150682678,-0.4357084399369107,0.1976903856440655,6.518202618330834,-0.35803497784697386,0.36513923655334146,6.560835917899041,-0.25662719278255625,0.5050323448630323,6.573681628223321,-0.1409540043479402,0.6244815034102719,6.618114413995432,0.024013178803740876,0.6878282199331004,6.62196323324529,0.21171561845098286,0.675499003643801,6.592837051063854,0.3784968754389664,0.5972103405541428,6.568916400811119,0.5315541620108953,0.48687124303838,6.581008209103897,0.6543132647198564,0.3334509449839131,6.583540524556529,0.7415466555839153,0.14207185668496167,6.5736845443800975,0.7963129658753119,-0.07792913228078886,6.562171666718413,0.8394377063939766,-0.30191867693435226,6.516573953830712,0.8730954429811506,-0.5598742722688222,6.512018833738703,0.021620859861473902,-0.07792913228078886,6.515464150682678
138,2025-12-17 11:23:35.674813,0.006333981169037898,0.04541106302039173,-0.5052011402184955,0.024522384642848904,0.04874717684449445,-0.5020654325887678,-0.022859901035455606,0.04385934865078943,-0.5089487275877516,-0.04311379880481132,0.0449207271635265,-0.510849145843031,-0.00139578420746003,0.009078774286514121,-0.5169599398373906,-0.002450025063507183,-0.0029509864512307945,-0.5181807442968724,0.011065790199002131,0.007171860244806755,-0.5146393094086872,-0.019148820569157347,0.004622073721535899,-0.5179810224385953,0.01576206689118931,-0.015331744698949762,-0.5191812581356058,-0.024076248232336277,-0.01778984038009091,-0.5229301324386743,-0.0018848760567026117,-0.015020690808430995,-0.5212941026548109,-0.0009737355284977787,-0.02617801896647736,-0.523749658836618,0.030979823722029055,0.0657116125387688,-0.4955336406274335,0.016933201421025217,0.07162290611441126,-0.49802634560156606,0.002809279521661696,0.06181477829859535,-0.5028487763734543,-0.018758485882712356,0.06092257248800112,-0.5046705363768116,-0.03689604096774691,0.06962748935650467,-0.5053246308950612,-0.05356936019607177,0.0600784630033794,-0.5080768038552927,0.03839682426293934,0.05135903844691755,-0.4977320543757366,0.03942478180282492,0.034158825528142964,-0.5025245286279953,0.03920347344779169,0.017449351000927038,-0.5070951164429593,0.03741855202456034,0.000856447261660386,-0.5124543185708494,0.03407110265856577,-0.015287211986561217,-0.5168561466438142,0.028050701975245212,-0.029034690808465605,-0.5208522207706926,0.0203757830458807,-0.04063372748562013,-0.5238090511509462,0.011312946244771818,-0.05091780560610884,-0.5270960933134907,-0.0018524304983428008,-0.05659154557835524,-0.5296315611195326,-0.01701530656372058,-0.05595084447839402,-0.530745734012882,-0.03081714618636883,-0.04967373256684668,-0.5305567604599792,-0.043272154036526816,-0.040801071792135275,-0.52892004023455,-0.053249267502693265,-0.02841785137913565,-0.5271387520355106,-0.060236268977987964,-0.012877699660770224,-0.5241823732640004,-0.06445563590805754,0.004794879785721789,-0.5205969521848094,-0.06770743934544131,0.0228334241756618,-0.5169690855360697,-0.06983853081421863,0.042592229509465215,-0.5123713400013303,-0.0018524304983428008,0.004794879785721789,-0.5169599398373906
139,2025-12-17 11:23:35.804373,-0.15958790598561745,-1.219748742149011,13.706726337210965,-0.6705503247669858,-1.3354560088719236,13.846567313804442,0.6259461353198635,-1.1433761728845488,13.494698850304164,1.1613164221627452,-1.162018421149479,13.458003267374334,0.0658532152123026,-0.20378025599695848,13.764808289733113,0.0846247613602298,0.09614854644366529,13.776712310894492,-0.2810372524477858,-0.17384453348705964,13.818538106267912,0.5265039711836188,-0.10232412793338595,13.59808546153902,-0.3984957500095051,0.4151892999493033,13.711499062630216,0.6341596185284784,0.4659742562337712,13.455656855034379,0.07243634362908986,0.4124165495658998,13.644092287258157,0.041287733976429125,0.692980037237979,13.503338378325964,-0.8485545227371488,-1.8044786379878421,13.605349151615497,-0.4537558289359019,-1.954417318685894,13.679914509102662,-0.05650707213527363,-1.6475420848662812,13.570284091413944,0.5243518978801142,-1.613703060915318,13.528020966669018,1.0249655814183376,-1.8411951630532666,13.555407591542508,1.4353733607375367,-1.5575181057672938,13.337372408487358,-1.0605079671434348,-1.440544406560926,13.864239016315246,-1.0724090750020125,-0.9493489040404729,13.816501136297859,-1.0593663774647397,-0.48776594703097104,13.892147562010102,-1.0075424341843067,-0.02358777024315213,14.049104678581413,-0.9105513132396904,0.416087649833541,14.055854362565045,-0.7352107917150857,0.775291120438735,13.891127992525131,-0.5180464460162428,1.0525712901555278,13.688143324180205,-0.2826529750863358,1.2945217825036668,13.498762846955088,0.05775636038672591,1.4233410059253964,13.415767054637094,0.4343254301141745,1.3864801836360965,13.245210149820066,0.7803828488221729,1.2336809595892546,13.252679735025147,1.0861257533783808,1.008967983037334,13.227037822589855,1.3559303769149644,0.7173297454056969,13.360468457275125,1.5462033491582912,0.32951062719050017,13.392952980971122,1.6706143801208766,-0.11985509192980666,13.388451180925138,1.7818784778731769,-0.584459012203156,13.487883553223165,1.8623969380131318,-1.1152330800613202,13.553288921429102,0.0658532152123026,-0.11985509192980666,13.570284091413944
140,2025-12-17 11:23:35.943069,-1.3408256478126037,-10.299959266777895,118.61889423484027,-6.015293471930171,-11.827320948758217,124.54329614643594,4.733288487551494,-8.072912652886313,98.72932331500705,8.442469778007714,-8.016109404646478,96.06954543195745,0.7069522647792771,-1.3370397637115388,106.85652498802706,0.9295009338721852,1.1025551013165042,119.43846942467907,-2.123184601263821,-1.1464347753729218,110.6323188621149,4.758123154758148,-0.5415838365470809,118.01765315736039,-2.9648095513571575,3.5247495900954533,106.241393001345,5.310577264208771,4.13124709513515,107.74154702547578,0.8250336140948814,3.8335900024934304,115.4952705685118,0.5695540016026356,6.159729238919086,111.98806244270045,-7.263262079929877,-15.073447709151502,115.56447787926326,-3.812830676710659,-16.02842589263333,113.3269166781199,-0.39190832880735754,-12.902784669038546,108.25872316872864,4.133254473346128,-12.047260039638259,102.93949266314348,8.742766663227236,-15.16136452775019,112.89352174781821,10.514219464783372,-10.882442808334263,95.64128096093188,-8.855994544106615,-11.744853174098672,114.6386247709848,-8.612616844657062,-7.3748035320421685,110.8826452938699,-8.123202011508624,-3.5197899690141363,106.83282356293334,-8.26775038184838,-0.024624778419015107,116.02712277248155,-7.080326828223545,3.430488748647738,110.52745645062757,-5.453010425600603,6.0824233772747345,104.97872693584189,-4.149275936910687,9.122950528235133,114.34318956883575,-2.0877467017813696,10.800772611719283,108.54795883747276,0.7673342381241515,13.205224050762073,120.31330623915473,3.4835264514942814,10.837606877202848,99.33502534048935,5.898004253247436,9.436419111469197,96.78336920556359,7.365833724089015,7.054886868682875,87.40522428620555,9.277416771814428,5.1458331785700056,89.69868160176851,10.872733290325334,2.6201784556204077,92.99586954919192,12.22888686364446,-0.5249472911941606,96.90695885413632,11.919009404459459,-3.609215087883954,89.15333846379866,12.913826094669401,-7.452593310423504,92.93526095051993,0.7673342381241515,-0.5415838365470809,108.25872316872864
141,2025-12-17 11:23:36.077655,-0.1000459299345618,-0.9392554169369521,11.09923004609265,-0.5157072651076791,-1.0330227142892179,11.13615303500366,0.5636864325907748,-0.8947920075766153,11.137526334957432,1.0139623102184183,-0.9178762304556626,11.19277064512233,0.09314112100026943,-0.11364189803580012,10.966908131069413,0.10224013695736571,0.13377686338138078,11.0181223877,-0.19659038977831342,-0.09182026707819756,11.24922740147356,0.46317417517169984,-0.018600330736176278,11.10586756364012,-0.30187815904335924,0.3987643326569856,11.269211217154274,0.5758101594955427,0.4649571174015184,11.285688353636685,0.09577681368232162,0.3991841363676444,11.056195196728297,0.07452857350893892,0.6474988040164095,11.17847874902064,-0.6775012406308425,-1.4339801651550557,11.120389297000402,-0.3450249589146454,-1.536938539321189,10.982944787369126,-0.014879041527062643,-1.2926166250687579,10.982395792815126,0.46845990107398233,-1.2651186046347267,10.944694435039452,0.8798190321366064,-1.4502990866176495,10.978008763039549,1.261719134664988,-1.25341846410524,11.151072215577415,-0.8566952096439379,-1.1451539764735315,11.342425251410742,-0.8719490863646991,-0.7445832096857359,11.448226680219419,-0.8616949624755644,-0.3629913985388258,11.526405440299136,-0.8108030241481657,0.022450965694996435,11.481540823492622,-0.7288741866552368,0.3820572831583516,11.503150853185744,-0.5947342931480133,0.6980287520834593,11.610058053812995,-0.41106069185576016,0.952809568932528,11.52152521423608,-0.21032557273261354,1.170558199328275,11.426604205896469,0.08381666073657076,1.2993708597079863,11.45320301710111,0.41409509927651494,1.2817021191226272,11.443157954476186,0.724413098916476,1.160635497661291,11.56415058135453,1.0016854999615297,0.9621590110583136,11.606651246911234,1.2228033763377353,0.6890566193616172,11.562415738451481,1.3752456010611718,0.3507077093712246,11.530630214259478,1.4775404722163077,-0.03628142263443129,11.487246074353136,1.5745453227259778,-0.4490476412222495,11.514491038122824,1.6255051386639914,-0.8969916530155133,11.406019421159638,0.09314112100026943,-0.03628142263443129,11.285688353636685
142,2025-12-17 11:23:36.206580,-0.14569392605133785,-1.8602299206875128,22.369792960219353,-0.9981600129264918,-2.0595545143368947,22.563232926872264,1.1562505858952574,-1.6954091870363655,21.70022225515702,2.0112456251512487,-1.696207628263558,21.443743115337448,0.23295272581960227,-0.21332327648332902,22.197068427482016,0.25760408894633663,0.3046770103078623,22.44436508997195,-0.3634984896418125,-0.12148594735090591,23.094846161583643,0.9874308072085526,0.010907507557803337,22.283245246771546,-0.5976734010788928,0.9112528756941815,23.361472451883895,1.2201936875395245,1.0391032625913885,22.80562801846366,0.23547308387784277,0.8733886456280147,22.791248396796068,0.19964426767274313,1.4416633407092427,23.424288814232614,-1.3171700960528185,-2.872852799230562,22.53713446417657,-0.6250240760416585,-3.0601939928414263,21.982372031039503,0.031907841131051835,-2.5621133625547796,21.904817046216564,0.9749216581921357,-2.4519430566926417,21.349435186349503,1.7566521251444542,-2.7601624497475803,21.12962331879664,2.478658901455534,-2.3356531154953517,21.34040745588588,-1.6960103141648397,-2.2630549056172704,23.08722666371988,-1.7650232884515444,-1.4453532983386541,23.5551571883686,-1.7678343999859134,-0.6481882954381102,23.90042106110126,-1.6697120695664793,0.1500438763088084,23.765399419270953,-1.4969931644975947,0.9053599319441152,23.62294439672183,-1.233828039255347,1.6120548209368157,24.184504334127105,-0.8638675393558137,2.175474416290547,24.370895215606012,-0.42738633986212593,2.6271209986910233,24.0962178510033,0.20339006410153745,2.936336026813019,24.303152397085253,0.8978799560966373,2.815542129570781,23.58990699885166,1.5301610374396069,2.552748312719367,23.535741820390477,2.02505124360338,2.0699048211900166,22.743660001983066,2.4438171918708096,1.4979219059806996,22.38178996942471,2.713986000355287,0.8169488803833621,22.084214711700124,2.8858401670188294,0.05817104019296472,21.805329050555976,3.0205258153929297,-0.7135572169628854,21.502109329609727,3.1024425437562204,-1.5604544052712572,21.21279264949688,0.23295272581960227,0.010907507557803337,22.563232926872264
143,2025-12-17 11:23:36.339525,-0.07605547131517466,-1.2458141690289153,15.238500487535509,-0.6452343107477566,-1.3556364124660074,15.075910500501296,0.8387537779640746,-1.1568687848337929,15.257393773732343,1.4524415254175451,-1.168041720678939,15.178707816938985,0.19250997769205191,-0.1295999434754806,15.279210620501157,0.21621098224658014,0.21762520951206252,15.238921896804104,-0.207667577989567,-0.083543413470374,15.266003924227519,0.7200257091714095,0.018555891541671702,15.357318407294123,-0.34902054303080127,0.5849661801914344,15.32219972830111,0.8688091849830296,0.6930737597413085,15.468555869710096,0.19768410016689492,0.5925604733020632,15.517484124818887,0.17344972962341793,0.9228768519818382,15.410751326535872,-0.8573275356297635,-1.8887986247707094,14.992023413660993,-0.4065729092511578,-2.04995153719439,14.962016925748618,0.0435674828697379,-1.7377437056219103,15.141998216503564,0.7184148006680078,-1.7049813458397947,15.233848076628087,1.288598645854764,-1.9439406282676372,15.230070069327075,1.7803850284828688,-1.6220795549347815,15.1322228711219,-1.0756755800652198,-1.4514374230027058,14.954087056714734,-1.1078542415587973,-0.9275532530723086,15.096755885981803,-1.0796218060342329,-0.41610749540039865,15.057383657630282,-1.0258821616263094,0.08489511452053836,15.190630878850412,-0.9272142123547239,0.5809124520963181,15.37870259670217,-0.7278684714070138,0.987143605645095,15.292449229812721,-0.49068613339395295,1.326756004067917,15.352024746595252,-0.21870249639186845,1.6364609225115385,15.416037236301896,0.18013395763486198,1.8331710857543912,15.635714789970256,0.6403704489739767,1.8001835113742284,15.453363744298615,1.0589463755090118,1.6476357017655021,15.611597612848026,1.437964739209204,1.407922518262777,15.73420728143175,1.735276596739978,1.0308806526568786,15.568381502802024,1.952036692535795,0.5783675794472171,15.605567141339552,2.0784657051884765,0.052625360350806887,15.464304849552137,2.179597785670162,-0.4856380004960703,15.301424114194875,2.2559621753849144,-1.0859408144110572,15.251447268409601,0.19250997769205191,0.018555891541671702,15.279210620501157
144,2025-12-17 11:23:36.464424,0.0028598471880548633,0.06562761556814091,-0.8109378593535248,0.03559290416996541,0.0754564114341773,-0.8470658647042463,-0.04311636133062749,0.056616521312623916,-0.7571403770417464,-0.07075805405373517,0.054574618948442385,-0.7230066338030438,-0.011074817001013195,0.0060717686886967055,-0.8193875848164275,-0.012299591494039419,-0.012938931177663513,-0.8264635984918723,0.010776918711446069,0.0037067428933573662,-0.8478212746262126,-0.038087554183986225,-0.002004853011674775,-0.7888983718955561,0.019241395190224133,-0.03417479984150697,-0.8750885707645905,-0.04577227875079494,-0.03674111877797882,-0.7946819941883815,-0.01190411742446911,-0.03265626043385736,-0.8360848946812699,-0.010350135467116498,-0.05176479380032727,-0.8463500204223404,0.047876413612316655,0.10610632086306426,-0.848887870331285,0.021487997096991344,0.1107774281602939,-0.8138638703320709,-0.0034340885202689,0.09029913418041353,-0.7926265833468704,-0.037101400064534454,0.08372748453675054,-0.752676565054641,-0.06279069019552644,0.09100853118707525,-0.7176387790646607,-0.08411675588552249,0.07392729190576618,-0.6981766088986064,0.06261396388710354,0.08419175075278314,-0.8770996375688513,0.06488392724085146,0.05417000537558332,-0.8934224378790264,0.06449036029210858,0.024043670447857105,-0.9063013310652114,0.061166110288784895,-0.005810268249060278,-0.9155763454199456,0.05434306631702736,-0.034843482694835864,-0.9190920889049686,0.04308636953304288,-0.05949457409149641,-0.9161951593416436,0.02828065736868747,-0.07914473223151651,-0.9063505117384739,0.0120750699496719,-0.09543861772790226,-0.8934502906233717,-0.011207093334126714,-0.10232780429663653,-0.8672910257959847,-0.03520945954819708,-0.09853066626591697,-0.8348877725918266,-0.05566400645848683,-0.08597927867317463,-0.80383731064826,-0.0725593900510259,-0.07053706610361742,-0.775517441452727,-0.08531172020940594,-0.05135476376268709,-0.7508610887585936,-0.09349025510237886,-0.028699061599136513,-0.7305105668828067,-0.09797102951632901,-0.003923956117909712,-0.7137152885470596,-0.10153041864287271,0.02059731559691621,-0.6984085695278804,-0.10367632994446839,0.04731301784948552,-0.6845159673348417,-0.011207093334126714,-0.002004853011674775,-0.8193875848164275
145,2025-12-17 11:23:36.719323,-0.03506052254253711,-1.2855701930547037,15.873158272343343,-0.6337100586855824,-1.4201518334078822,15.808476229289681,0.9196204997362417,-1.173959790116444,15.753853501626194,1.57912401692151,-1.179272525966707,15.784726982094105,0.2229066010700996,-0.105906537594451,15.725971055090069,0.23501756709670027,0.2598612197382639,15.75601070982522,-0.19401064438136886,-0.06154778726637095,16.080254502846316,0.7852804083187843,0.05495594886793912,15.959227180106685,-0.3536926819559156,0.6400688785500511,16.109063804552413,0.9261421784571203,0.7647145906249043,15.998374301375998,0.21358645981915456,0.6379567161347905,15.76802617914668,0.1807803787906044,0.9931584203921056,15.762190303408735,-0.8496999224248849,-1.993052964591872,15.82346276043338,-0.36673205930366753,-2.1371199301306243,15.605645373155838,0.09285597048557034,-1.7747018828624712,15.568212631158245,0.791985466151879,-1.7140817054360786,15.413840986608914,1.3910081109293437,-1.961497619101015,15.537043948153666,1.923967787389564,-1.6468154076701238,15.673124320114638,-1.1186433437535614,-1.5702045293917324,16.142644460370946,-1.1715265640315466,-1.0118045386763606,16.491685444663634,-1.1657072098406114,-0.4494302155951563,16.583785168613645,-1.1106403187072602,0.10546434183331439,16.639038311765223,-0.9703072980817318,0.6188001291623184,16.464381709930358,-0.7937816245576971,1.08656087087927,16.660388628754703,-0.5383144145736012,1.4714390642166866,16.62529209249618,-0.24146762501726243,1.7585300785063782,16.236894954476913,0.17960919884817403,1.9239031952757506,16.02807649283484,0.6750154754824256,1.9541102574803635,16.265432991749883,1.1064428964381243,1.7609965290713678,16.122504495055544,1.5128511837440164,1.5070222652545018,16.169428987233918,1.8503722624078336,1.1439060902824678,16.20636432708833,2.1005552975048274,0.6720663394498385,16.234233928639956,2.264791369361343,0.11477700570128876,16.221674716633224,2.3928630294172777,-0.45339073661774437,16.14947557967143,2.5041251755760934,-1.099402403134462,16.226537225918186,0.21358645981915456,0.05495594886793912,16.080254502846316
146,2025-12-17 11:23:36.846092,0.16630399364316725,9.570977172495136,-117.15164061378908,4.14691275507164,9.371621239774692,-103.66780872939559,-9.820503187905441,12.18022655517212,-163.02649708025103,-11.858770671520297,8.654851636081402,-115.74000757480104,-10.463312054343696,4.096698392413537,-706.0326426188964,8.018748262594352,8.669538167245959,510.5473306305661,1.990308209435126,0.7305060144841095,-173.3292393144303,-30.762357054867216,-2.2074989036137462,-610.8795842697859,3.206825011644721,-5.9012101828778345,-150.44049279201923,9.62857536013901,7.8107041749681665,163.0567352461049,4.707249179580445,13.537778518197236,330.5088550931247,3.158264775996671,16.607352259691325,261.3443691447084,4.362902757067635,10.322228134452672,-81.13021382920111,2.7093190740211655,16.083044603115084,-117.01681997570012,-0.6918214943556596,11.526580059124074,-101.31950882016716,-7.611231277917412,15.890113166508327,-143.82013309671822,-40.310814549472205,55.364976675928396,-438.38079929682493,-16.018656780748884,13.391630811886387,-127.40361745166628,4.7991629592895375,6.921308513928341,-69.46694262085488,4.856679642612667,4.395863874835457,-68.71671643982457,5.482025548312984,2.361360573433837,-78.65645669567847,4.972815727462882,-0.24339211216201256,-75.28823567913865,4.289823575405916,-2.577768865060119,-73.6616561191036,8.220105786328737,-10.878726836701407,-175.16276841013868,5.743416929925874,-15.293184097962648,-179.1712786911916,18.23155670704706,-135.94709079659808,-1275.0741676081082,2.506446103662434,26.19751204977182,219.65687582852718,22.36273553706299,62.85975246643321,528.7932455916953,8.490115173801271,13.2954007682236,122.561821157767,2.787803337778859,2.7334837378729024,29.551404186716027,1.3139820240396922,0.7979574219489682,11.414910725200913,-1.452630380349171,-0.451457113272223,-11.095729161514278,-5.422523994347915,-0.24252724932033343,-38.27527587401062,-9.869637142854419,1.8895614208128602,-65.59604373407811,-15.129007546995801,6.6606078998555125,-96.18606377272094,2.787803337778859,6.921308513928341,-81.13021382920111
147,2025-12-17 11:23:36.970596,-0.07616230661222075,-12.807292885040635,153.57855790252356,-14.865278641570457,-34.35897061285788,373.1471880882366,11.024957759432759,-13.499337978832958,177.57022569794333,15.07866005088989,-10.998184902392182,144.25759292138235,1.1502998194410154,-0.42929702717668217,70.20973413338999,2.131632826272353,1.9960914214103302,120.1656399311476,-1.5475646514610462,-0.660316436090608,145.4036969668653,10.823982792774489,0.7545205534783421,208.89907643286094,-39.51260696678357,74.44024900254985,1919.5754031306074,-217.08850987353654,-170.39748596469852,-3545.119787265754,26.57793083470039,66.0936887638639,1625.3706073297403,-19.77750129231377,-87.58638096178906,-1385.9099837190377,-12.016442422073847,-28.62835310420198,220.94374025381603,-4.275652460232663,-25.982129593257625,186.73461122735492,0.824720788663416,-13.051681824655702,112.89435504073995,11.814997219182347,-24.303370242195815,216.95779225391226,23.85180885221766,-32.27433910010826,254.1327358761331,22.888597559747254,-19.108744011808845,179.23824951003206,-46.557989015019075,-67.75808719242504,663.6514853300769,-35.82796477193281,-32.79347272006377,498.2828404073903,26.22377680984485,11.818351552675862,-372.83389295912383,21.924589813218866,-0.5658891832121739,-328.38261667538035,17.481002735533394,-9.97729921794395,-296.39741447835075,5.675352283037881,-7.5637320474542875,-122.82836048621093,6.2483701569274475,-16.95458316815674,-199.6965860951307,1.6228600652376746,-13.612110040671755,-127.98497968479798,-1.3851513574301086,-12.011161733237618,-101.13264160015214,-5.047929436716713,-13.542574941828114,-114.20661293937452,-11.482989198354238,-17.314520680612098,-160.5322409565958,-3.681608251448374,-3.448139539573165,-37.87360665315946,-3.7959051459082414,-2.2028008891010864,-32.23107412300148,0.6080557755028254,0.17935809881489734,4.571360181871044,5.281166720764592,0.17779074504861106,36.733658204566645,41.21992838718061,-8.199715102926504,270.30665719035346,15.56190014878205,-6.92739929150034,97.78932255861642,1.1502998194410154,-12.011161733237618,112.89435504073995
148,2025-12-17 11:23:37.099488,-0.3610960016491141,19.37305046233178,-229.45191640117423,3.115975459870006,7.5728689133744345,-81.20747968951515,25.71808674422678,-31.273440689256727,404.30644282322226,28.431568640330674,-20.940510060860507,269.3302747248502,-40.053163577142634,16.686473104075713,-2140.188791382058,10.914652249716092,8.273450511110603,556.4636473982129,-8.427445622832115,-5.948177584594479,988.7072367913414,19.540472125738535,0.7305288373188903,366.16978947498774,-3.6715477553428215,7.272700120589259,195.85049185968583,6.247929352432706,4.6347229966538315,100.25511948699756,4.441693645519106,9.784004980358512,251.15331773790948,1.585701124532806,6.247875606261145,101.54448455306397,2.653846414236053,6.547334514257267,-50.13862422500162,1.1695171240462199,7.637491152798314,-54.57074772688179,-0.7725141115803339,9.682201245476609,-83.24900042672402,-7.287058037605814,14.802370164365767,-130.57502289847318,15.71126533274357,-21.31830937889742,165.90365810986404,162.9790082918545,-137.11886886466783,1268.444437644999,4.62097310297581,6.885887857474372,-66.73796659971259,8.137454675687406,7.761742347282373,-115.36262562805648,15.388294960216749,7.4053393820333095,-221.1311870265288,108.9652673986889,-0.12576401396179412,-1654.3887640833134,-20.325255213609243,11.044274267612568,348.4178268560319,-8.132094068141871,10.541166709046939,175.5967450729426,-2.4562766160314915,6.728101811640132,80.58266992710213,-0.8271918533117621,7.126687648679035,67.68705246503679,0.9379321410592334,7.683334004717755,65.17015780766879,2.9308836897632218,7.6547132117014405,65.3348010478075,4.852650211811243,7.082822622708517,66.63161575659967,10.230163547559565,9.435426161289229,104.49367949968861,12.016443135813981,6.77015871795392,101.09480067863389,12.214255961152581,3.3808759876151635,91.31463480898091,16.701529719923315,0.39019315547049116,115.33277650242069,36.83009178340919,-7.800800113332509,240.44374773280262,18.53480967016317,-8.38849726407734,115.97803580210899,4.62097310297581,7.082822622708517,100.25511948699756
149,2025-12-17 11:23:37.221218,0.07332395594537322,-1.7222683371055547,19.999055934546035,-0.7027654530038426,-1.9147663497657406,20.020424458404715,1.2987518327373069,-1.5641620146288646,20.00188478277571,2.130117380231422,-1.5677773686387648,19.991543467826478,0.3795658359537054,-0.19047579518269783,19.761748429172286,0.39288066737553706,0.26811764391741943,19.731567580012186,-0.155391288232338,-0.14971822347596095,20.061439282392794,1.0834815972157223,0.02468458406030962,20.013436020348056,-0.3691377472957332,0.7363444755459979,19.997615015239155,1.2348945095791402,0.9359754485918125,19.899534878978418,0.3497890479660317,0.7532391753545582,19.678864209616656,0.2978524696128262,1.2386066767158825,19.89078337747313,-0.9550850130338618,-2.651095971165626,19.88751311413961,-0.34437951922316357,-2.8210853814267858,19.85162885119034,0.24354682564089555,-2.3582094218275356,19.907120389757335,1.153326784332928,-2.288844770547715,19.91756207842137,1.9119970466814304,-2.5648196339615716,19.835892020985014,2.5884559555615754,-2.1691713268543147,19.929196192574434,-1.3190694253105608,-2.151330206947676,20.284740931756343,-1.3718761009766576,-1.4270871919391008,20.34075369221163,-1.3745293190787462,-0.7311691363438783,20.38777705843355,-1.317003870293302,-0.0340730024161293,20.386426235591525,-1.185083786211219,0.6164009657486025,20.338954034674803,-0.9510706841996843,1.2029602667813546,20.253265996868787,-0.6545977634191177,1.7355825641364788,20.444016160384457,-0.2890833837319069,2.185116076525152,20.31452497102076,0.2548187195954888,2.4466914175911714,20.24824906698004,0.8686428755779916,2.387232723043697,19.873610965900642,1.4592622794497006,2.2113815968260426,20.241780276616332,1.9553101376878799,1.8408644383256547,20.049491784991936,2.3997598062362386,1.3751620240438058,20.096759053747537,2.7174992979569277,0.7748746282270625,20.157373834859335,2.9602004699663107,0.0841342053917844,20.28137172928059,3.0839315357827495,-0.6498647971217422,19.991100623496838,3.2302619106677724,-1.4452340786709816,20.019744444668063,0.3497890479660317,-0.0340730024161293,20.013436020348056
150,2025-12-17 11:23:37.358920,-0.020872210150653887,0.4278643096568814,-4.882919357067261,0.12833582397623466,0.3571363919472443,-3.672061450031736,-0.6920035980993261,0.8374173487653406,-10.535340006123008,-6.521946667593378,4.811215018906625,-60.6791556824786,-0.0889218880887909,0.0456622063071205,-4.46036350783553,-0.08605782435089912,-0.053573040556036094,-4.18037291787618,0.02558089742883891,0.03211876438056968,-3.609330170293561,-0.3271995082183347,0.0005024796218930795,-5.972291721837132,0.054864513379497035,-0.10618112675471772,-3.0562252989505523,-0.34244681961309303,-0.2487374619310144,-5.472601175689911,-0.0712901682774221,-0.14484554408126066,-3.8587902391019924,-0.055764194720253464,-0.21678090261231295,-3.570012837046294,0.17539690460627,0.49365171485327614,-3.6574280622230133,0.08342045835333192,0.6918670404457267,-4.791883952886595,-0.07623356522963838,0.7185835849686568,-5.9744731524659285,-0.7070110785298028,1.4053703356629388,-12.063639887943813,-276.6892226073298,371.1290599472633,-2835.981178158533,2.7654198986616496,-2.323048397916542,21.132327297658936,0.20121308020593706,0.33529069956980806,-3.0989029222379525,0.19095346469827468,0.20631837244588,-2.8516933004664127,0.17946885786276065,0.10180060851387232,-2.686182295748021,0.16415068781650566,0.009394291472388131,-2.568888026152937,0.14430186019145977,-0.071312529750513,-2.5111117023837064,0.11667194685791082,-0.14475285083215353,-2.5268721922321227,0.08126887300211424,-0.2141225339925862,-2.6042708317143757,0.03717550461612432,-0.2869691067362347,-2.7452813248799584,-0.03967213248320429,-0.36430650308608503,-3.0951174448006773,-0.1663146563454008,-0.4429031599279282,-3.7600389831884415,-0.34868708255344305,-0.5137717540358994,-4.834181983243449,-0.6529944838062983,-0.6028115560527081,-6.715472848746949,-1.2849090377510153,-0.711667748727059,-10.766678777969611,-3.0763504479295003,-0.824890531719559,-22.76087245190428,-118.09809598117364,-1.5687335754244693,-808.7732377608007,3.9292850265610735,-0.8574521067489489,25.36594126293541,2.0571852040312577,-0.9397094232128097,12.725001033927544,-0.03967213248320429,-0.071312529750513,-3.7600389831884415
151,2025-12-17 11:23:37.485017,0.5011669884092369,-7.617322915536021,81.77154536327542,-0.3611501213263445,-1.090709014890545,10.691028318746914,-0.6134847280846794,0.7744797299444928,-8.98871073522096,-0.5776111502260041,0.4526798230214869,-5.213828317382933,-0.3314233121704329,0.20992635273035895,-13.252545020403009,-0.28007417978821925,-0.0801222518350516,-11.169323058774173,0.15628826833692241,0.6404855934326296,-46.4689676552514,-0.40504225511532943,0.043607609396584916,-6.904874774280804,0.5377981383819692,-1.087995718308934,-36.42847133366812,-0.35477505243689,-0.20520016953803627,-5.278222181391327,-0.23179926427140446,-0.3074683592348608,-9.751641951671566,-0.18533677364359258,-0.49017152819191456,-8.893982187920585,-0.3346555592542723,-0.9456240894900114,6.823856960010635,-0.18869658080585097,-1.6163921042056169,10.787960224528595,0.817670251345712,-7.376645311289756,58.46106213403835,-0.8258181196998791,1.66508361096854,-13.497189611953331,-0.723806214084867,1.002454294288816,-7.214685203314359,-0.618867565408132,0.5463989196027629,-4.636727131850146,-0.4050040472530374,-0.694519341887053,6.2099223914727215,-0.47858260788407225,-0.5378259293216067,7.111340520065384,-0.5663050465598666,-0.35446828493983573,8.603498106665725,-0.712701640615731,-0.08021843433442598,11.45363856433009,-1.0362250344286408,0.46941894487885455,18.802353996779456,-3.6558748180962226,4.545085453211825,84.73167793846477,0.8155473946587614,-2.3235362284462555,-29.63667152099603,0.10019072515666508,-1.1898408090870993,-11.907973540318974,-0.13003791147964813,-0.7802406528755818,-6.9473149320970915,-0.2428713497471162,-0.5566886117546826,-4.971572178563978,-0.3109551526008086,-0.40875701367656686,-4.08581613501462,-0.3595247859457912,-0.2962289003574029,-3.5546007347843274,-0.39955065466685874,-0.19435851754276276,-3.2773747934062785,-0.43640939238757975,-0.09251958982607937,-3.183277029046849,-0.47215809418063176,0.017290246736409744,-3.2063514234130417,-0.512009825415302,0.1351506565210477,-3.2808548845150636,-0.5574832531450427,0.2811787203959623,-3.435911432235118,-0.3611501213263445,-0.20520016953803627,-4.08581613501462
152,2025-12-17 11:23:37.619940,0.0029306082426771678,-0.05371185328540955,0.5989195403960602,-0.020568665645685245,-0.057726950022671024,0.5861907708849651,0.04222170969538179,-0.05093009982673467,0.6168684761751602,0.06992783290506911,-0.05234592363106206,0.627419825912557,0.01606880213112788,-0.006924413647249259,0.6340905723685805,0.016136256318880264,0.0072696924190064315,0.6441361746981163,-0.002666269911075409,-0.006046554988761357,0.6276215605213916,0.038162545451313215,-0.0014921560747996865,0.6477764573809491,-0.010356114858928659,0.02174243199450525,0.6438060769709371,0.044826447503139244,0.0287331068745536,0.6714112196925454,0.015330222752402894,0.02318086169603892,0.6548005044207145,0.013550597624708052,0.03961481333142825,0.6654016976310551,-0.02875314346795424,-0.07692399995369328,0.5696736807469984,-0.01014667130861746,-0.08351725344112507,0.5722072220977048,0.008493752501867919,-0.07188977740524205,0.5880335253501773,0.03693164796109188,-0.07164164622794417,0.6000807002666315,0.06121764738340149,-0.0817516846215169,0.6037341158568055,0.08373120811451411,-0.07067334579107519,0.6207411339132612,-0.039124696859850615,-0.0628092217338863,0.5762944098620222,-0.040662382945952515,-0.0425922643229233,0.5887330007865825,-0.0412307369585072,-0.022831098533650365,0.6021406996142161,-0.039894754160889154,-0.0023346045828828987,0.615985498795006,-0.03635381425292152,0.017765038554651134,0.6315621505381089,-0.029350688901079197,0.036964678481827405,0.6469305393833173,-0.019606421954802278,0.05418199738291452,0.66214037861728,-0.007246488027514364,0.07045261314936362,0.6780129714199095,0.011974973835468384,0.08053614794502043,0.6924816337549904,0.033534760278599786,0.08126397748861772,0.7018723564579475,0.05273918669265161,0.07294378320296503,0.704854249974437,0.07046954359953228,0.060963469796133075,0.704015498765259,0.0844701967083053,0.0436336369124191,0.6984260113112911,0.0934178674995137,0.02194744467553437,0.6875093840808392,0.09898152368820175,-0.0016914184213691792,0.6741443341344433,0.10228424787799158,-0.025406459971314813,0.6597739250729044,0.10410786945181216,-0.050788462808299135,0.6433398849267415,0.015330222752402894,-0.0023346045828828987,0.6433398849267415
153,2025-12-17 11:23:37.753130,-1.5433572057079084,26.82119699994887,-298.53004035861244,-8.383687028316086,-23.657102731488557,239.97744970889883,-90.77375768413343,112.22854409877736,-1344.1942740313748,16.654417925149215,-12.743939772680639,151.13506425070497,0.23655506234055795,-0.1297753375418741,9.787951190633539,2.2087611869869157,0.8200203092099704,88.65126782501335,-0.1712547974995572,-0.4466540028806633,40.250612524402754,30.683201508796234,-2.097149488668142,525.0733071014864,-2.80275602236764,6.222767614326498,187.66368012654308,9.050425233752996,5.699424383802928,135.56949729066514,1.2540254877793038,1.8138348667606528,53.47131151909211,4.556609856611961,12.916623891273181,220.2323082246708,-6.825167529704831,-18.39939836897682,135.87587052013032,-1.7181707662452765,-13.794092886650494,93.55838200115531,-4.452734872302666,40.030204293018464,-323.72674118699496,-14.58003633717051,29.278128363351325,-242.32789752919,21.698493230629694,-29.760666429733014,217.55653422057617,123.57785393761907,-107.0778123248161,930.816241708697,-5.979509203163894,-9.668190685613634,89.97263768519032,-5.77740532064264,-6.0790023085746805,85.23633478379314,-7.649095926185113,-4.213761384944833,114.46363606514531,-3.701262080578437,-0.18259279257046096,58.51740990901319,-4.2828896022590115,2.2648783616691635,77.11151504117865,-2.5026594612914885,3.31549869746772,57.44336700085063,-2.400545563630406,7.125742990673297,86.87537477281178,-0.6028907948150288,6.877712287634033,66.17162337733761,2.3542451057687823,14.644440753960254,126.61736667385605,3.773645132481927,8.903897613271347,77.4328813064272,10.529625346798003,14.322621962747126,138.65267069557873,10.75778546158513,9.167373466263237,106.73791476893543,24.01225589116603,12.23479303146959,197.659498802584,57.08338897448947,13.223698376658264,420.51164891416425,38.621746246345495,-0.7723869849853575,263.25576189870884,33.94875971076855,-8.530404628954365,219.17126939610802,35.58641489821014,-17.570820900952647,220.93812453422552,0.23655506234055795,1.8138348667606528,106.73791476893543
154,2025-12-17 11:23:37.887511,0.0029587231888817196,-0.04639463651247446,0.5091183850018006,-0.017452992008703237,-0.05071753710470319,0.5108085198009478,0.03422613676709003,-0.042725263112004086,0.5041683864101623,0.05495704798411821,-0.04249263203315555,0.499298988877318,0.013140852750605697,-0.007960653329587453,0.5145131973669019,0.013235374508090808,0.004032058964090575,0.5170170068055654,-0.0014721267901755145,-0.006501627041701613,0.518310569113384,0.030218704742813216,-0.0027336744319990764,0.5126998999814811,-0.007384309845260616,0.01666614320981472,0.5240147789768558,0.034729862995053956,0.02100763914625214,0.517735147468432,0.012566802756894991,0.016521785570036845,0.5207416597007799,0.011199577203943472,0.029964052829688174,0.5237807294915471,-0.025045458421020263,-0.06882746276284755,0.5083217655572224,-0.008651099874973318,-0.07438256351852066,0.5048846947270804,0.007217683035397145,-0.06301208508590075,0.5037402198559873,0.03036420877215602,-0.06124851408879549,0.5002159890883421,0.04932317529627525,-0.06795507909065822,0.4942001030129657,0.06564369664248235,-0.057365895519969394,0.4933209948824696,-0.03339333607106232,-0.05529530494069319,0.5136966274620177,-0.03431936993942781,-0.037115854311838725,0.5173839222795198,-0.03407990049213649,-0.019789545647518354,0.5212155827316626,-0.0320353817383621,-0.002381011158383369,0.5244196544531549,-0.028464709745034112,0.0144529654779601,0.5273031040954089,-0.02226130124905589,0.029144196032248573,0.5301938098024725,-0.014113476812304163,0.042276374874720794,0.531092172830652,-0.004168865320958981,0.053659519811363215,0.5315675682184469,0.010184224418370533,0.06017936451406261,0.5305990095892386,0.02615146190139482,0.05923271094134122,0.5281332788666068,0.04006480272622745,0.05301971118383683,0.5239312102944449,0.05243856558962667,0.04357043425701193,0.5204576803171418,0.06254346927497695,0.031110832844761238,0.5153742504649541,0.06942720385162311,0.015553435474753095,0.5107064750535283,0.0742117103186793,-0.0019788699458434217,0.5060034728492036,0.07771184546023698,-0.01996766781295652,0.5013617568857003,0.07992986677650613,-0.0398898856830388,0.49647123939206206,0.012566802756894991,-0.0027336744319990764,0.5153742504649541
155,2025-12-17 11:23:38.081914,0.027263058494575988,-0.3872413978317385,4.210690928669162,-0.14769594280176127,-0.4452530214822028,4.417070092616362,0.28692436559666856,-0.35420635139272183,4.140809557018231,0.4779202181700797,-0.37015679627009845,4.2774808700026385,0.06819732749022113,-0.04435770838409517,2.6215227377665826,0.060955553497846905,0.014788098751733857,2.3427700543243293,-0.007131993547057043,-0.03384831827682932,2.5527711401832116,0.1508424552287394,-0.016987915181550618,2.5208658244969206,-0.029391219889203866,0.06454449901022609,2.0810986723257687,0.13863462380031666,0.08184557531212772,2.058292903124162,0.051032136202553036,0.06527078874841712,2.1038799979191785,0.04081234980673301,0.10761804532501108,1.905995209218799,-0.3096179494460325,-0.872930791468954,6.370154414717365,-0.12659818323858746,-1.1485047200641108,7.7169237852712245,0.09334498626146968,-0.7473041980737166,5.903881526819925,0.3700418889323476,-0.7348750225514459,5.935739806720018,0.7621560480860841,-1.0415016957678824,7.4915311339770545,0.7920307355939101,-0.691862542301077,5.871053853914364,-0.3052334771118548,-0.5094485129780065,4.6739698816941395,-0.23535556948654254,-0.25686050490020296,3.5161699116372622,-0.18823097761048516,-0.11031374380815634,2.8467188591686203,-0.14936608427655648,-0.012766382409327405,2.4032214887180916,-0.11448065232870297,0.05585423353793091,2.0940444290852436,-0.08163452112183367,0.10368210897764558,1.8845096630592442,-0.048093302684734586,0.13736077650427406,1.7376880003411301,-0.013699499778222305,0.16297728430628358,1.625911307626806,0.029389719965718177,0.17752065789932653,1.5748126999724326,0.07787112695941337,0.17797064841777502,1.5883004183648317,0.12631332238834692,0.16649470826946147,1.6578639478662953,0.17788820813856565,0.1476355226290073,1.7633114728926467,0.23493391593579374,0.1151915979314796,1.9304095634611194,0.29939794891241317,0.06510411309084263,2.18948634970621,0.37964696821678684,-0.011892013330343685,2.571575447735652,0.4916156219794845,-0.12783413508168914,3.1491950962304838,0.6847168817196027,-0.34146246503825084,4.21075636687775,0.060955553497846905,-0.016987915181550618,2.5527711401832116
156,2025-12-17 11:23:38.213339,-0.003666339268519397,0.04816016092576313,-0.5153691964433059,0.016904295211689534,0.052322931772142256,-0.5152026049545251,-0.03588184903028064,0.044590066325741765,-0.5124631049959386,-0.05735011305875522,0.044912165252578046,-0.5102378676742088,-0.01407680741815466,0.00963795850618408,-0.5275013514963948,-0.014148033279139011,-0.002628419869272901,-0.5309426250450378,0.0010349570853017199,0.008149813412204727,-0.5295212315224812,-0.03186916919554481,0.004330577607290671,-0.5276778301291946,0.007295421510779418,-0.01589572397478476,-0.5381878179507051,-0.03619648901496509,-0.020131403022623055,-0.5353626985761869,-0.01335234944345309,-0.015838786149084287,-0.5355331836822302,-0.011829748259924989,-0.02933624420096021,-0.5408236370006225,0.02451888264739853,0.0708133261620228,-0.5110566346822667,0.007944474494694435,0.07626303803697432,-0.5074545848506783,-0.008274782176243313,0.0648114929191786,-0.5087358360363601,-0.03192490549928496,0.06311260853552057,-0.5067085475582305,-0.05131302525921567,0.07008192294628557,-0.5014368081999183,-0.06831106043533448,0.05981770289861167,-0.5042830736761093,0.033329069519535674,0.05717094150566062,-0.5165835581784545,0.03461016410234629,0.03892036120411111,-0.5221731265955872,0.03456818037443135,0.021239679056127714,-0.5279431778671606,0.03297573660374964,0.0035806953050011975,-0.5341393069681668,0.029263692844511528,-0.013556918650274292,-0.5396588648229502,0.023124821465061757,-0.028793982145682125,-0.5444320364202148,0.014740951733337435,-0.04214120964066782,-0.5480820016278471,0.0043079305813177645,-0.05438812547178042,-0.5506954501925394,-0.010628273676816073,-0.06100114990807715,-0.5519844068637539,-0.027221793407693862,-0.06045836377354761,-0.5501842441657039,-0.04181780381648677,-0.05369822543138423,-0.5465543780378794,-0.054943977386788814,-0.044148751931768156,-0.5415900750482047,-0.06544230329662014,-0.03117587739192729,-0.535677102646838,-0.07267410133381151,-0.01460355745357075,-0.5299586864301213,-0.07737364464550694,0.003168722836255441,-0.5229136438253215,-0.08049357224587292,0.02164579534387992,-0.5156787442165397,-0.08284600155441975,0.04194426113288362,-0.508488147776857,-0.01335234944345309,0.004330577607290671,-0.5279431778671606
157,2025-12-17 11:23:38.364445,2.2536102696663645,-24.92993162897812,264.2535073874033,-32.71363125803678,-107.43383915677485,1044.4391635864422,17.467863676449692,-21.40212355288081,242.1280851491018,23.0512661341994,-17.994099176590016,201.16198249662682,3.8317538983787167,-2.5006246108459376,135.15211684263195,4.429327446061736,0.677342602973777,155.22748290798495,-0.16383319063862353,-3.6639266927936154,237.66465050642853,7.461884444075989,-1.0025159758736375,120.70579241220017,-1.9277490404068203,4.466050473044128,151.03462344875433,8.308778050102923,4.530659824778563,120.27251744792395,4.17906475247115,4.597511860734809,157.91519008797007,2.6145680615582036,6.216491871473916,113.98100039001864,-18.838091089190282,-55.528994741172106,399.31293342565493,-17.351737795586267,-183.50880216834767,1212.50327654493,5.747972948051295,-41.289326340470865,320.8029895842096,17.41713611070579,-33.68371552160522,267.2925254189281,24.60486968246596,-33.31115633664431,234.46297367214524,25.783490345609597,-22.427605357681134,186.6975756467139,-22.48732032413323,-38.94642310613278,349.8596601620127,-20.92481953166755,-24.032184143068367,319.26294803012377,-12.989938834372952,-8.19288054980988,200.8540116029859,-10.626410045749429,-1.1869093444959817,173.78103785102485,-9.06346357440515,4.234322662496854,167.86953712658047,-6.00306730774432,7.622619538539571,142.82205282347118,-3.6099623860195784,10.607540916757616,136.90642347410855,-0.933194332291726,12.946296193758988,131.11637418769706,1.8990733603683185,10.571249031093393,95.0232559041341,5.087350695100236,11.116586430906015,100.63335694035314,8.305929897172609,10.562014622330215,106.64263771464343,14.252155082520684,11.294607642914109,138.48504411708257,15.69117568197816,7.290401355165217,126.88332100216608,16.2098609094362,3.2079912855959236,116.86512168157346,28.707049407971684,-1.3424617547586744,191.9662606310307,25.998874159560263,-7.136259866132278,164.61876114661732,50.461634401491764,-25.79364913618901,306.3918419883701,4.17906475247115,-1.3424617547586744,167.86953712658047
158,2025-12-17 11:23:38.552945,0.1913381343684372,-1.9689459537332437,20.58553393928186,-0.6455287794698856,-2.15256131462379,20.71347370385275,1.4695854717585102,-1.8008506870276062,20.189912598563343,2.371097650877699,-1.8558093276849024,20.58048653409388,0.6074170606008411,-0.4168297793143161,20.481859940098804,0.6047772641916249,0.05472819842104932,20.265360795193125,0.003936877545669608,-0.34964913858793845,20.48874400661215,1.2893672136498942,-0.20815825254960357,20.434478800385854,-0.2343860452716776,0.5669382152757376,20.74366743923708,1.4499421463615212,0.7282320764084134,20.57100038538413,0.5621035438607648,0.5541776380066661,20.258651506157825,0.5161706268204111,1.0748798576266918,20.666743980870628,-0.9444913575687434,-2.846248155606744,20.327702877592806,-0.28941692662189955,-3.10748193544178,20.361060927586166,0.38265638074223657,-2.657419406565651,20.50647777010198,1.3547996119707868,-2.6072238674498838,20.559506802469716,2.1711199373077426,-2.9329140911912006,20.543858448510946,2.8512138677545242,-2.4810531001949983,20.548134355873877,-1.324593445876218,-2.348004659868667,20.838159175633304,-1.360497706064418,-1.6080826098407002,20.97508023861578,-1.325704193043517,-0.8800748739211776,20.86890761185021,-1.2637738716995366,-0.18870245902205157,21.168378410082152,-1.1147222737578522,0.4881133726115012,21.218300251096526,-0.8577804559841877,1.0733032096668271,21.228031832072826,-0.5338513356036306,1.6012237995853198,21.43796279937836,-0.12337857906373853,2.0300078776371158,21.147682911665036,0.4625046209702638,2.266010494323071,21.037356580633706,1.1021478938208356,2.260287267595375,21.142283063432235,1.6536526321165146,1.997637717426148,20.826791740938756,2.153575376602567,1.6467080085092836,20.775233417170085,2.582458584434642,1.1480588987496354,20.763737777821234,2.898791468004761,0.5287510805243623,20.7934120824063,3.122405503657863,-0.17734366954634923,20.83031994085839,3.2763438066711483,-0.914361819590698,20.663576881042,3.411168068525632,-1.756189456657255,20.704017150100924,0.5621035438607648,-0.20815825254960357,20.704017150100924
159,2025-12-17 11:23:38.676993,0.19809882043049196,-1.920156106100021,19.781523903684786,-0.5985869633651842,-2.104439731292475,20.014565220134973,1.438254318205002,-1.801996312629857,19.733835750116786,2.247217908282495,-1.7758983743497478,19.365591006592485,0.5920923527568658,-0.4420001792610415,19.890664977215874,0.5920623304071075,0.00618453624471734,19.89068257401565,0.013584209278214528,-0.3865168390955351,20.13014203135818,1.2577313809949966,-0.24015783477589267,19.892370468594482,-0.21408071968531223,0.5196275611356208,20.084558259638065,1.4109806939610925,0.6752431867232559,19.814570388716078,0.5581069737481051,0.50674041351434,20.156886455218466,0.5078589351332967,1.0038673195447048,19.877229124441428,-0.9274323316288385,-2.8666001017750125,20.27907395027884,-0.2710889892337744,-3.0842673776912983,20.03661932842914,0.3823833363277372,-2.6084957659450865,19.868886761106182,1.3000812530763843,-2.513113737593318,19.547863149460735,2.0573454620371443,-2.784961588161805,19.322200929383374,2.6496413923156408,-2.322035294390981,18.979980053349927,-1.2726754093540351,-2.3222642258092914,20.510779475712358,-1.279399514673282,-1.5611773305725494,20.194309676293695,-1.2691329418567474,-0.8764306113592977,20.262201864069823,-1.1797578408026368,-0.19647037063168582,20.241082291094976,-1.0345317955324038,0.45210852601190393,20.232149141124694,-0.7803366809142795,0.9971301947383271,19.97219536738849,-0.468594217999072,1.4952170159553138,20.004947784807307,-0.09859860805076662,1.9240175177016339,20.04938052740254,0.4531841038944804,2.1353930226956126,19.847981189239416,1.0473764354025872,2.093531955263739,19.549053014298362,1.5791950863865756,1.8665585349461375,19.568894730803688,2.0818840778347463,1.5593077297553013,19.817715240584434,2.445292027312217,1.0636983686872088,19.421298673602685,2.7395321173787583,0.47579159127456716,19.44234316807623,2.9395627391046113,-0.1917067036146909,19.362940706189367,3.0840293142305155,-0.8830931187587796,19.27534328078855,3.1748376575608814,-1.6410959156329656,19.084653415718805,0.5581069737481051,-0.24015783477589267,19.877229124441428
160,2025-12-17 11:23:38.821851,0.10605725104763573,-0.9545407069610528,9.677571747158405,-0.2741772923340706,-1.0335774808442493,9.684624785882596,0.7134037909908837,-0.9011479821871032,9.699461593283468,1.1078884894374812,-0.8916903293816049,9.575089757723163,0.2950993958834776,-0.23259555666776974,9.611529463343228,0.29948919985256367,-0.016319612510076142,9.780860599043304,0.019467565218774154,-0.20737546280371807,9.775416381608412,0.6205074350921803,-0.13585503348428504,9.718444191563377,-0.08854079834547816,0.2352095269395253,9.933895415906871,0.7049121482225407,0.3196696351971714,9.822604763350476,0.2835966733037287,0.22596527165156716,9.79386070985711,0.2585903081255502,0.4791826940143608,9.88173055059943,-0.42172145172986636,-1.3752193184099397,9.622894820624726,-0.11472681127494835,-1.487507349611876,9.561843295902868,0.19117801845725027,-1.28013853831552,9.609445001540621,0.638078554618505,-1.2509393671043152,9.586285797092858,1.0113409964457047,-1.385177478931787,9.503429700731614,1.3294776740302863,-1.1840728746237414,9.560554482389215,-0.5819738517912367,-1.1290081853192016,9.826438618028853,-0.6047194249978816,-0.7780265540253496,9.863926374017266,-0.6002257485296385,-0.4515159697086424,9.958783013100582,-0.5635614655242108,-0.11771824665380404,9.998265052426245,-0.4916765555056344,0.20202465249558568,10.04174429261284,-0.37837013294526933,0.47936278114778863,10.04060959115875,-0.2220811913104589,0.7262791163405943,10.016566177565236,-0.03500936240971553,0.9354316885556468,9.990248612049282,0.2352526999255688,1.048022956808042,9.946969413969846,0.5279306562815814,1.0370453729416411,9.83537348878795,0.7966051674810541,0.9268965433529427,9.874641124481371,1.0407207507724519,0.7600521453261823,9.849880325457574,1.233212673858204,0.5255730606067688,9.778080707420212,1.381240297158524,0.2273700694639515,9.808640060052072,1.4835394810638187,-0.10961495566561147,9.7741414340381,1.556004812552494,-0.45888317987380706,9.721257113303798,1.6045722093308794,-0.8397229323644634,9.640632616653757,0.2835966733037287,-0.13585503348428504,9.780860599043304
161,2025-12-17 11:23:38.958533,0.43777859537669817,-3.3790084910191185,33.78231069296786,-0.8725839536573712,-3.6719559885936572,33.950982955431144,2.539226322697372,-3.2052291522923975,34.21818910665615,3.843275110766776,-3.1490428777804116,33.277360168109354,1.038588580526272,-0.9179401834342706,33.060881611893876,1.0522700736711794,-0.12828763091399661,33.60513690021654,0.10574565649625267,-0.7761466626774958,33.243802564493166,2.1158305942822966,-0.5302162242370798,32.891216058753244,-0.26524497632673155,0.7401872315052858,33.259541841904614,2.418683973208118,1.0459022172406889,33.718186410475006,0.9700216349400461,0.6937728488532752,33.25520488950474,0.9019107000300319,1.5973791091005625,33.931065056838925,-1.3921209297123038,-4.94105256258137,34.40316722625476,-0.31345819075448156,-5.33897892752985,34.16819389879425,0.7357723575033069,-4.549840751963084,33.96496301668841,2.2626105284814093,-4.410247602364256,33.60064416927456,3.5381527559724013,-4.8812738388697685,33.30379502908498,4.596806394355565,-4.126433186523657,33.12060530631811,-1.9569667485100852,-4.02168931123667,34.995585471157966,-2.036155057595799,-2.776399280582872,34.877787306053136,-1.9883731082157279,-1.587883187842363,34.49995348368748,-1.9178922567917611,-0.44009489552022124,34.96601132145622,-1.6922931978573934,0.685079014226209,35.39972338078359,-1.2576159982453974,1.5950309933980371,33.95018070497462,-0.7612075165565904,2.466861733201658,34.39606288606703,-0.11977996401358292,3.1558351755233476,33.965298100782015,0.7661270649957376,3.4141383840702297,32.62816717789785,1.7529931413270563,3.3994766590359156,32.67230381140053,2.6648955435914536,3.068116650355814,32.913280389945946,3.5805258472608177,2.587797847175241,33.86818572142497,4.188575366772648,1.7336748837640477,33.14512379170779,4.7254196712021574,0.7508365900043182,33.5616444795305,5.027532467195596,-0.39683280210006294,33.11755310965036,5.348998132521211,-1.6034686180835265,33.43721245702211,5.598519308719999,-2.9591181983479853,33.69283155538187,0.9700216349400461,-0.5302162242370798,33.69283155538187
162,2025-12-17 11:23:39.092838,1.4721669754102382,-10.466007525203842,103.04515696664654,-2.1300039752575426,-9.648836187003942,87.93825377500531,9.21193514501488,-11.772155149390352,122.79942177307956,15.69309535780249,-13.000348253002528,135.20434967108153,4.233126236612184,-3.8082900290397372,129.46190041841348,3.7079096078100573,-0.6908527982061298,113.45311602972687,0.5188156050711745,-2.6065864401477574,104.17954954508794,7.128870281671133,-1.9360981152538719,108.91759707382002,-0.5520127442840053,1.7470848911353192,86.57438410865926,6.991901356372921,2.718416636122594,96.30901008311898,3.0973470567144563,1.8954504888721289,101.37319269551506,3.2572584449584694,5.059752833471367,114.52168914104362,-3.419470067942446,-12.835692113584617,88.49972173596505,-0.822013000173807,-16.491967593873266,104.62617695639356,2.6010478651429083,-15.363215186859238,113.58975584642631,8.471349153138005,-16.530518656546842,124.42201910068499,14.431521232465842,-20.035056471737374,135.57924227741927,21.84057204871889,-19.823231369495716,157.20529070335036,-4.132453894235759,-8.898835331169165,76.13530668640067,-4.315494057479667,-6.274417473349053,76.69235803712321,-4.258926444399371,-3.7186148545880306,76.78483369374655,-4.026322167943938,-1.1899309059453758,76.58167281916289,-3.4630194645671772,1.2067890114571027,76.19708041821026,-2.61688423607755,3.3024523796223684,75.16658041512125,-1.5977051697972962,5.461938909539434,80.29519308871248,-0.12080631948759171,7.676737681213579,86.02204702039596,2.294991713602472,9.353678471046205,91.94262070408702,4.87660399617797,8.975590849805972,88.76421367511215,7.788547831025028,8.555812715052621,94.88461349651301,9.879648921789007,6.7767070138888394,92.7931399809569,10.21685251883762,4.009292619610651,80.72835986020169,11.073236988689855,1.538500886763133,78.56075280509971,14.604529074000464,-1.3717042347413209,96.16771525069824,15.217760985492546,-4.791277910516127,95.07489188718235,15.658292611634472,-8.482152714223885,94.163454002647,3.2572584449584694,-1.9360981152538719,94.88461349651301
163,2025-12-17 11:23:39.226118,-0.007925980920722919,0.05213583402449161,-0.50578670255938,0.01084999131245167,0.056449316346172514,-0.5089195018569314,-0.03757213904983949,0.04872086216738545,-0.5006877173536293,-0.05737473515172917,0.048482475163414966,-0.4969922631722097,-0.016652605086413273,0.01605966116901884,-0.5100091270637549,-0.017091620380572034,0.004211901405600703,-0.5123363358755454,-0.0033293058325698736,0.013850845815603498,-0.5136294191086189,-0.03355019730360828,0.010162839899029484,-0.5084700531008508,0.0018893710224039651,-0.00925576966928445,-0.5187482190960996,-0.0379252048741159,-0.01331427558971404,-0.5118813223609423,-0.016450351613170364,-0.00848265732559591,-0.5150264203003779,-0.015075371468101905,-0.021696801077551904,-0.5179383429442386,0.01813877490172534,0.07403341688803416,-0.5066307475518661,0.003207172329093793,0.07960508458019318,-0.5027356883267247,-0.011845974388086829,0.06840846026483872,-0.501771877550508,-0.03387992590566973,0.06680506688142512,-0.49765774111349753,-0.05209672033953835,0.07323152196881859,-0.492503314985496,-0.06769346963294408,0.06267324696127691,-0.49193048304850306,0.025570018988389655,0.06027165375744333,-0.5117298765444236,0.026799757027722075,0.04291579800682266,-0.51535351415386,0.026566927438106087,0.026156766255777956,-0.5185594757639087,0.025142438431246278,0.00915158344351924,-0.5210137480100532,0.02163874299972562,-0.0070532678496868185,-0.5240112744222466,0.01602481137350779,-0.02164950365610564,-0.5252957403013278,0.008556664995546333,-0.0342733093020871,-0.5254622805219504,-0.0007945500655574452,-0.045426095079588454,-0.525876506392888,-0.014299284115377299,-0.051809494369525574,-0.5237373602404591,-0.02973102361847342,-0.051137227538740684,-0.5209772164176872,-0.04322842451737344,-0.045160762527888414,-0.5172482703826521,-0.05542297632029261,-0.036236617407307645,-0.5131958645780041,-0.06530686403838297,-0.023985290647147866,-0.5083503958886627,-0.07220981335866904,-0.008724666841548915,-0.504806922845607,-0.07638544716151402,0.008192897070561336,-0.5006158404548053,-0.08007033292698351,0.02603441011703414,-0.4975855319429677,-0.0824203198267247,0.04522058755390945,-0.493925665636841,-0.016450351613170364,0.010162839899029484,-0.5117298765444236
164,2025-12-17 11:23:39.356306,6.49664855740196,-40.857238176115445,393.90193494907646,158.80780025671243,857.9166107655464,-7720.677093947544,-70.26629710737794,90.95824033999381,-927.5539611355684,21.729994144899347,-18.433562516235725,187.25961487835028,-1.9543565201594437,1.8930302799984173,-57.343694884124965,-3.3708160078806944,0.9259493213143946,-96.98937994956307,0.1605188457269573,-0.5702543289275084,20.527658186774012,-19.620858078327892,6.26748849927602,-293.32450022302385,0.11844319702474818,-0.9568433329281282,-57.91982868418831,8.029493720190736,2.6355146275608674,106.63953720348402,3.8639222199165455,1.736087522358936,115.55975806508837,4.334050340815557,5.757170635028159,142.18993226148714,-3.3247591314817027,-13.902353945459298,94.80988049321545,-0.8620799169758356,-24.99051152659528,157.62081036221974,12.203959755682751,-68.04170536541483,496.83267061336124,11.80965789265324,-23.172207639304926,171.66813608283175,58.48821483957598,-82.14858693271731,549.3987339111795,38.028623647779824,-35.27705137462572,275.08025094398175,-11.707993462037203,-27.586591726659176,234.21122197343877,-5.794081560328621,-9.292426341444648,111.544859522383,-6.63565093888086,-6.510359335932977,129.5080215670379,-29.330051813817775,-10.736465647725108,616.6170993005343,7.861517416261121,-2.627265717458657,-191.3323807582447,3.665707376714288,-5.067838017209976,-123.00481922251925,0.9472698487611967,-4.088157823325242,-63.434438427251266,-3.265714112705427,-96.25757005637504,-1124.419042850341,-17.358077135221404,-58.597907155167334,-601.7014656713105,-15.325813655072444,-25.386006571474283,-262.43898176349586,-218.25494793497703,-220.43177936916678,-2568.872143585892,19.710700231888005,12.459779012929898,180.32221029825783,37.27881981026082,12.95423054493152,287.971881842911,22.71017373088022,2.4993143017864843,157.8752680773114,38.23709792415093,-4.466909318787984,249.3632140525046,25.17222329652814,-8.298795173540418,155.85454150780853,46.30843901646733,-25.630458029768167,277.3370018744354,3.665707376714288,-6.510359335932977,115.55975806508837
165,2025-12-17 11:23:39.488028,0.45227056992723474,-2.6542113345407086,25.415263207140136,-0.4826292865730093,-2.7922179482109195,24.981369322865977,1.9428487975900055,-2.5042879716507698,25.14615165770374,2.980693651827702,-2.5463846591366632,25.48031418881847,0.9282250362629688,-0.8779591282406074,25.51070234788035,0.9671129441121104,-0.27288168786008393,26.003031029388005,0.2623926171312914,-0.749209516893861,26.25529565213939,1.766037739865732,-0.5810023200002244,25.66573663068275,-0.0003243973787586456,0.4360759482309191,26.423297619217777,1.9580899162354546,0.5875376707464811,25.472232361825824,0.9120202629696187,0.3476217734567121,25.629222515653666,0.8394929334366221,1.0011527729304748,25.665305454809502,-0.830658471022607,-3.6041210601199114,24.704817457617033,-0.10590997703940998,-3.9642865684632156,25.006950729506478,0.6487920031724925,-3.4405390081777028,24.962985899263433,1.7365723073294155,-3.3870118968574836,24.94792900995824,2.67591755665883,-3.7748653765603026,25.02617534920075,3.51843038652872,-3.2844218236645877,25.299331996986915,-1.2099540670068631,-2.938520006441888,24.943171705332134,-1.2565706735638023,-2.098330681813016,25.206891725710413,-1.248239681999289,-1.2795916173279716,25.415874498696187,-1.1815997460508012,-0.4587308593914709,26.001794011924662,-1.0213330599237902,0.3557988292976688,26.103360275035126,-0.7281551380125582,1.0785401454928614,26.130716990191836,-0.3320690050685647,1.7126469126935235,26.30792609760393,0.13928770335404844,2.211857040808325,26.003802028800315,0.8179172180935075,2.517947866670752,26.06521046299568,1.6197687727207102,2.5257889484130556,26.33902797745241,2.305805226411062,2.209067672731568,26.21013442695867,2.8635818222706186,1.717721901229334,25.67967779056899,3.3958638979505604,1.1104855958079072,25.845097402679116,3.8131594773930724,0.35829340887680194,26.24522375048987,4.056810300423167,-0.5249728937336497,26.205949840343465,4.241976004120036,-1.4454900468637997,26.138732199781778,4.290739099262736,-2.4159045198166895,25.597281775318397,0.9120202629696187,-0.5810023200002244,25.665305454809502
166,2025-12-17 11:23:39.603933,3.9540649254976334,-21.456066396269552,203.9278593617867,-4.586994819038879,-28.925911997241165,258.67042596871244,17.02135904075036,-21.550491896233964,214.86585210282095,26.403022606815597,-22.496511930299548,221.96577058214632,7.368573841460284,-6.753006293708963,192.567825264407,9.572066607401393,-2.898923857618418,245.35944831260798,2.1154588347907812,-5.497167329885025,183.30398782785358,18.03642665053569,-5.9873384907786935,254.8146079219798,0.36314523412209704,3.2805364571750357,218.61607646703618,19.143662540262113,5.408788725982989,242.1449799457088,8.859152711777359,3.032065442522405,235.54417990438955,7.82720195505993,8.61166137891796,224.894709243413,-8.54664857258644,-38.77903484789874,265.8041485484063,-0.49327684231203167,-27.537487345943543,172.90919275905983,6.009395496383335,-30.062877683204302,217.14629958523932,12.703170541648639,-24.249254116310084,177.68138106824742,25.394136814621746,-35.38693374325342,233.16557629013323,26.02109375439881,-24.206826774481993,184.3693896309776,-11.973137542932193,-29.95167281841071,254.2799419932517,-17.72291626336865,-30.305327325050968,364.27439172665265,-15.237139173663017,-16.171198524321436,320.8490679563783,-14.658896344885747,-6.077127512474562,331.64311156370997,-10.911784390130425,3.738803304157392,291.6470751735063,-13.571268764683227,20.8890087138754,516.2891963238025,-3.147394784069057,18.77685610901462,294.62595322518854,3.639871772862279,42.52852129703601,505.4872372631226,9.80893328253293,27.799802004538545,292.19118723287113,20.065941961815057,29.760480893812584,317.2809940553064,30.065995897477336,27.541686582542024,335.095944453675,40.48525218437388,23.373087559456305,357.03980574589406,52.73272508292911,16.40332979208159,396.0282804884897,39.87458644559685,3.112452377548406,271.471042994368,45.0764330714914,-6.406857765885476,288.2882972045741,36.28244719168075,-12.735187761842752,221.43695732589322,53.91395312732581,-30.56725213190001,318.4665823600241,8.859152711777359,-6.077127512474562,254.8146079219798
167,2025-12-17 11:23:39.735557,3.0727645167147233,-15.219660365171052,143.61901603768177,-2.314281372951653,-16.661415942071887,146.96981151089773,11.13395341273388,-13.909888230844174,137.72564763737356,13.344924061429511,-11.28358884990696,110.64724281293292,4.942240477201184,-4.422694499256791,123.81235119672708,5.110397448244759,-1.6551775926863015,125.7538146397166,1.5537641766279329,-3.5736091206161293,116.00979132527843,8.900307866829785,-3.0334413668839613,122.30682731494176,0.4178686829060623,1.6202944278496685,119.80986844945932,8.521026274736544,2.205261432998752,106.06614276105951,4.295933049634706,1.2666154861094128,109.39678715820129,3.7458850001982418,3.805662037573848,103.2150088399034,-4.386055468405194,-21.451151625619467,145.4131906899657,-0.11118164907222688,-22.436486590135125,140.75872054190066,4.573482637870934,-21.566699628456615,155.0551922225431,8.154659491539267,-15.219727212370083,111.50367807901875,14.21733441907149,-19.551761957858737,128.1885283487297,16.357825605174376,-15.072405712032241,114.72736289986759,-6.070986462601694,-16.1105018553218,135.16474202533783,-5.470278516170492,-9.950245395594951,116.59812766503569,-5.87919765728459,-6.7895382934003985,129.09834589039414,-4.776937469139345,-2.3014902449466965,112.11857378122978,-3.7636991785562475,1.1179672268480805,105.68720934428133,-2.4742480288507784,3.772105676093694,100.12426535115218,-0.938511622585804,6.123435138271306,99.7651339880271,0.8161359067624395,7.679273056600245,94.46060525094217,3.455857826227672,9.211349444025815,99.14775256010967,5.970987032890575,8.506511516856959,92.70216970461166,8.687248519481406,7.665749606432221,95.79479973245137,9.972287624670997,5.518286865050136,87.31278082702495,12.904063902853665,3.7574134385508513,96.07525400291546,13.792839317475682,0.9198691859645979,93.16415219067872,15.351301924658173,-2.30769541757869,97.33116122834407,15.49759856963881,-5.469389477373852,93.81269995353873,19.774827216176032,-11.281910447688924,115.76308264324797,4.573482637870934,-3.0334413668839613,112.11857378122978
168,2025-12-17 11:23:39.861574,0.8109833122781611,-3.8747697754057424,36.577220189333005,-0.5627880485969905,-4.248622066124882,37.49884423006247,3.01237262600477,-3.7341031820451276,36.95380690860333,4.531865593068396,-3.8274422278047653,37.201573320592836,1.5167199030500842,-1.3440144066693585,36.78098580279191,1.5551321590165221,-0.5199483871289059,37.109970682367475,0.5638874662442596,-1.2175013206581675,37.85656816566629,2.665431940019277,-0.9234689036136836,35.98279697093513,0.18947058176762147,0.45162949929026436,37.090396013163804,2.995814741379141,0.6842929731507063,36.58679791889661,1.495591588859989,0.3612937392208462,36.419172515939266,1.4028221208381275,1.26354531987261,36.41501622065628,-1.1119185253223287,-5.584094535995122,37.88945711425697,0.0022117345033742446,-5.813453524436923,36.502973373357705,1.0831375770789289,-4.970076181961096,35.89776555270126,2.7807801044694536,-5.109961276671699,37.23888115975651,4.021903479734131,-5.503630742537367,36.068852985056786,5.240502366829416,-4.823986496075317,36.5307051793281,-1.63543772468352,-4.462039612049101,37.398697385810266,-1.7585127185718183,-3.3722436644517115,39.12820518238516,-1.6365726424429266,-1.9799635947582503,37.1741327225074,-1.5592428658630568,-0.8484256539088392,38.67804368978855,-1.2642913051024585,0.3243610511649639,37.99374364897053,-0.8383410116272931,1.3558135891180754,38.29572655641609,-0.2641949213709338,2.199209585671664,37.502191920251136,0.41800983193836005,2.874222917537593,36.70589402963109,1.3289252340273436,3.232240044797372,35.90354564086578,2.418692068086888,3.2095436911451625,36.22610909453222,3.4485030894280313,2.86602729487227,37.192706988750004,4.32300951779159,2.2128709292945405,37.100224059155,5.189659620911036,1.3862067095811061,38.20412164049238,5.666764338632761,0.2680825094933711,37.84642824383635,5.983064150354833,-0.9760258449711607,37.61726397855829,6.353402037426224,-2.303770385426528,38.09499982893009,6.217745435175902,-3.5582817824508908,36.229870304935886,1.495591588859989,-0.9760258449711607,37.109970682367475
169,2025-12-17 11:23:39.983226,13.779224557877166,-60.270392203921745,568.9953556116172,-2.27100660032592,-20.14225198698713,178.8279129015152,-29.827494534912027,36.175941615384055,-358.30637695015906,-22.773502628740648,19.05016577167018,-185.43286234690032,0.8393208409548519,-0.7207381942632928,19.297483477723688,0.5853444200807816,-0.19359997549281918,13.274311730972897,2.531089641696559,-4.766580551582113,148.55549907718338,17.584929414412848,-6.171703164139041,230.3193869424698,0.7783966063085416,1.1341640491389047,100.16124082806505,17.198832983813325,3.5468308827746124,204.88133046888262,-2.3632731528894486,-0.4704345083506283,-54.10526265641033,-10.860635370167314,-8.756955168535736,-263.9184926180895,-19.324767486485,-103.05341183323945,707.0151323000631,1.781007730878976,-139.00286183724398,877.2644933945535,30.85531362007788,-132.96982218316202,960.3512061525369,364.5946465923813,-655.6295914615272,4802.068066900627,46.4819292516429,-62.904126563585265,412.65437843623255,-35.526512313960914,32.51210626096562,-246.31362323975623,-23.576864583821884,-67.1821772253358,567.6254082857248,40.69016991412515,80.86407804811289,-953.7863283267338,11.36483558870944,14.564752043274304,-274.93827069306263,-14.109140885158554,-8.024372819587782,374.9162434655106,11.983544034413402,-3.2646327191598843,-391.9701998896072,-320.54039810505145,585.4039965778858,16631.604487518674,-1.8881464030073654,24.89637533637651,430.8510998661535,3.509963447544428,19.07193798652455,248.34247270444786,7.241020867087913,15.961136474315683,181.70501755004312,10.080121658096012,12.594965050981443,145.63865108357456,12.119100440717716,9.634991371263723,127.49110882779753,16.656196635712092,8.207409281495918,140.658661487657,18.324022614485635,4.698834242838223,133.2266011836094,12.971386411928872,0.5416254014713882,85.8341719611018,37.53189578217253,-6.299446899277007,234.7001745796746,45.41373329238678,-16.48874275882717,271.36309652432436,28.79913326950671,-16.562972961611163,167.20928275012142,7.241020867087913,-0.4704345083506283,167.20928275012142
170,2025-12-17 11:23:40.118787,1.0104631757153786,-4.062300727405042,38.101094034905934,-0.3827270382528277,-4.3137336333638965,38.056723338708956,3.2349772418768623,-3.835938146784749,37.68153229364241,4.787368278489083,-3.950272793132653,38.12300522919972,1.7422751689923222,-1.4115945152802511,37.78593125019997,1.7902114539584317,-0.5948473761303131,38.26078813030594,0.7393302675546729,-1.2530760488618145,38.22884194517495,3.01654477521596,-1.0531667114505152,38.61143599219974,0.40605077919927307,0.4065450929142432,40.8153278419738,3.4251522556650555,0.6660918515664161,39.9817495346922,1.7569987859539533,0.3258976909602533,38.75702278376277,1.7157686848435092,1.3067736691417549,40.253600759303204,-0.9578036371570776,-5.6084068619643785,38.24811447466256,0.15778560352630272,-5.86559304620254,36.817992424154326,1.284054117561129,-5.176801894725315,37.204286771214484,2.8701470596182252,-5.042541555593883,36.72640347802472,4.227987958346724,-5.602768259513211,36.70470742717655,5.464725542887047,-4.92802645200969,37.11882272985604,-1.5328620357222325,-4.650392134560402,38.98544783008673,-1.616374075902706,-3.427987253721559,39.773127837022095,-1.575097191595562,-2.141516134644768,39.76330412967273,-1.462335089669,-0.9354519433303694,41.15685788283242,-1.2156582969133678,0.29455434258743657,41.7617928921047,-0.7496141815833213,1.4354496505237753,42.304531757482756,-0.11824354257176505,2.4163667372582283,42.776077048704394,0.681965862292106,3.260864389619388,43.20592110414118,1.752241231096878,3.660104008054334,42.34926049383027,3.047871759281656,3.6722209413780327,43.21029660855804,4.158038186988799,3.199658075512904,43.11150148147151,5.045560287463949,2.427627739457547,42.347785654289005,5.806185488886769,1.4263402752755316,41.845786331979596,6.249046258406283,0.23241453687803598,41.13324860970459,6.604915071239742,-1.1234082424288026,40.94480104946547,6.744895144539437,-2.4451314317183295,39.926219846507095,6.73212861543623,-3.8329813177812952,38.7306035935973,1.752241231096878,-1.1234082424288026,39.76330412967273
171,2025-12-17 11:23:40.250560,-0.03164818169512872,0.11495761499099723,-1.0846068526461836,0.0076773077283392695,0.12122150853664897,-1.0770648608643372,-0.09740437712684148,0.11293731720036092,-1.1086119549818834,-0.14433986878302812,0.11763316415550922,-1.1354176795896729,-0.04809193641997562,0.03718195685106687,-0.9787712528802581,-0.04720019637232348,0.0153040490209944,-0.946912074799731,-0.021870093201437252,0.031571289446035496,-0.9603559775646623,-0.0786400452104156,0.027244531375074873,-0.9773268038084227,-0.011488490727327227,-0.009594049098919926,-0.8974037858685695,-0.08098720049890565,-0.015134554605597468,-0.918012248936048,-0.04418530358695366,-0.007118448209192634,-0.9140612328726654,-0.04013893735341664,-0.02864424579327974,-0.8813895302480744,0.025116039418527657,0.16425200945948926,-1.1317510130843822,-0.008449209751226799,0.18665308899568642,-1.1773690872339704,-0.04287931175521462,0.15972726482966992,-1.1530683596734215,-0.0948473030365183,0.16167088686680436,-1.178018314153661,-0.14461044202611945,0.18896692533390982,-1.2383305770352773,-0.1797949689794918,0.16112576372487264,-1.21188190937579,0.03905065566469103,0.1262182525890963,-1.0718156701035613,0.03824132663706719,0.0858542446840796,-1.0139503809961132,0.03490289564455625,0.050663640605748766,-0.9646360205644376,0.03011957800852511,0.01960791889444254,-0.922605209969632,0.023241541496344605,-0.007552840463555263,-0.8863803808141423,0.012752946257422291,-0.030353966320457622,-0.8579756615840002,-2.158237449325741e-05,-0.04848178586921455,-0.8372736117362656,-0.015195614861347186,-0.06320231399735426,-0.822490605441964,-0.036169117060940566,-0.07135245409118085,-0.8189593902515715,-0.06025109161527057,-0.07110474332069336,-0.8294410845752112,-0.08357701996169843,-0.06360654818004868,-0.8500252561547692,-0.10617789090917967,-0.0504974612382979,-0.8779904691945895,-0.12840215125186033,-0.031248195742587755,-0.9150316563450328,-0.14721687362661498,-0.005387183498424296,-0.9601702924200554,-0.16457915800273037,0.027740250068237673,-1.0144762082586647,-0.18284474688251176,0.06605941147106933,-1.0780824217372609,-0.2015109964227668,0.11433089410156357,-1.1547374800895316,-0.04418530358695366,0.027740250068237673,-0.9646360205644376
172,2025-12-17 11:23:40.625715,0.4317745632332691,-1.4244406170424377,13.368157362691159,-0.05819644870358159,-1.5055937050550934,13.277326883254988,1.2229312919763384,-1.3691342078057254,13.450050155259241,1.7390839239382554,-1.3832685706307597,13.325277237796337,0.7025955837556286,-0.5160644169517532,13.549980100154247,0.7116122543795378,-0.2194687416971155,13.531938194948834,0.34435128234693096,-0.45612650228627843,13.523056420353834,1.1463391243511762,-0.38347196076909673,13.754928163559303,0.21197262618706345,0.12432144472026613,13.738863759528565,1.272329326176809,0.22200132807600864,13.930389683530848,0.7016861753938454,0.09735302597036606,13.695403082651712,0.6742791357750103,0.44283752797352643,13.955543755946676,-0.2571566789289232,-1.9490084102508212,13.36631329217113,0.13311072862226028,-2.1048532711275185,13.2734989792423,0.5322706214069208,-1.8382573910050364,13.270215446262865,1.1118853909391055,-1.8175025994844207,13.238478581334027,1.5855769251068146,-2.009996087735881,13.169638389651938,2.020767864053233,-1.762790358785762,13.339224247745005,-0.44808074774359224,-1.5921174962222022,13.35217746703919,-0.4713103636789958,-1.163647894569847,13.508356016782516,-0.45526166215775954,-0.7343677276284778,13.566446251858764,-0.40421741831745256,-0.31745016748580246,13.606708622878287,-0.31878806648324254,0.09005235249837898,13.750118941955902,-0.16778766836720202,0.46211300232712493,13.920992146369652,0.04258986576241953,0.7880993989113435,14.105784632046293,0.3003168544879528,1.0527566135349642,14.11209630066147,0.6659931121782771,1.2128894280005014,14.150788135993945,1.0764792209626663,1.2002498463767313,14.222700399319361,1.436783066341891,1.0404268562207237,14.190500728055712,1.7580661629114889,0.8016072207842987,14.137326695704525,1.9947545827648767,0.46325400390571375,13.861765551378307,2.1754002510510624,0.06631123447727447,13.868761043308853,2.2794565451368216,-0.3769878558314492,13.750553885445521,2.3272119788800185,-0.8314776698804233,13.420313110980638,2.413897841055942,-1.3415071135134107,13.545266977744792,0.7016861753938454,-0.38347196076909673,13.566446251858764
173,2025-12-17 11:23:40.799510,2.0434739215789524,-6.027343130980171,57.21745055500358,-0.07820372686031445,-6.391095712472436,57.05540653456762,5.382738917257637,-5.75981095106914,56.99371080173303,7.25394793043647,-5.586451657811196,54.32590099401399,3.0024462560783425,-2.045291486217179,54.132259172991326,3.0865588108431963,-0.8956776128834026,54.92366724281465,1.6573384710941939,-1.9191841226618447,56.81462115880723,4.9583895109464935,-1.6165907097611385,56.580208351420836,1.1537518608600998,0.43958702362504753,57.91698148703761,5.808449791664214,0.8535468958918518,60.35604573667319,3.2011305317806618,0.3622316731529723,57.71352738022816,3.1110595620171653,1.7223143654369415,58.325582880070286,-0.914662232957646,-8.38477454865814,58.149164752023026,0.7179283305775526,-8.716106582892689,55.57736802113077,2.330095893060092,-7.4335653304436,54.192374607715195,4.689249208506745,-7.3387064027458955,54.01192274318995,6.573304240178058,-8.06245857841334,53.34577852320573,8.657685719023485,-7.346672165960657,55.81093842879318,-1.7711524782311356,-6.9833333535694395,59.190408342128904,-1.8308659171903472,-5.100782713386507,59.7965771147741,-1.7706611695452652,-3.274367976340669,60.74581022407173,-1.5338298132126547,-1.440111538813098,61.695691582575996,-1.0643783645137828,0.339949534213833,59.96995518575872,-0.3883013124722589,1.889102482957668,60.711505122674204,0.5725334218951048,3.2480238191792643,61.71281001090772,1.5991795771832895,4.217383777240122,59.20175278122856,3.147852740701439,4.895643593608487,59.699099016661734,4.828499239621279,4.796585333918626,59.38191740078737,6.526513556158053,4.298546541839739,61.34918649576516,8.24829094688491,3.4311416184851447,63.719767286453056,9.36299829391617,1.9983845211767641,63.14260448482493,10.410805919773834,0.22795945761077266,64.53855694416826,10.79108678204007,-1.7774501587773746,63.41330252724252,11.095056003976385,-3.858022236202082,62.66482975419382,11.682069274775055,-6.333222761161429,63.97795221957556,3.1110595620171653,-1.7774501587773746,59.190408342128904
174,2025-12-17 11:23:41.091293,1.3705242718582011,-3.636765680348451,34.797551285431545,0.079334486637248,-3.8214260652819743,34.40700699177015,3.263598700300544,-3.3441485131722297,33.29632658520352,4.660887453462213,-3.459824251238418,33.82191497106904,1.955293656799328,-1.181744198669578,32.31583516445789,1.9494855241861666,-0.4913296314155025,31.786740576016463,1.1035967236442734,-1.0824208980389258,32.91607061355836,2.988198318137403,-0.9066037721395949,32.49936029548206,0.8092211472582402,0.2865776330991379,33.70835005204805,3.370847030177677,0.48447681513118124,33.682236753582586,1.9297733178625038,0.22788774532009254,32.168754637957974,1.929331504019706,1.0160240849250695,33.519299165185075,-0.43953332997310635,-4.978932360903498,34.84918568834194,0.5534300183426012,-5.1871315731419605,33.346794091966856,1.5347956585536005,-4.417598501392877,32.40649767536765,2.8950687722888553,-4.305615872662388,31.848629860621653,4.124232766824801,-4.883680629382509,32.430249350825555,5.176078786381131,-4.290286701157602,32.60965099943415,-0.9917363132265836,-4.25803822639028,36.39656520735305,-1.0230972872639492,-3.092207735135056,36.84435242408387,-0.9762546977646593,-1.9602646479466692,37.320241575774155,-0.8341397717332076,-0.8308964685306295,37.80295191117408,-0.5318254368782999,0.2604812486508735,36.93181323015665,-0.10169156216434656,1.176634378801376,36.24620820235938,0.4387107866568438,1.8418042607811789,34.40201979282093,1.060042787758116,2.462602111999035,33.97241989681558,1.8647022208120345,2.7125334428664076,32.771408158207684,2.7438260558427205,2.6129743341074194,32.09347118470638,3.6267287426152177,2.325987561457887,32.95535833675825,4.349423565959552,1.7683829659614665,32.82328389931473,4.917845600564573,1.0159222851020127,32.56706680720725,5.5265703615345965,0.11548524042678646,33.77827952891949,5.792870186988478,-0.9467547959147982,33.609700320846635,6.028717875217892,-2.0846804889606285,33.60456979751619,6.131104823001309,-3.302885020833228,33.31056577360811,1.9297733178625038,-0.9467547959147982,33.519299165185075
175,2025-12-17 11:23:41.208624,2.4256412361043096,-5.810195034602106,54.803789361520984,0.4180133078289685,-5.921328227059742,52.62690554564178,5.2587627036943045,-5.190320893214769,51.68497733968435,7.519186387679295,-5.460010207960252,53.37662818591587,3.402141168591181,-1.9862697629568764,53.186018954893186,3.350476165120999,-0.8490019662742015,51.99089620309892,1.9735239407685718,-1.8180531501155832,52.741824581526394,5.155797037416167,-1.5544785134022758,54.34172886112158,1.5377683070087063,0.3106060452230013,55.5885337122022,5.796554322733033,0.6855803497387978,56.49687087145166,3.4752569470644654,0.3028037449404462,55.136498937029295,3.324969300374755,1.5076351060500803,55.06029782287034,-0.34288735909959617,-7.465320924382678,51.67133944861272,1.0923398865316372,-7.6899398217298325,49.406750858540576,2.55101032887385,-6.635615891916362,48.908865314140705,4.788203406226282,-6.771928796761689,50.62102502573594,6.584152923532455,-7.508884691672196,50.392796083316526,8.593697948034706,-6.915245603598681,53.14879783449173,-1.112512632057661,-6.327194207146452,52.831930348600984,-1.1485629214668842,-4.578567541598813,52.30887548043764,-1.1079141668267933,-3.0618175189459085,53.82607078682802,-0.942745316680518,-1.5213957323441236,56.597456691582295,-0.5431324535882464,0.11517550536114073,55.74829735956743,0.09077604096733426,1.5690924952029186,57.15991313891847,0.918776425180785,2.7590772875042826,56.08988987909857,1.9613359781122062,3.9079443666373113,57.347650236498765,3.3187173897959266,4.440368754808452,56.10994055417905,5.028885963195599,4.5400822164855255,57.870200236823756,6.491933000456458,3.9403959260141397,58.23138360385327,7.921686886284433,3.0588306700991352,59.24891913036958,8.54006148710307,1.673563626389204,56.22248155010979,9.715957088133221,0.11462465484182019,58.87793279791177,9.55161032437377,-1.583901950766378,54.894817809442706,10.317921110057297,-3.5251530757105316,56.8227823239633,10.387112518631568,-5.487269319742018,55.7485998520013,3.350476165120999,-1.583901950766378,54.894817809442706
176,2025-12-17 11:23:41.330713,-0.02977173971768856,0.06633183974138336,-0.6330005471175717,-0.007047194932705341,0.068789066575182,-0.6186413596760523,-0.06872631466783978,0.06595313847487234,-0.6571160836824292,-0.09653248656189094,0.06901906371794941,-0.6748951521654162,-0.0427779437572281,0.023638530706877308,-0.63267625286871,-0.04299916268881471,0.010731286586295644,-0.629757535857602,-0.02558103204639372,0.021446112601785812,-0.621084015270249,-0.06336741491932342,0.018504588685714668,-0.6441279534585703,-0.019545611028566588,-0.0037971477002019085,-0.6119870870926112,-0.06822150001705599,-0.007855097912388946,-0.6419068682943065,-0.041903044817851925,-0.003538190465762391,-0.6265595026506992,-0.040246883989992994,-0.01685107209608937,-0.6224346257534559,0.0022021978860306494,0.08819552159785513,-0.6170521310781825,-0.015871597874197108,0.0975930293127753,-0.6306293638865113,-0.035377767038252565,0.08664094356632403,-0.6400033045915353,-0.06389287275814944,0.08800827760232728,-0.6588762747998582,-0.08990972455945694,0.10098348104656724,-0.6775052109576607,-0.11251953281879858,0.08962872024366857,-0.6893888481810991,0.010474232399398821,0.07172003667833264,-0.6079249277616223,0.01071377842230982,0.0519246493682307,-0.603498092594168,0.009754045125891796,0.03314145004960371,-0.6006889636214297,0.007236322615137362,0.01494431585861894,-0.5983055093177762,0.002961301307563617,-0.00205912234832533,-0.5975823162827578,-0.0038560364099175697,-0.017358844068510848,-0.5988799719193058,-0.012881366975114354,-0.030233637849775744,-0.6021297412688563,-0.023769100719472167,-0.041859026183169806,-0.6069439755926282,-0.0394868613651645,-0.0488229676489582,-0.6153227957386432,-0.057269387087043946,-0.04920446815693539,-0.626894019879886,-0.07386453007808363,-0.04311661482844064,-0.6380571286547932,-0.08931559332858616,-0.033546049752460186,-0.6500413574040707,-0.10285622399395508,-0.019337532366361262,-0.6612008720862503,-0.112611757377391,-0.0011176242490605866,-0.6708860629353189,-0.12013438729500946,0.02020734006466823,-0.6795593566480606,-0.12635685696225263,0.04285159241426187,-0.6881733660783285,-0.13072790040253673,0.06846983850705599,-0.696046887727203,-0.041903044817851925,0.02020734006466823,-0.6306293638865113
177,2025-12-17 11:23:41.456308,0.9670635538854682,-1.9798281612877908,18.79349001098384,0.29841445711254766,-2.0949995359443765,18.830508953878475,2.0405884692729264,-1.9096532955476828,18.98267090117842,2.7882365147848045,-1.9782802398681052,19.27285273751519,1.3954155905334151,-0.7352481255898362,19.452827606641904,1.3889574995499308,-0.34009620987683986,19.338655039891403,0.8742580450607256,-0.6732768071819175,19.23278373536904,1.960397244628834,-0.5686829153880829,19.35652049188326,0.681851006804665,0.10419098504661779,18.791644645953934,2.0785827257145786,0.21844240213396116,19.049100023067645,1.3691213118851044,0.0919840012024813,19.22354311802862,1.3420014520134065,0.510464466548718,19.649929013922343,0.025806979189447826,-2.647905506505604,18.54744509294271,0.5639763290078036,-2.9076402275055147,18.804137675306716,1.123208436648327,-2.577583511279654,19.08702004980645,1.9121515285925132,-2.5446625558781943,19.02299971610014,2.5917041906736067,-2.8650831773396375,19.232713728005834,3.157381126095149,-2.495809107224696,19.179024146763933,-0.23154469425752847,-2.128160888799815,18.07787227621998,-0.2431699025633027,-1.544909191156991,18.078578727760732,-0.20777867169358047,-0.9959005261605915,18.224173196605722,-0.14106425982456228,-0.4543111122456318,18.206838976150028,-0.012788371407978486,0.06280978635832898,18.331221456880677,0.19627983681532166,0.5320778734684983,18.43892467119058,0.4738338495622517,0.9247155937950451,18.520542059643343,0.8217165926440593,1.2913042815881057,18.93889588291562,1.2843325582791734,1.4870094404512209,18.963146849036775,1.8007903564331504,1.4596056667708561,18.95431248228395,2.234679244819073,1.2512373450745138,18.931876544411026,2.6100125397273346,0.9390336551513274,18.69865454917006,2.897712959634516,0.5253350222271684,18.471167535726583,3.169789378118124,0.011432334288074449,18.806403774720454,3.3205647419287554,-0.5695218103116965,18.785943110415342,3.4459875019165778,-1.1794413665094057,18.760612840520405,3.5183601450229403,-1.8464520970203666,18.72570801821679,1.3691213118851044,-0.5695218103116965,18.830508953878475
178,2025-12-17 11:23:41.593691,0.2193722182425171,-0.43326348403044623,4.086018770349004,0.07505332877197866,-0.4606419998607366,4.11766512680643,0.44725026891319847,-0.41241854338710365,4.073610814819241,0.5982928323085879,-0.4192096656610293,4.06406215007002,0.29616908132317504,-0.15111546759682412,3.9686659018910437,0.29963827727419534,-0.073613084771107,4.003839148326449,0.19483440805806368,-0.14550623789211056,4.0572567322420126,0.42220229154162414,-0.12172317600703232,4.045324866003315,0.1561951567741387,0.013901000028733193,4.115221587622419,0.45609912243648104,0.040935344599732124,4.086476097616398,0.2954676260312437,0.013587322529361472,4.007550175876034,0.2897708176786442,0.10222134411481848,4.059617392293618,0.015723098623810793,-0.5906062543340773,4.134395050595027,0.1340204026536099,-0.6242444523208541,4.0530056045670495,0.247888336926636,-0.5427538388289984,4.022649024509968,0.41228395311105914,-0.5353985829357192,4.002812279557947,0.5472680099037656,-0.5941044140843019,4.001694510623567,0.6767963133686703,-0.5285905442156072,4.059563377023621,-0.04787893722242868,-0.5041289214160319,4.230292919201267,-0.05051925912513306,-0.370020609944721,4.22616013718785,-0.0426239500739069,-0.24046454244362783,4.225612263075952,-0.0267070582005849,-0.11686595009466266,4.206479956184497,0.0026892537678056398,0.0021719870968291903,4.192862397765344,0.051837609677055314,0.10882234350688175,4.191265441652599,0.1132724851721137,0.1962863530323298,4.174515268674051,0.1862023558184671,0.27287300442986745,4.141401178559886,0.2872391613469163,0.31347307559285,4.111078355617477,0.4011252348810786,0.30899421865519433,4.124091747624201,0.4989452095903619,0.2658792812200139,4.151037931410572,0.5894351730374144,0.20048566243281285,4.171355459021986,0.6607155911587814,0.10934050625968576,4.182138644439466,0.7137148557524365,-0.004150887225684488,4.193136318177456,0.745425799955261,-0.1329379421290901,4.17565112563187,0.7724565260862292,-0.2687241779898904,4.175538506172952,0.7859142908715432,-0.41558991734313694,4.156324226439664,0.2954676260312437,-0.1329379421290901,4.11766512680643
179,2025-12-17 11:23:41.723152,2.0704357191525595,-3.8669278515023158,35.741497042805484,0.7586817725700943,-3.9462400022793274,34.182211917682466,4.2193529716703875,-3.8267252959217823,37.00493926993967,5.610125931294387,-3.9154820662043,37.13821211715034,2.73519205715096,-1.2324651848596089,35.199203217195425,2.8277430738442764,-0.6623610791771485,36.09415034608798,1.8504747007810587,-1.348760291526072,35.58994960531751,3.9830327856607024,-1.1883769913072075,36.93589267003563,1.5309245608850588,-0.12851683774167344,35.791275720732926,4.289148211424953,0.12225926928289137,37.355194512251565,2.740799611241586,0.06498085769231715,35.69378869832308,2.670879302134432,0.6916376147721622,35.76371666798374,0.2787199467333188,-5.107897362495825,34.720057818988735,1.3389529692822262,-5.543851311234993,35.93737366434815,2.3148490723064694,-4.740900422717168,35.511994979199926,3.959867762970369,-4.872256200675316,37.01105542986952,5.219174337844604,-5.467396161986077,37.13184809591985,6.516153147071075,-5.041357178704402,38.03796808814961,-0.2205495219094358,-4.448890526938943,34.55341949775034,-0.2260456378994963,-3.44062106323855,35.44285876336796,-0.15141540188115205,-2.354936984504321,35.02575048621751,1.701738289707511e-05,-1.3296430638607755,35.00627126140885,0.24174544932414832,-0.3644642209685936,34.51861464029086,0.6699903711943709,0.4689806251512134,35.190374993726685,1.1872662225540522,1.2072968968857691,35.4887323450493,1.7617095264512432,1.872190772145383,35.30999689123985,2.7181336967371252,2.340300313695244,36.70759231763676,3.800017497613006,2.333249780901086,37.75387607593152,4.708006273400458,1.9170890838010914,38.32276349955527,5.679536501434993,1.3458937585343438,39.47951871805358,6.546462460047917,0.5277781655789546,40.75904337169363,7.097793649840066,-0.5436281400669941,40.98195209360686,7.606292526335649,-1.7653870872724844,41.79317826813542,7.955596301897467,-3.1101690911287103,42.09135820670053,8.085008146290422,-4.516558116392153,41.70934841909653,2.73519205715096,-1.3296430638607755,35.93737366434815
180,2025-12-17 11:23:41.850666,2.5269026987988745,-4.428392051295535,40.61496445752774,1.1792688301335297,-4.983152169131591,42.574559282621934,4.7250076200586815,-4.199310277217677,40.53579003739682,6.28661524495233,-4.329137277468262,41.055439563748514,3.1945022435494654,-1.4294190008888126,39.02219415911803,3.5485444969294107,-0.860534036717739,43.32531013931777,2.52436446100932,-1.7800850045301586,45.05477850303664,4.839802701043408,-1.4470728307367458,43.76529930846365,2.31431935012202,-0.26321927123390887,49.49833890280474,5.7623036516973665,0.09573385760688394,49.259809992237535,3.620249629426502,-0.010920152762263841,45.093996557634206,3.69852990756649,0.8144892448416292,47.21819575341045,0.5663152931457864,-6.068643321443241,40.98824395580973,1.6433800783998878,-6.037173213385444,38.999366539368225,2.697646468129916,-5.189976970530121,38.67516305502313,4.144435777167703,-4.9631650528218785,37.70322969137713,5.264756106597784,-5.404387025270807,36.77119356666526,6.902263054825256,-5.267944376411482,39.96871200228128,-0.03240717153565477,-5.828174442872664,44.737902370338176,-0.06661226574986459,-4.669320638089642,47.37064054584473,0.024146744709618938,-3.3139727393230722,47.796600731105535,0.23645964416557605,-1.9445865774604991,48.41398809562458,0.6110785798760313,-0.6726507832838691,50.693175271704845,1.2433928468742566,0.5659053556228423,52.88052065616033,2.0501455540575586,1.7334580106320074,54.64437802222532,2.948697189999404,2.7617566154167106,54.484634417436936,4.169504461112047,3.3313665102831655,53.97598801561835,5.67751386008062,3.3263821727511984,55.130999831796046,7.030716057747647,2.7503748508262253,56.45120190002344,8.307275860941793,1.9195026568733042,57.516066330333906,9.14736472813539,0.7372300024102779,56.86378252564664,9.621262323189018,-0.7083501349006763,55.5859387909306,9.924126805470971,-2.2658328757614625,54.696846185506764,9.641708796275278,-3.71476660276562,51.236290133840804,9.261357384653019,-5.124137504404374,48.001748211174366,3.620249629426502,-1.7800850045301586,47.37064054584473
181,2025-12-17 11:23:41.979873,0.5901059933405999,-1.0090508781590013,9.166394121837595,0.26661673506351863,-1.076452285843055,9.108749156942073,1.078323594965849,-0.9526105108560756,9.056487844120001,1.410805181397357,-0.9750857309660411,9.027769526630891,0.7634076202108538,-0.32533279952256305,8.999145888341447,0.7803966832627135,-0.19376846039352058,9.1316393366456,0.5404935910972142,-0.38076680962925613,9.150961494232535,1.0413554061665506,-0.32359030273979783,9.111474229079743,0.472070997290527,-0.08834109879878858,9.336748378388037,1.111146875241409,-0.02209649367344956,9.153248000242238,0.7652987668393373,-0.022538053156959795,9.106834023865304,0.7548797773275762,0.12922339590858659,9.136403219504755,0.13771086070684616,-1.3598663051304893,9.156069699038403,0.3963659214899792,-1.400103946244133,9.06216763030856,0.649141735605687,-1.2139300239592998,9.060429689152782,1.0040350426685838,-1.1798168728511658,8.957584375818648,1.3089761969420528,-1.3215271995888787,8.975440785795982,1.585761901858578,-1.2105114845104445,9.02060614538741,0.007213153316203481,-1.2409045530843725,9.35397816932386,0.007177960301523189,-0.9571042696679914,9.41116607397519,0.027204933052012527,-0.6811593063053852,9.40638250765734,0.07429303257446404,-0.4087995769846247,9.467035013277222,0.14791794845760708,-0.1599037572866757,9.46081095770576,0.263131492401757,0.06280653684637581,9.511949336148025,0.3945316418258439,0.25643380894702134,9.428120041331809,0.5522423659525628,0.4282023437021735,9.355914573372555,0.7656190185595599,0.5237905899861093,9.260974998785601,1.010315048066161,0.507594750912029,9.311149504702996,1.2151552676211699,0.39392403715259194,9.338902236670455,1.4006061520861968,0.244283040032074,9.357422247990517,1.5595509191285315,0.05175218391924726,9.368795302196066,1.658846437729775,-0.1864430306437144,9.307562372409715,1.7360004099584565,-0.4526047157961248,9.309890328654538,1.7826308372076485,-0.7298870466808077,9.25198644423696,1.8115638510430063,-1.0368837249278329,9.199624583514323,0.7652987668393373,-0.38076680962925613,9.199624583514323
182,2025-12-17 11:23:42.099828,2.0787980714959624,-3.5783673526178563,31.948411882996048,4.063591090471724,-16.157993745720265,135.6472784285278,3.5321794259375365,-3.11917398883915,29.1023757047986,4.777107847436505,-3.33705330864005,30.14577270747511,-1.734571417714167,0.7090956911758912,-19.386914322284788,-3.4382285398435943,0.8273781892122334,-38.83594535816316,-8.400434071010437,5.6290743987180925,-136.3819934284461,-18.839572262667236,5.899424003519336,-161.09362906318498,-12.68382557454962,2.2941098255298527,-245.6461137866113,21.058137961031978,-0.5145773570480355,169.8649214551153,-4.468250438028156,0.12221707784640722,-50.99011199245884,-10.536903073999582,-1.75417365832466,-122.4820591732569,1.1874232032437375,-12.476973099480594,83.03912907168478,1.7217461111379804,-6.071162830514676,38.8471242568709,1.6391606648766535,-3.0497433956040187,22.480098067178403,2.6310838302888553,-3.0532414377473245,22.81543865740878,4.6232576025086205,-4.6811409532253325,31.20149939976329,10.616938724233487,-8.22581303545509,59.91810324952852,0.15088862183020477,10.742563319837954,-79.53405812752491,0.2640998375124588,13.335556138412144,-129.18287041482662,-0.06261503970698297,6.265701714025632,-85.91755126994059,-0.3514051289996564,2.6984848706851117,-62.395975809839825,-0.645973251406822,0.747698624954885,-45.79793372927073,-1.8455267367355286,-0.5466736995799422,-70.20149903868253,-5.29754757810028,-3.645759305152802,-126.58906558878306,-7.456597038732594,-5.797412457796876,-123.16973701796246,856.8979550912004,575.1634415695255,10036.91328190827,12.568643867124175,6.192490813604989,113.63319993473927,6.5688766553411595,2.068215233111406,49.937881323201985,5.626309745907953,0.9184192767865113,37.38108755339118,4.295151464805668,0.08382709546837938,25.77983568371518,3.990886153020465,-0.5157414621219878,22.33160231467381,4.7491810078645855,-1.330050853781807,25.529760068327615,6.220432897676121,-2.6903235625266584,32.42124854848509,7.830462059576889,-4.675724744822377,40.00129790290341,1.7217461111379804,-0.5157414621219878,22.81543865740878
183,2025-12-17 11:23:42.223004,0.761913094972267,-1.2336471416834185,10.954074922936677,0.37098535558600465,-1.323919735451888,11.03558038627096,1.3558336168368057,-1.1862942561974685,10.911786518796308,1.7371802974823067,-1.2267001491819853,10.860427727069174,1.0539704920518838,-0.40954515846126593,11.190677177376248,1.0462324981045081,-0.2461061672637029,11.194196956724692,0.735443608466561,-0.47339977219763235,11.131038942962586,1.352499112646012,-0.4309301250451945,11.114910439563943,0.6338918832730325,-0.1185699133747807,11.19246676200047,1.4485360336102495,-0.06928458725685135,11.2687567716782,1.0430512217162806,-0.035507710681808996,11.264539693857925,1.039528744240791,0.14740355942582403,11.392306400432602,0.19575649410595744,-1.6378382523418733,10.895475318919505,0.5244545234403338,-1.7034798987917772,10.933703579753189,0.8433528844060074,-1.4837603814434186,10.98928798461967,1.2839760825118505,-1.4561292106043155,10.877754009897666,1.6153098134750552,-1.628673841036302,10.79742760090483,1.9039828440762288,-1.4939286661062918,10.652373039417562,3.644679920375591e-05,-1.4948245923172743,10.914268162901553,0.0052973762853421045,-1.1507133642523244,10.994624546789145,0.03895529087004749,-0.8145654285695013,11.050572949923716,0.09555401181506398,-0.48885842544029756,11.168796375034574,0.193755137802417,-0.18141586342430255,11.286336547151754,0.3469614822048797,0.08854096471659911,11.349939024828924,0.5388829558664551,0.32393567563987447,11.40760695094115,0.7562736103618006,0.5294149259794075,11.421804112178798,1.0447726652599723,0.6314947468056684,11.439866944867239,1.3190367907267861,0.5761188037056053,11.330204839556956,1.5305949133492678,0.4057464978684311,11.21426619238072,1.7127304225969007,0.20544133819587845,11.087430871570678,1.8523278864481225,-0.03561752243328171,10.939667085452548,1.935022996532859,-0.3185918677127418,10.724024188298609,2.0118392112916497,-0.6189448260978123,10.736424829074872,2.0260906022479013,-0.9239459982513235,10.499298044777415,2.0582281184679028,-1.269310445778256,10.487437367013307,1.0447726652599723,-0.47339977219763235,11.050572949923716
184,2025-12-17 11:23:42.351271,9.099326624849596,-14.67646708493974,128.3258553487655,1.9190054800332765,-6.6971229522795035,54.84269891745355,-296.36857770218006,260.33050203639505,-2363.368022954874,31.004584067923826,-22.011326613677983,192.36264177530546,-8.387999603554828,3.4486113481448997,-87.12136402185475,24.67085020298819,-6.548377521888577,258.4478308004674,3.2317948560555902,-2.1593844776867788,47.778294027922115,-6.505434490607454,2.156236769189323,-52.60952965931606,1.9739526176268611,-0.4651086126278975,33.814005470163906,-16.908128146692295,1.2625892710948095,-129.29050551023343,17.920657077715457,-1.265218639091239,189.01578835472085,-19.16705691662604,-1.784333580673047,-203.4394951069631,1.0525253845507934,-8.443208943234982,55.45599417973508,4.809415653398143,-15.500145890988009,97.98680226889343,18.73249908985105,-32.874584092921985,239.3288289124299,-17.00240324063859,19.31818955890275,-142.74436923602033,-56.50185357169493,57.1899478688889,-375.4400004354404,64.83078364228426,-51.01621004661721,361.89091643198765,0.020599277102227746,-3.2169921407448765,23.201789374435716,0.033125503700658435,-2.451462793744576,22.9913047672945,0.10739801919296703,-1.6211817601111935,21.321175697076683,0.22561158004451398,-0.9857825668653909,21.145116201042242,0.41886917951373115,-0.4108160595572862,21.0165386611965,0.7760050764881021,0.08482580238303945,23.18832520621251,1.454774648406015,0.682986444061388,28.84838264980824,2.3141662633277673,1.3802615198551598,33.566197417586906,7.026385452790774,3.7323225490271166,74.79084567586406,9.151160220934418,3.586684040261043,77.19141525090028,13.594147224024793,3.215227531095894,98.43559353255513,-18.247642625980014,-1.8613251694758641,-117.28247855113095,-17.918538749854193,0.49437817929985584,-105.18747389013093,-4.238275314117951,0.7000298288789316,-23.470540056724175,-17.391745864882704,5.327752267094997,-92.44941632075567,-9.924418783878187,4.455940603229213,-51.45500485491927,-35.06413123489412,21.41218058023769,-178.30390686492368,0.41886917951373115,-0.4108160595572862,23.18832520621251
185,2025-12-17 11:23:42.471540,1.8091072297617434,-2.843276173484618,24.562951669729493,0.9723098603493809,-3.0466550406645654,24.777039812080965,3.0692489295808527,-2.6778169912746805,24.115522573452758,3.95001912064387,-2.7782560039460167,24.270605531199763,2.3175696561684824,-0.9856083664704497,24.021873624262962,2.431821029838222,-0.68716546119999,25.281653341054906,1.7788557773253175,-1.1812854815802116,25.242320957736688,3.0676064202822086,-1.0376638741586695,24.78232671768727,1.6632866776406818,-0.4374452670632204,26.978582000861635,3.437887775011126,-0.27505921605339556,26.283250999217017,2.3892171668230966,-0.20584955544650996,25.012801872697562,2.4265667850128443,0.20086814807303696,25.766279675278923,0.6053568009936202,-3.8148270553974686,24.877472470069176,1.2322248681005288,-3.7387744456008107,23.44057083584912,1.8638203423153505,-3.197034188009301,23.0334921531536,2.743404334835913,-3.110727713986032,22.708305374443746,3.4521333851745792,-3.4607819164524165,22.592566117077816,4.277448528524746,-3.3236281133510603,23.582203666953372,0.25917292255778407,-3.5748820702838415,25.963144484789574,0.27778950784529194,-2.900253681739077,27.196251331834546,0.37834516170020716,-2.14573066035844,27.7498019663206,0.5303876919131992,-1.3758068870212843,28.16051845819049,0.7964633613223377,-0.6626667534694962,29.205965263808178,1.1542712452603547,-0.005618870107437252,29.42297996782432,1.5579045241512246,0.5597201124587704,28.835967061943048,2.050338737073374,1.064339740083098,28.86524687449648,2.6392963966178216,1.3212106717946235,28.031209900049774,3.3599327152390424,1.256415714075431,28.373380727504475,4.047304616091628,0.9145468114193718,29.325820649570883,4.493998524590764,0.45815968004421675,28.902289199252948,4.856989068280545,-0.13273472693459087,28.424722499124222,5.194607901579885,-0.8489924051118809,28.60702437633122,5.3113044723697485,-1.6182013095899648,28.030897463568007,5.346672335548162,-2.3974884884184036,27.42891063671216,5.204094340262673,-3.1380830029084326,26.0898432735127,2.4265667850128443,-1.1812854815802116,26.0898432735127
186,2025-12-17 11:23:42.593389,-6.666386464126674,10.142305515282274,-87.03185800855724,-3.5835291537699563,10.320112071089055,-83.30021689479216,-12.088606258231165,10.463115264451929,-93.43998757969595,-14.501585311849825,10.138637243147713,-88.63224131994465,-9.96911748436297,4.442780086398889,-101.32792747805094,-9.260333010798842,2.7155281385048764,-94.79575571567212,-6.976007073895416,4.635607421563885,-95.98215906862812,-11.69308118389003,4.054163570307633,-93.43998237942046,-5.7377436376727555,1.47845291274895,-90.53000520136436,-12.225552798979447,0.9712013792605279,-92.9586411135225,-9.188349310785833,0.9849885041464053,-94.8062915788049,-9.390731120788088,-0.6000934384566061,-98.2263150250013,-2.322490415911448,12.415913823554616,-80.99677399591094,-4.496687268526474,12.91682285682349,-80.26177846684874,-7.285691344193617,12.236984937786001,-86.71584633536047,-11.130228046871835,12.591345411880091,-90.47186585652666,-13.795516533607666,13.791572273074769,-89.14973374529464,-15.480886491520973,11.938487610016091,-84.87520431779656,-1.1121686565817883,10.599646761523323,-77.361498737526,-1.1085438243850945,8.157588749743443,-77.53563312821689,-1.3254831579317468,5.884718534956134,-77.59219265764303,-1.7927882900063101,3.85902626917477,-81.76406332026332,-2.5073582231598652,1.7248897445104565,-84.00334561582281,-3.444413354334067,-0.1688874987201989,-83.61145494157564,-4.601899311585847,-1.7394580223633105,-83.03644904713916,-6.101223872206004,-3.235424620321445,-84.76477504111605,-8.427661377547105,-4.253553758859145,-88.87071737995007,-11.071447367373192,-4.287362910357989,-93.4289240999939,-12.743410950444334,-3.1599895008227703,-92.33334901639928,-14.207969055329746,-1.7229977979703779,-91.39302704801646,-15.484457719983109,0.1555358992228028,-90.63689972350444,-16.35296954080473,2.3491688534371753,-90.23597043369423,-17.06192328439407,4.87300745161578,-90.00997437268242,-16.511292809531902,7.107922167689839,-84.59062365615289,-17.369533294009425,10.18489212131426,-86.86783745665187,-9.260333010798842,4.442780086398889,-88.87071737995007
187,2025-12-17 11:23:42.719223,0.07400889981387666,-0.11124725019432447,0.9486874571612035,0.04276505962945917,-0.11870870605808398,0.9532563402126927,0.12094311508054159,-0.10522558490784634,0.9290756160983249,0.14946958983252284,-0.10466080554932064,0.9084991432536467,0.10488338218363591,-0.048450216213315946,1.0660453405628596,0.10798776152593863,-0.03296388823248748,1.096242928392501,0.07880858134613025,-0.053281597922688606,1.072349814166456,0.13194643164585332,-0.04704141117471975,1.0491731860864753,0.07475492188591665,-0.020140090510005586,1.1481266727981594,0.14684123608055272,-0.013336247290158254,1.1121753459190058,0.11120552449767805,-0.013472607741471425,1.1375402080243509,0.11339805450989897,0.00492691220360182,1.1772246644295543,0.028002060339933004,-0.14044592702548392,0.9152248221391278,0.05206173321290422,-0.143754221065512,0.8931028089703447,0.07754175473500956,-0.1289267931106733,0.9089213578949271,0.110791972936809,-0.12497397203051269,0.8930984001316461,0.13345930512392973,-0.13344247696092454,0.8581662962125564,0.15831685325300796,-0.12186615698501493,0.8641984641156432,0.016228465344025826,-0.12966333585991655,0.9466131274511773,0.01715590792469796,-0.10500799578116618,0.998323536978623,0.020903337120378514,-0.07974016485959437,1.0506501107971606,0.026934467670164473,-0.05237422361723847,1.1055605403193622,0.03718336247077224,-0.024594640071481783,1.1587399525199682,0.05230643375441992,0.0015287057541404146,1.2049058537510915,0.07179150849282363,0.02509598261790741,1.243647747287081,0.09399357562899137,0.04694453219367289,1.2775142220191358,0.12330960908601866,0.05953388260383384,1.2856362967543646,0.149931095835442,0.05566838077232948,1.2571428302492673,0.16771942246660235,0.0394564675457617,1.2083828806166264,0.1806687116626189,0.020035963280887237,1.1560950366479492,0.18853864385384286,-0.0035636618205754193,1.0997081639394466,0.1900730763673058,-0.02857527960768435,1.043035645240496,0.18780271738711687,-0.05479037459797081,0.986983014690561,0.18375842809399773,-0.0797691263424553,0.9358447197743375,0.17768014852879993,-0.1045322818826465,0.8853266019370161,0.110791972936809,-0.05237422361723847,1.0506501107971606
188,2025-12-17 11:23:42.854928,1.4937200224370712,-2.2360064857470534,18.931276568556036,0.8587038087141565,-2.3598679261705944,18.73301921806096,2.5123928192389995,-2.1913268596814883,19.21053742377141,3.0996126952074494,-2.2044785314897166,18.755074643780123,1.9148522471645264,-0.8643765167333944,19.257440847741496,1.9034466429978056,-0.5745020848917524,19.049943612494218,1.4315393881553247,-0.9516139685368381,19.104135842872314,2.4308332576988514,-0.8624141329996948,19.16685712486613,1.2835730869184208,-0.32565571900157353,19.168825972114398,2.51809919213911,-0.2264591645482748,18.929705383766507,1.9252000054077707,-0.2162889352676663,19.435125105196413,1.8618680642063425,0.1066702754326598,19.06582451214514,0.5892584627673192,-2.8970327517023384,18.611990665805852,1.1140713150123303,-3.060475388595926,18.927927052670107,1.6337136599923126,-2.706333424813239,19.055690548321486,2.3550950995390036,-2.663129784403102,18.934811142750874,2.925597588577498,-2.9542971042125528,18.834395114779745,3.445709243973555,-2.705875416302451,18.809899977660898,0.3435883422397884,-2.572571569496212,18.48817177094196,0.3580517208985448,-2.0130001783323603,18.62088739595558,0.4119073345272367,-1.4742426142415208,18.721757089613078,0.5054543668244752,-0.9444271985108237,18.79224757999981,0.6520046808096687,-0.45244403304175,18.826169054182486,0.8775043880790391,-0.030252152190413897,19.032710590142575,1.145079906916341,0.3432551652687353,18.9926570957699,1.4176907409084991,0.6651178337189829,18.78059763279878,1.8828321198141782,0.8785405056129144,19.255962497517437,2.29746122519589,0.8116931817410156,18.927671425155218,2.707962384165493,0.5870610169643725,19.22443573201085,3.0346129923609055,0.2765646736026352,19.16363995365879,3.308903127857055,-0.1172453177392205,19.121620220052964,3.5175449468809252,-0.5953323662074999,19.096326796397058,3.614979748615934,-1.1294111484713898,18.862960813418887,3.689788052536534,-1.6774012410220263,18.688842823812386,3.761088669324404,-2.3009689728109954,18.648331302633,1.9034466429978056,-0.9444271985108237,18.931276568556036
189,2025-12-17 11:23:42.981105,18.584246979376523,-27.67928124771265,234.50827158302062,14.334968049034979,-38.813469648143695,310.09105811479316,14.221357687956097,-12.478745225321232,108.72146177506846,15.711963858412826,-11.140930719925993,94.76112733299134,3.8352564473374775,-1.737998433839695,38.32680009091298,5.85812596493464,-1.771664856259954,58.44940376216425,9.313950852357168,-6.1540772343162295,123.68361223882042,6.586911491965175,-2.35986714420265,51.76236509519727,-20.673764894481593,5.20231358830079,-307.05671218747375,7.485699252816447,-0.6716442336773337,56.00287503707963,3.798923519324578,-0.4490822322471943,38.276157475965555,5.035691510776141,0.29045638650006045,51.17399680128872,12.789255442888875,-61.831904961552205,399.41779281128987,8.369670767647952,-22.934930656772625,141.79515669848496,6.8747016140976065,-11.393279088905466,79.91036483464353,15.33956164916329,-17.340843504652035,123.1845876627405,21.87664297861656,-22.070030206374728,140.59596045393707,26.692309089981755,-20.92907069860203,145.44885293548404,-29.21752136756487,206.57559379031937,-1499.7490661831096,-28.41315636369943,150.67888880100273,-1411.9139984025746,-3.4609113479263907,11.631484605312972,-150.18629901191906,-3.3567877207678984,5.877988330477109,-119.90200225740408,-3.160660538498029,2.0194847378992886,-88.28391189125155,-2.522866963830355,0.0587656054407991,-53.479728611323054,-0.6713852343541702,-0.20553412043496413,-10.984813160313744,1.0566488726290042,0.4935977470639919,13.720409709676854,6.335787958232082,2.8980300222935083,64.3958104596155,5.479514662356929,1.925231955752708,44.85781550263097,19.874540218764896,4.233843742719025,140.99800748720338,23.70387525475914,2.079846560156532,149.60207951287555,28.037819985170337,-1.0829607793272755,161.95889128400052,17.13691658694258,-2.9695906515445394,93.04947339924229,16.04986548266558,-5.002940475050656,83.64731560313614,25.34947593320884,-11.504262201082904,128.07497462742512,30.744303466817314,-18.785084427368755,152.09155862629234,7.485699252816447,-1.737998433839695,79.91036483464353
190,2025-12-17 11:23:43.106707,-54.0644038593027,80.1205892225908,-674.6631811581162,-17.997665950954524,47.743128092098154,-379.11980216953253,-74.3086776014356,64.88385204521344,-565.1768000845623,-51.7431434902803,36.63228316188808,-311.783484221122,-27.065693826763404,12.060966943187843,-269.78567627214574,-39.547817317324835,12.114713812828828,-392.88381989495093,-30.757042989593753,20.343929609098623,-403.1768177671489,-46.82988658961329,16.744994204890084,-367.5827805272645,-54.01990969289631,14.51715815265377,-789.6115241137664,-50.639444598590345,4.792245719267311,-378.29337265346976,-27.961786228623367,3.32366691013938,-279.8086828045099,-40.63134432704281,-2.0039908148086014,-410.957823529477,-12.43658645854194,58.275229521391616,-374.5371902640049,-14.71482090050595,39.54288087272357,-244.4471706737108,-20.90155197295149,34.16240164553957,-240.87965108995547,-40.4892162070176,45.516670356319764,-323.33484824830083,-46.52563925912135,46.754250470535865,-297.76733939661455,-53.53996908875806,41.86856765084019,-290.7341601581763,-18.10926688294374,121.97550464524913,-876.2445232530598,-19.154969189997153,96.97801179878223,-896.6416972537244,-21.903046292229806,71.96217499143786,-904.6982996213696,-13.079390704980302,22.904429707979354,-448.39110297340943,-16.724634889001482,11.247658678231144,-451.81544019236287,-21.788054514158343,1.396040704692238,-449.8418474198243,-27.62678065178779,-7.356561161353706,-445.46220231451366,-34.41871047650692,-15.102391148112432,-444.5080408979218,-42.22240451181125,-18.554451621804848,-426.5586996368281,-50.04039236337069,-16.912861875954405,-408.8155171604198,-90.78162791461953,-18.60423713813493,-641.3547469004427,-94.73980357605923,-7.708561601192121,-595.9112325074517,-241.58070693137856,10.566864377057477,-1391.6992052901182,-260.3253297989439,46.10526382149673,-1412.4728740102225,-99.86481000004461,31.21387208939077,-520.4204492874899,-233.26298325244846,106.4756040499084,-1177.5098886469837,-218.6551105613697,134.08940927023727,-1080.6682418511248,-40.63134432704281,22.904429707979354,-444.5080408979218
191,2025-12-17 11:23:43.228824,10.190734893802599,-14.848181321294723,125.77946021596541,7.880855875652624,-20.4544134888781,162.48078987462367,12.98559033292131,-11.213229600232745,98.29654668930812,35.08950673527743,-24.69873223334198,210.29694850443116,8.581278370456902,-3.872955275263158,85.18497897321218,7.357442529740633,-2.2399123288695337,72.58443679581677,9.3521050889014,-6.135841483984861,121.765977205789,12.745732119528094,-4.536585924008115,99.58249894797996,8.051790046426904,-2.066481318278615,116.47912567225285,10.283474056938774,-0.9729322208777165,76.62329683142625,12.153110452853817,-1.5226970308742553,120.96599430113814,15.431442656622618,0.7421547938445365,155.42810240720664,6.409476046078784,-28.963654721604435,186.13580882558287,14.086775943022092,-37.52081643443779,230.92602197291436,28.29919420409928,-46.01175947811992,322.6810422141012,23.19289820781438,-25.906690413919318,184.01797085410612,40.49110378816912,-40.481507123589644,257.80436276079314,67.51999715114056,-52.61398220457761,365.29713987945576,4.557590969276361,-29.023339538169107,209.4129564393537,3.8032972810929517,-18.31652599200142,170.32722823088224,6.546354484969558,-20.716390231579545,262.9769035794037,5.518573279373945,-9.449033068148834,185.29449434276444,4.882714483206744,-3.219394211841213,130.04305016142337,4.5477523075480475,-0.2708933987479919,93.00066865734813,4.982905924283111,1.2983578452083655,79.47522767509362,-368.3211317599242,-161.2844269420493,-4746.152706384876,-152.33861040926888,-67.01888152436663,-1537.5018114118318,5.43267105021071,1.8294735100070871,44.21275106877717,3.9261434544295097,0.8246506853577139,27.698574019753845,7.578327005649998,0.6535888152466034,47.59497372130192,7.993182222824143,-0.2822962577471791,45.99166385455089,14.245322179366887,-2.4072959739643913,77.0779319642719,17.389292101415105,-5.346762330214119,90.30987186377975,17.274895388726467,-7.749110868142854,87.00286097207932,19.594716052519292,-11.835792131059927,96.52149361642675,8.581278370456902,-7.749110868142854,116.47912567225285
192,2025-12-17 11:23:43.345824,0.36860734152576397,-0.5380168740227943,4.562544805373548,0.21873330363281818,-0.5716510259809267,4.566761129971025,0.5973782934755295,-0.5187068721994408,4.512982833163556,0.7539408100729764,-0.5292984704367957,4.5036323221518355,0.46237657083286227,-0.20805252896464196,4.545171259549878,0.46507116513496477,-0.14162786429444402,4.540989834899412,0.35262157446501935,-0.22804206933877708,4.570734293649465,0.5823521287659824,-0.20667245815106672,4.513839927520766,0.3193684630279052,-0.07754232046656626,4.580012247257869,0.6065009013961737,-0.05732255492652787,4.482734242571014,0.46100756927986514,-0.054733758822903204,4.544778677806876,0.45880785848215183,0.024215253676652903,4.549389617104781,0.15379442836180196,-0.7064020952054905,4.562016314761126,0.27445538979187084,-0.7356484904251984,4.548846038635111,0.3992971063024552,-0.6463082126643359,4.555345600760156,0.5704382561982739,-0.637269427784937,4.5242614831123955,0.7080662197230532,-0.7081611957414196,4.510287711264938,0.8296978131630333,-0.6464120686786886,4.4864909291797845,0.09774971050987084,-0.631498479635359,4.591638203445017,0.10122500272330563,-0.491859683568445,4.6186793375322654,0.11596986222097432,-0.35920948638126915,4.641615407937381,0.13914021507689636,-0.23084642829069477,4.646363921667722,0.17506420684789833,-0.10896978448300684,4.64402759615429,0.22610687127156476,-0.007537214335855734,4.612511380290972,0.28880684505530485,0.08016333371523933,4.584308382089731,0.3604556121367149,0.16293837281706844,4.573655254302979,0.4560030437429646,0.20410255575879657,4.536131761448709,0.5589884307001349,0.19002296060621426,4.5004581713335785,0.6432907033770071,0.13374046700241718,4.476457429529427,0.7183373228648503,0.06162369627314932,4.45786986200719,0.784122438947962,-0.030388687659056335,4.457153523802042,0.8281531556085222,-0.1418312369597824,4.44246019514415,0.8635311593249801,-0.2669827492387052,4.451605532049408,0.885586817957965,-0.4011750957801037,4.440181068025742,0.9050416263244088,-0.5506103732189854,4.447728548022763,0.46100756927986514,-0.22804206933877708,4.544778677806876
193,2025-12-17 11:23:43.466887,-24.189776364533415,35.045690391403895,-299.3049580053206,-5.528078716420257,14.354534335914336,-115.26753809091132,29.715401219832035,-25.19174209936296,222.41658297857876,42.98652005416211,-29.65849385246982,255.09933642013843,314.8869556697825,-138.7285076929182,3087.031907081517,-53.309666733164285,15.569621841937202,-518.8159981044248,-129.65233323198805,82.39678013520422,-1684.529049012572,201.67157446825388,-69.00283413194433,1558.3659825277407,-47.07745779203079,11.02101833234762,-681.9010238784841,109.79949128566447,-8.58957092780134,808.8262778201325,-40.21403072667433,4.40209293432781,-397.0739814879095,-15.842233177201862,-0.9248122058825591,-157.3176415990162,-3.175272948566522,14.593063585508856,-94.30966324731212,-11.867401090289851,31.471540455737266,-194.94267254218997,-45.06175329382535,72.37656376350654,-510.9782135432577,-177.88217377176548,195.51891230117496,-1398.0964373169234,28.175270316211233,-27.785492791248615,177.74095447684465,-203.95147040584828,155.67828585697615,-1091.603589350965,-1.2893383947323946,8.829884637684705,-64.04581312894112,-1.710423842649957,9.121344068013222,-85.4118808130187,-1.8955170904567917,6.4855096159047045,-83.16106785915929,-2.152768126729811,3.913632755310705,-77.61294522451682,-3.846344161608162,2.6353609548626693,-108.33723148314729,-4.950221337453899,0.19860729076237493,-104.16121976638301,-10.612027865883448,-3.056481588198998,-171.7717860571249,-32.98302991182222,-15.053965440502882,-425.0983626797783,216.07009419562687,97.46187312130631,2160.394297145199,28.643292491206513,9.92997173556404,231.63749067327424,13.415461454067446,2.9215628744389472,93.76286177629115,7.619597637474848,0.7498804950358319,47.48295885651985,9.74118981278097,-0.2579410523676558,55.55472962616094,3.5884315422788395,-0.5570671573551983,19.247485597455462,0.6394654356934175,-0.18807569699238066,3.297172653371318,-2.9228808742596226,1.2663637040819842,-14.599726986049442,-7.073265355160502,4.162790816658155,-34.582437681755955,-2.9228808742596226,3.913632755310705,-83.16106785915929
194,2025-12-17 11:23:43.587805,27.431691939378158,-38.85957226388639,335.0127001785336,15.246297520448616,-39.3793531818245,318.31909299418237,50.73827832097697,-42.01867042354915,375.8926023861281,44.31520145960728,-30.0084571814266,260.1970805914463,19.982765149254544,-8.492931780053997,193.1407927854025,32.03199171551624,-8.797079080504172,308.0017330422,24.338922495277494,-14.76453372419107,310.66297304544497,35.95581644003519,-11.894156025224017,275.0647518171659,42.052492113513594,-8.817494397998283,596.4963215791935,46.07639838208576,-3.29671732166511,335.20426776949046,28.012646215828514,-2.655024951990958,272.63844648195703,42.09528698075745,3.1661936666143684,412.15653117180426,9.69192915175538,-45.15190838323584,292.8827686086816,15.961465729265282,-41.87672739534078,261.29666282971783,23.51021222877165,-37.09113395740621,264.43299895093844,25.946005501756442,-28.055534976382926,202.47173083845482,36.66196275429425,-35.493287606858665,229.11117993428962,43.277512492273445,-32.55755432950561,229.54596925042452,22.640966972978383,-167.5710553715619,1217.0898644011709,-24.49763530223786,134.4292190682875,-1268.7757377666503,-83.16258528362556,286.2384831067177,-3731.000948839122,32.5201019002867,-58.885461190499676,1204.8318006521945,48.15712037637586,-30.808930118257827,1360.287529285976,66.20056135369352,-0.12388319816828768,1396.8252723642086,48.18213679022366,14.96796335405568,770.2134915787144,58.722532144958976,27.49875901987003,744.0703040776209,49.44499108575312,22.46263476181867,484.3211201190403,53.91880599457301,18.66645691133919,428.52568302441676,87.12795244364075,18.617177320149526,598.7862904106609,120.83732663881726,11.269957327158536,742.5939105466277,248.97522191864252,-6.679366883597102,1402.0423163587823,587.9612824401979,-92.46443634328573,3118.8528148259184,306.99856699945906,-90.40405884162931,1564.9152584633991,205.46376502003312,-89.12563166903116,1018.2684870703429,88.44753001430834,-51.99528214208398,429.49176507360943,42.09528698075745,-14.76453372419107,375.8926023861281
195,2025-12-17 11:23:43.711817,-0.05351180256920357,0.0760623257237895,-0.6565048011808978,-0.031321855567196015,0.0814612771165374,-0.6625340125243517,-0.08647147346491073,0.07192370229718387,-0.6431313947495969,-0.1074262368656947,0.07281638637023474,-0.6311904298735667,-0.0724086727047819,0.029540067876164557,-0.6947790364016233,-0.07339500384673604,0.01966585337087786,-0.7045145868111756,-0.05488411745524827,0.03282751904521425,-0.7007458758885243,-0.08984555769490109,0.02921079960007778,-0.6857893113914236,-0.05108215011539858,0.010729494604979996,-0.7257395560457013,-0.09722855945178249,0.006923562180880811,-0.7052169376644994,-0.07424255543755107,0.006426750020787876,-0.7178164418972595,-0.074975871472701,-0.005699309212870327,-0.7300178293203776,-0.020952697802142106,0.09958017427938683,-0.6492335389213079,-0.03839916974123736,0.10166878713596354,-0.6371785563004461,-0.0566875976205657,0.08937627202612224,-0.6406703519883775,-0.08068651166270184,0.08687726148716171,-0.630126695922555,-0.09811208757420824,0.09486258423873287,-0.612954936442968,-0.11540289338180028,0.08685551965379969,-0.6122653677418907,-0.011373309666333967,0.09131181176653137,-0.6629922628048962,-0.01228512002273937,0.07272671462264163,-0.6823264102094466,-0.014908562457276116,0.05420921023952999,-0.7004431966912509,-0.018936559714599274,0.035048316375052964,-0.7174414700002988,-0.0254181206342056,0.016718663883918957,-0.7332615313340267,-0.03508247840417045,8.83104218483024e-05,-0.7451077395549073,-0.04715158690576766,-0.014618577942901887,-0.7541558380968358,-0.0601484778149523,-0.028076430898316004,-0.7611702338031685,-0.07801281524186206,-0.03525615690828145,-0.7590725798673276,-0.09464443538812332,-0.032608430196811304,-0.7474410489907264,-0.10657694036735503,-0.022219017321547407,-0.73048053707301,-0.11599775232056277,-0.010235046030068723,-0.7130007229116561,-0.12329654599529297,0.004257055842900756,-0.6945650884678846,-0.12690277028206867,0.02103041144903827,-0.6752007379245762,-0.12828423536846725,0.03884517260580908,-0.6559292998762531,-0.12820681949086432,0.05668316117945128,-0.6373978587581037,-0.12690048525103173,0.07546297760675386,-0.6187332322304803,-0.07424255543755107,0.03282751904521425,-0.6945650884678846
196,2025-12-17 11:23:43.833613,-7.220932119698154,10.171484905468539,-88.44485391037571,-4.392003385425496,11.17836397302226,-91.52118347271748,-12.117196180941564,9.999412545776135,-90.11302208484453,-13.529409378516604,9.145344806069257,-79.80427391783377,-9.95653378359828,3.9973119944010436,-95.57492708254883,-10.00127833211999,2.6195782973209165,-96.0737601389731,-7.680171505012837,4.514898722603204,-97.98098467420543,-12.160357862532535,3.8994265080477564,-92.92495288166964,-6.20815974642966,1.2360527373454337,-88.12328101564445,-11.582135981045834,0.7331625307596499,-84.20585608159902,-9.496137606125787,0.7454109515186643,-91.77130049241899,-8.842987619751947,-0.7253327282505442,-86.19617516705067,-3.18605308577578,14.74926855073389,-96.60227711417743,-5.711800209567975,14.927063719410846,-93.55334136683439,-8.11627564579942,12.684190450538953,-91.25820007081775,-12.148873339185164,13.06698333384287,-94.80607950695325,-13.309641856333572,12.841998347956658,-83.2763810146196,-15.174860379227747,11.426004632932033,-80.87095368441135,-1.563204458201401,11.936437981927627,-87.17243323210006,-1.6266238293399637,9.246473303237298,-87.82253710091672,-2.0297544522263467,7.213112414206532,-95.03101860531422,-2.2920594185836682,4.087203127220479,-84.83041265843657,-2.8407673927878276,1.7771128622539443,-81.35016095555994,-3.857994704243302,-0.046876397934261314,-80.94612510656103,-5.030298173281718,-1.6173705760456634,-80.38868173975324,-6.702966778272543,-3.1947213869530375,-84.74248035017528,-8.555182482690089,-3.928016408450766,-83.26829358531432,-9.696398371348158,-3.3855350605973507,-76.7327192644301,-11.565727823969642,-2.4830247475126708,-79.58657126883439,-12.598691828694731,-1.1767838830989423,-77.73389333900197,-13.196128777144413,0.3766029077176052,-74.78522839260717,-14.539174444289467,2.3178735241625428,-77.73600719306299,-14.103785688288323,4.167331173823574,-72.37914012793517,-14.86384302621613,6.486824275806901,-74.20844324553241,-15.913261590806039,9.360369908016223,-78.00180826741955,-9.496137606125787,4.087203127220479,-84.83041265843657
197,2025-12-17 11:23:43.960717,0.04104924433835437,-0.058022888464037026,0.5075601026249374,0.024229670914831112,-0.06231899722964628,0.512232538061285,0.06728526523845797,-0.05528309102521852,0.5007477756519805,0.08368882644147592,-0.056425774469683665,0.4952461263387888,0.052370071673034355,-0.02062637442335681,0.5027025355556934,0.052350150127161765,-0.013263752192806691,0.5027891533259309,0.03975040961883603,-0.022997865408039334,0.5072201384659959,0.0653917576983496,-0.020449605934782896,0.5000632485125767,0.035460255719475905,-0.006392934180687563,0.5085183421773223,0.06856993806167362,-0.003593613693822653,0.49903392553696035,0.05199972735278913,-0.0033434990337102306,0.5030552534504341,0.05122115415086245,0.0048913240729420845,0.5023271766527018,0.016569704367010343,-0.07847200539030912,0.5145942747432001,0.030733598202593814,-0.08135116353687727,0.5106442190054572,0.044744272394750255,-0.0703626565028691,0.5065673197773034,0.06416762833420277,-0.06902117941763129,0.5009746156847041,0.07903824799326645,-0.07650748138193465,0.4966729448008419,0.09231758537525507,-0.06961788335836189,0.4934906980732384,0.008624434629939327,-0.07070146252928809,0.5180596725750759,0.008973020554117871,-0.05425120866229759,0.5172966470828978,0.010678983567729516,-0.038851669542669935,0.5172173352926892,0.013221091723700354,-0.024138596207211906,0.5158912570208876,0.01718698928616837,-0.010261601275057904,0.5141206375973143,0.023663504724546532,0.00150762302667465,0.5124428773799259,0.03118004766110181,0.01151776929979467,0.5097611450033109,0.03971171632523888,0.02035282764801277,0.5067679248900768,0.051405845064162625,0.02491467845647741,0.5038042835966307,0.062470867871229185,0.023202891443899788,0.4994912049665914,0.07228937570304592,0.016688396795533442,0.4999082073406991,0.08033619305989824,0.008517979116631783,0.4979038171019604,0.08661718321024095,-0.0016683966302346233,0.49409314509748686,0.09235588049601842,-0.013913735645673511,0.4958159439556932,0.09604797556961481,-0.027517208419599638,0.49514718303240957,0.09822921261153761,-0.04232804434698363,0.49265360605559977,0.10050653076352792,-0.05864442233022005,0.493627500607253,0.05199972735278913,-0.022997865408039334,0.5027891533259309
198,2025-12-17 11:23:44.078995,0.814840059993814,-1.153877391358904,10.134775814173665,0.4737813848903797,-1.2322434252401364,10.21187033343603,1.345069501446788,-1.1112102889616737,10.061834183611241,1.6959723382202272,-1.1441574101348841,10.037244163160608,1.0611607766497473,-0.4081712945772654,10.113370193814095,1.0662796725823749,-0.26009946256784056,10.186439850531153,0.8005087962877461,-0.4557410186240426,10.21668200091655,1.3316520011744988,-0.41384975438394,10.150730526202391,0.7216054640414092,-0.12355521129299739,10.333041635395256,1.4040549702858305,-0.0785957136619864,10.158910368456494,1.0631017226741621,-0.06279550393322268,10.202331721983272,1.0567654993733357,0.1016170210918066,10.218640361790523,0.31251217947702326,-1.5315317254554903,10.135757937550725,0.591828240973604,-1.587807924033855,10.050929075707359,0.8780179354086005,-1.3847450536146662,10.024585072953432,1.2702218635752998,-1.3664968102546842,9.978625539665089,1.5763331485668186,-1.5253260468038514,9.951253811741465,1.8475589932065033,-1.398608658142738,9.919919571956747,0.14877208940977496,-1.4030354703283892,10.290816771197491,0.16168332207657415,-1.0786076294681368,10.33264548383743,0.19228167002938842,-0.771005967555634,10.353402923685797,0.2514158969841841,-0.47837331556411833,10.414117859565561,0.3398743525837275,-0.19835002832735346,10.398579944416344,0.4719379908305107,0.045174621131285016,10.413725962639042,0.631034015522544,0.24804117092890404,10.346902166924217,0.814935311618522,0.42564038123896775,10.311117594399564,1.0468779253608538,0.5103205230160001,10.189978375063117,1.2924940987137825,0.4758906474021003,10.219772890094534,1.461809089394191,0.33588902352259153,10.099846418574874,1.6291084262029603,0.16744874270414986,10.097207630335415,1.7767262702225668,-0.038730651058559835,10.101082606883994,1.859096873936352,-0.2914171216741344,10.006580808523054,1.9269837114191104,-0.5675644053019837,9.97953728461235,1.9759898561632805,-0.8615139922294665,9.945913090681572,2.0132610123183463,-1.1964444713639015,9.96404007824096,1.0611607766497473,-0.4557410186240426,10.150730526202391
199,2025-12-17 11:23:44.206929,0.052858121456598406,-0.07557655944617764,0.6654266046405591,-0.021883263880812267,0.059271852219169634,-0.49329432749835667,-0.06583170074260056,0.054619754169671096,-0.49536785544806466,-0.08286997740494331,0.05636920967997559,-0.4930283306352644,-0.05250840058944733,0.019825873816683073,-0.5009901471562535,-0.052387260844060056,0.012587015522655762,-0.5019633535784962,-0.03899162711461717,0.022025287772247583,-0.5017450494994866,-0.06556998586743627,0.020633551822451617,-0.5007918282618651,-0.034718149609499115,0.005956855703470628,-0.50298691118751,-0.06887554024576452,0.004111278814924672,-0.4992390858834649,-0.052207638949992405,0.003023764684702131,-0.5020960139765526,-0.052104871346786694,-0.0049994071862963065,-0.5030688787965977,-0.014126306699865004,0.0742641055896159,-0.494490437546496,-0.02840728669869554,0.07774509159975711,-0.49443643967592205,-0.04276781470783993,0.06772291057151769,-0.49296465748276946,-0.06263085596278915,0.06725669253648356,-0.4940954057364033,-0.07760178312805616,0.07545401260295595,-0.4921816985351157,-0.09112036433815861,0.06928374420867368,-0.4911182246732903,-0.005741347562031876,0.06810240331922662,-0.49993768903129077,-0.006440941550155699,0.05219079291121281,-0.5020429848905895,-0.008238595401638266,0.03696781492595399,-0.5020178938197979,-0.011185605396962135,0.02280031540150712,-0.5049312451067862,-0.01579152882633833,0.009297207169477944,-0.5058204248697842,-0.02234514252501642,-0.0024862185429697947,-0.5058511504974852,-0.030593290987604084,-0.012402747875467275,-0.5062381596871437,-0.03994728887141765,-0.02089288097158264,-0.50632743304746,-0.052095414349218265,-0.025291218597765872,-0.5046673465829624,-0.06377486872935556,-0.023057621623711267,-0.5038731588530941,-0.07274012888145912,-0.016410029203767627,-0.5010907320337518,-0.08076272438211866,-0.007899179654279082,-0.5002716210566528,-0.08714463696864341,0.002345261610237492,-0.4971069119253551,-0.09203147189592127,0.014756548564831677,-0.49557610408274083,-0.09514406196388002,0.028232516695586934,-0.49414934057219584,-0.09728444624084907,0.042615531268917345,-0.4912841127149961,-0.09863427826921256,0.05913708762983246,-0.49125455687180336,-0.052207638949992405,0.020633551822451617,-0.5002716210566528
200,2025-12-17 11:23:44.341566,2.651069214841517,-3.813111176542217,33.99089494683249,1.5426002231448284,-4.215536727128076,35.369435256588126,5.163867101484418,-4.270517532874608,39.07605653068514,6.529702619095413,-4.44268805208086,39.02163186048834,3.5228091588275086,-1.295573123737697,33.800233389634656,3.8931279387434987,-0.8891348082124481,37.35938580982868,2.738873839073262,-1.5089451165834298,35.606151789875426,5.030297501080335,-1.5316245010290575,38.42154347185485,2.4704916112504627,-0.3655777122205293,36.22507752793697,5.421920499557731,-0.2737254048622907,39.538102889484584,3.7078646612537955,-0.17187266832087894,35.84015965483653,3.922314249481848,0.44976231962629126,37.994097786064344,0.9363483560924643,-5.1133558410325275,34.3480666843263,1.9124259907988066,-5.343375300972496,34.14148119414118,2.8344119858099557,-4.536505991922862,33.197327972689514,4.633373769871534,-4.992556575116814,36.793796317237515,6.041792503693713,-5.887656974565058,38.49175124066161,7.136250622151419,-5.444674503146751,38.61487903667743,0.3399215380585866,-4.932959152363696,36.424531170192516,0.42484736469231316,-4.081561454170698,39.63047511754457,0.6666730928076176,-3.2189969673496552,44.403842397042816,1.0127731628920709,-2.1167789881894445,49.03653892603186,1.4249333631612715,-0.7707293892426983,47.76756589083897,1.9983793094283513,0.33701305514300084,46.205544615150224,2.5399833920369685,1.1366416096758432,42.5290368745034,3.33032221205445,1.8483508112202418,42.518495274856384,4.019066544063011,2.0151333985232482,39.113912565752265,5.554878601613311,2.079852324169044,43.920833189425444,6.188497037449561,1.4134300277177694,42.75647147664197,7.424399881896281,0.7506724507844842,45.9928547914358,7.76871813787016,-0.20780592221209118,44.51422516660092,8.651691939807735,-1.3877030427362371,46.79141351140499,8.742465834378109,-2.6165242054439672,45.58017086292919,8.497451877503167,-3.7520440546285574,43.23660183636141,8.819427199683796,-5.291591018506307,44.089602000291414,3.8931279387434987,-1.5316245010290575,39.07605653068514
201,2025-12-17 11:23:44.467629,12.845870605035762,-18.728317031984542,168.18609908889562,4.375210832043048,-12.638437426066723,107.30287895521936,20.2718099144751,-16.88286817028554,155.07589775370002,24.84081049459503,-17.07888798059761,149.18072205579563,-101.37256583040532,34.7332371425582,-965.8940043683534,24.658678499077123,-5.05815274427644,236.77518160959374,17.395436086903302,-9.056079405690864,229.04848206604473,17.647034623278245,-5.158554249988141,134.91500291676445,7.934525691274158,-0.7049795816551824,117.19947538254806,14.71334281237527,-0.41985267947497684,107.01730217112608,16.317139252017007,-0.2634624683426729,156.77383756765806,17.124039095188586,2.6191951131085784,165.6961860017722,3.89373887973035,-24.324541008379242,164.23855055373082,8.870219630165604,-25.952105539807214,165.9505487820352,12.193466073809828,-19.879237459564916,145.53598006921155,16.702894144957042,-18.279235593514006,134.11415427380913,37.23895638365085,-36.87140048134682,239.39104006020568,45.77234687926474,-35.430884019410705,248.62936248599473,0.36968409552328163,-9.750848880029578,72.79413218045462,0.4303316649690005,-6.684910204174434,66.34730507092868,0.7814956278965159,-5.160485282969408,73.66726890071276,1.1712420401355286,-2.832811982477785,70.66776237778262,1.892266269462422,-0.9153849719266851,72.65450147253681,3.2197632366744604,0.9078741042852329,79.58007552594631,4.697175863060336,2.518597288374738,81.28236645676427,6.71060002730758,4.131655562378404,86.40237379708731,10.896173072294193,5.894785938621295,105.40633091886019,12.789296974372883,5.136508463851329,100.95064663174186,11.572769453392944,2.834024463499627,79.61830475808833,11.800057931153049,1.3143877265359714,73.02058031516837,14.098395289648103,-0.26430093807288646,80.66616428936679,16.57591991693279,-2.610260816011353,89.86757892500458,13.693017407214509,-4.137861111441302,71.77011865082713,15.486685352804713,-6.9141947739004825,79.15934316864484,17.505510152825476,-10.669145239898018,88.18930767865506,12.789296974372883,-5.05815274427644,105.40633091886019
202,2025-12-17 11:23:44.622003,3.3938274612462327,-5.01608705589128,45.39550914600602,2.6095851917406203,-7.807287693519235,67.27276016224266,11.472739587154622,-9.527569186304776,88.13713566450184,28.2406073000556,-19.334294357518104,170.0461307441166,2.0225226477966167,-0.7141479492137643,19.51512422349114,2.3630775601801886,-0.4714484905153151,22.84313392091736,2.384075711601484,-1.2367425214261,31.947192246984905,6.5904457295400825,-1.8563375276976397,50.527333396842764,1.6980031469692392,-0.09521745489749459,25.433772868212465,-51.23814307095394,0.5653502272805028,-371.85252105563274,2.307481662325727,-0.00416486714283494,22.34763003090726,1.0840828456196763,0.18173932356783568,10.54996036351409,1.2482081116944137,-8.522087046861943,57.967404087520535,2.7596814643517713,-8.281094531491943,53.2481150604059,4.456810685477368,-7.375295597487432,54.33610867156679,6.546688967002441,-7.175584734055304,52.94333632088003,10.827717731572568,-10.781178681112834,70.00951999907677,28.677323549421125,-22.223962323272726,156.1081523286325,0.14195462840570497,-6.155663033799793,46.68984505216267,0.19906290347009029,-4.169328524723679,42.48564296154935,0.28049633610690117,-2.195158517596891,32.70257729603206,0.42601529704720315,-1.0348704753424944,28.169220096249838,0.5141599475937005,-0.19275906749744828,21.17427112818573,0.7378287063277252,0.2779148032033909,18.813584879118512,0.7081890358145705,0.43436290151134993,12.59143790039336,0.8014881196916709,0.5388650578656804,10.420762324992547,0.5568460760432017,0.3228177786806076,5.397902386587306,-0.43142151698840436,-0.1833570717593636,-3.4090783793251274,-1.4103676855034943,-0.3819959641998692,-9.698718851701853,-2.4646250191862613,-0.3287823803295917,-15.214211226907036,-3.884672126850667,0.008547308432491001,-22.17916061771034,-4.970762429015707,0.7177891453002346,-26.877738343713112,-5.3392160440778325,1.5298627435585361,-27.946624178289976,-6.933569698426935,3.017869441660835,-35.421315075162354,-10.413082636647788,6.269884731364115,-52.455803024497584,0.8014881196916709,-0.4714484905153151,22.84313392091736
203,2025-12-17 11:23:44.749132,2.397618311188551,-3.5235784521992057,31.87114630803731,1.3044144079115298,-3.879292087511692,32.95335576637686,4.327396716036797,-3.623417957298468,33.288634845048335,5.568617439673816,-3.841617298479596,33.5569910325116,2.9259916838095967,-1.0111051469702688,28.696016834277962,3.0674956415714005,-0.6193448884824011,30.06018054526877,2.2663808261143017,-1.2047459063015393,30.52961107831682,3.9502363621286563,-1.1465666032289015,30.639439265363954,2.0794582266382076,-0.16338611068325157,31.31346062857751,4.318277567906705,-0.12162437113596743,31.74771370682136,3.0517484819927527,-0.02446436411083832,30.03708455868184,2.9157285037536864,0.4961024754979425,28.85166078918362,0.75013817899617,-4.8824340034406895,32.954146148785654,1.7054950167139162,-5.018496512664143,32.21786163853875,2.6086871262008104,-4.290108956203807,31.590640816138674,3.8417326761199018,-4.20262648456272,31.14874298905698,4.985781726771052,-4.929586339210033,32.185220358071554,6.207830048334533,-4.818298706675736,33.780798007152285,0.19066464013497586,-4.64635402977643,34.86018136374333,0.24916092154398842,-3.488981743623623,34.8746197968567,0.36515396371362435,-2.3036523245853573,33.617784387506994,0.5566325152957692,-1.2634762264408506,32.64837557948428,0.8307604980164905,-0.34865805179770437,31.50093801727692,1.2920463336002577,0.38735930916240957,31.983772084807434,1.794711021157205,0.9903819539593366,31.20138228817241,2.349059219953874,1.483283783189743,30.576649185762125,3.100691863358981,1.721770646420299,30.419639678981657,4.136099569312777,1.6629811232608807,32.813924444401344,5.021827586437208,1.229028935410444,34.58206580642201,6.00397810921127,0.6417841510707779,37.046651434931206,6.691424662194091,-0.17761083164872937,38.16992524294472,7.303116513533663,-1.2222462415677529,39.306555340941536,7.911080849490014,-2.4650515685224734,41.09762302084794,7.987660885941143,-3.6596727065266417,40.479694921967706,7.978269550484167,-4.942951568985806,39.85798060462163,3.0517484819927527,-1.2222462415677529,32.21786163853875
204,2025-12-17 11:23:44.876542,2.876189095352007,-4.2588189459507015,38.76195360120144,1.5100612757565532,-4.638073713327362,39.87862093014699,4.889012046485475,-4.041728933757998,37.63802058469596,6.266266771248396,-4.245753831015661,37.57269713897728,3.9048646054397818,-1.3337652828886948,37.90912197079462,3.8824251202434787,-0.7219285449884697,37.71922200083955,2.902109398736393,-1.4889453966995192,39.135714786282335,4.958513318670865,-1.3764674336813196,38.153749597243575,2.4123462533397775,-0.08721415178800244,36.47281294898173,5.016783508288569,-0.03566336129220198,36.539038624379664,3.7427027887339106,0.045645155629678955,36.40250963854564,3.7976848374072114,0.6970106267669581,37.19268996936154,0.8062428817580768,-5.894086978760657,39.99821928538317,1.9816013735492954,-6.058603595005956,38.909514994025,3.174854251528894,-5.28497518353312,38.90540446987301,4.643759735245611,-5.1146207589336825,37.74126786852769,5.718391107418278,-5.6393954424193895,36.7983212394269,6.945962741967286,-5.340908028582393,37.688339496169114,0.09138219394934871,-5.226346005676716,39.89690610339625,0.15462884241893812,-3.7512855746081497,38.62169478894518,0.3277899696187378,-2.5112306366605806,38.257592257146186,0.565104605150615,-1.3578354332477667,37.93987581732606,0.959788763342018,-0.3172302929568467,38.72031979835382,1.4577375548114717,0.5868389807076567,37.17181849235835,2.1000781867834903,1.3066248967318235,36.904125881132394,2.816825009837711,1.913714573973315,36.68185706162521,3.646781171555184,2.139663417481594,35.482129897813465,4.503350279107108,1.9648801361992279,35.51785825158957,5.103990976166972,1.4238378703364405,34.99421453464615,5.739852030274106,0.8173273334893607,35.31199914933009,6.248075129936391,0.04303566294740602,35.48217313287029,6.696615178781953,-0.9107407400059078,35.973077272601884,6.971872998815292,-1.9605488269122697,36.24967916486311,7.397397264568633,-3.1953248427549075,37.50091868214383,7.537229874101872,-4.501328163165198,37.66038876170237,3.7976848374072114,-1.3764674336813196,37.63802058469596
205,2025-12-17 11:23:45.042581,3.188919711415314,-4.72505210373599,43.565417255837104,1.6732797159977282,-5.221347328873167,45.748139628835446,5.606643637722805,-4.629165295281104,43.43554316077603,7.376134693084067,-4.973025337665723,44.29738322048734,4.3645095910048,-1.434305925331282,42.49963734237828,4.685254189035621,-0.8068576996912076,45.69608977067585,3.4861691375416557,-1.7048097652933656,47.5182091870492,5.989776215500593,-1.6018051626818273,46.17631685548817,3.1256809387807647,-0.07851347741367673,47.80290152660455,6.622840712851512,-0.011985870535371554,48.22751159250589,4.687715113011533,0.09309775301425366,45.749240103269464,4.979292260397489,0.9858997485894616,48.84702475274445,0.8590222582515167,-6.605835698374651,45.49093601737729,2.166137166381546,-6.73595097348855,43.676045081684535,3.504757402365939,-5.862968932885587,43.65159188401047,5.084565869804853,-5.6003171246043895,41.54397465734445,6.404430995881982,-6.348508807153771,41.456611227452356,8.06615254839219,-6.179885588362448,43.83622596139784,0.029094903718175892,-6.468480078892435,50.25060736218059,0.10236508062345172,-4.634039557533618,48.46457387610035,0.3468446883894705,-3.2732136515029806,51.09592191992339,0.6787328848366229,-1.7374889605858799,50.67056351705931,1.2274972424756867,-0.3156440398077937,51.86550600366844,1.9913809854040223,0.8880409080010967,51.705563329275584,3.0040746831514555,1.9606665773903642,53.28864512293632,4.036942891851854,2.8342616193793093,52.878886306396595,5.381866698773594,3.1908956629503837,52.311872716047176,6.928728574165088,3.0536860006635185,54.475667211770336,7.8996445376710955,2.204338270141782,54.09835550903326,8.752752264393019,1.2473133561400718,53.76882341434291,9.11144178326433,0.06340431569831746,51.5859399052422,9.237716394428848,-1.2513249076397495,49.61323458047931,9.092745676386958,-2.554475202945976,47.22379493051142,9.276802294564117,-3.9723141945709277,47.00432360105133,9.050653002943312,-5.3752174547896026,45.243493009580924,4.687715113011533,-1.7048097652933656,47.5182091870492
206,2025-12-17 11:23:45.165716,2.1648291206063868,-3.1927515709341825,29.645976704736285,1.0402534659930724,-3.3394823412463968,29.323619785509756,3.808028127516536,-3.1377875389565397,29.622238937671895,4.934880218920609,-3.340756543383164,29.797967270160402,2.9702371495375637,-0.9333729738010499,28.927493188847876,2.9221912104929575,-0.5066315478766894,28.67277123895323,2.144165415922455,-1.080550534566876,29.513718195208035,3.681230662669677,-1.0032436456689902,28.46235193174232,1.8158584062642618,-0.06724706895612091,28.048751817982147,3.7976832908152507,-0.04341762365625694,27.842467989521726,2.8851793450168195,0.057169765167004664,28.319862843540356,2.8338719051315118,0.5260101370407584,28.013087936629294,0.5286988935947972,-4.293181242691738,29.59334583733579,1.4542475330424776,-4.5618107970380954,29.706717418616538,2.3914922393758324,-4.010657179569863,30.008308113199323,3.6743147513413406,-4.003122463598277,30.00500232583795,4.593749834504892,-4.524697746981562,29.80003068556533,5.3504213666358655,-4.114593551079306,29.175094990233895,-0.04026105033725198,-3.7081926561168856,28.46990277940428,0.018231491497733645,-2.7087293435001025,28.128878718912453,0.1423595498747902,-1.849769828455966,28.159165234397726,0.3356215088755636,-0.9941075779154324,27.787626022824856,0.620455841130054,-0.222096998618933,27.40648295272757,1.0017335368888376,0.4012768789151314,26.62108668704189,1.4792750251438147,0.9036496158747667,26.64565031299649,2.015840106859347,1.3505646273801695,26.66719760752964,2.6568845436299338,1.51090398131055,26.021551395246547,3.2726839296041996,1.3544491068671833,25.962304223487045,3.787394316279754,0.9688029102153636,26.177466708002754,4.199503448595657,0.5060813568341532,26.01455220070103,4.619670458649305,-0.04542758536845245,26.363131854357423,4.954613329070035,-0.7352314505109266,26.808043112599247,5.2307883795253485,-1.5140137274462044,27.294068430861707,5.463265295174148,-2.3888312458283436,27.808193456232903,5.649921915632425,-3.38897871240772,28.34786187866146,2.8851793450168195,-1.0032436456689902,28.159165234397726
207,2025-12-17 11:23:45.309581,1.126150071820114,-1.655884459548592,15.599239426993302,0.5247615819793615,-1.7484134146393566,15.629685932002545,1.973255827305993,-1.6159125828965195,15.367183082998508,2.5382001434613892,-1.7076137942494733,15.309490914068094,1.6070539837013529,-0.4808502763728929,15.612039004716273,1.5945288418780925,-0.25314340756382103,15.608515056768882,1.136903189518804,-0.5392587470909832,15.666564543791578,2.0206715930345602,-0.5386752074147986,15.591860115555889,1.0041064507954656,-0.01379909437765799,15.618034295691203,2.10429448128001,-0.01500562703105174,15.406526862669573,1.5919769668263668,0.05376340334592454,15.592935682810982,1.5780621667739128,0.31448395430556625,15.57082317229964,0.24512607243219917,-2.2258846017173854,15.576485654939594,0.7339582313599305,-2.356876198137449,15.510079046716111,1.2245168738452485,-2.0512480594476625,15.529823331491043,1.8923649681553874,-2.050885915550877,15.475403462999811,2.368310213619149,-2.33156229737191,15.370669633377357,2.787031434839551,-2.153499337107476,15.19554661264124,-0.06659031835731609,-2.036572635428551,15.81481040071654,-0.03180130030579763,-1.5060565337712348,15.873251941549695,0.04251100942025727,-1.0226297192020897,15.925666172193635,0.15573576450294144,-0.5469678105011614,15.918898500303268,0.3242982315004191,-0.10749883659553883,15.888069954463084,0.5632612644396838,0.24966870036824584,15.813647613766609,0.852106495456995,0.5466962883376723,15.766867848707715,1.159447898705865,0.7992541655422427,15.544285778328627,1.5882536554560962,0.9102937190955144,15.662578675375126,1.9718679741235308,0.8091044742371022,15.673802598693205,2.243867819765965,0.5637281638419829,15.52634756258684,2.5071005163806594,0.2804850396668522,15.546700531898589,2.6950288894674843,-0.04961614432384605,15.384954986012257,2.843860451946037,-0.44524870189768984,15.379188200027878,2.913586899824289,-0.8684738530699369,15.217997745529368,3.0117379037783736,-1.340736452687904,15.33190609508904,3.03845623442492,-1.844684058667635,15.242629034038485,1.5919769668263668,-0.5392587470909832,15.576485654939594
208,2025-12-17 11:23:45.433482,3.52607937061033,-5.1954866390522465,49.306661049001114,3.1691670963608596,-10.675466586720624,96.25826356742671,4.5014184103395865,-3.7036572638256966,35.31248416356451,11.285872035860319,-7.618827050013346,68.3723116882916,5.2066307538306225,-1.5245418882303063,50.63187142250072,9.19323803613983,-1.3978747403478653,90.04921929857933,3.974009301542559,-1.8441577563792801,54.96716060906088,10.279732081398299,-2.688799797046029,79.46499359204954,3.170759504406162,-0.007549800759646828,49.397624839533584,7.3077818825902385,-0.045181819843722465,53.71159095834998,6.886498881954243,0.27996092707310827,67.45448739918008,4.493295085486349,0.9263801963770697,44.308431457958605,0.9894214804738717,-9.33544413703935,65.69851416038583,4.244278386854282,-13.75955652268758,91.03751237044344,-25.90392406991514,43.56600481118771,-331.53910335564075,25.546447963700594,-27.724038727254772,210.22882001556354,58.489255922112015,-57.6692846968922,381.8119868388519,139.32319645041076,-108.24860471850185,763.100789967207,-0.1980019169415099,-5.073230369869098,39.830144741417556,-0.1323221761798476,-4.177042138473009,44.497927952864195,0.07936475417724631,-3.8420364050133182,61.046467198438584,0.4905495128800636,-1.9288854645658593,58.422377021950645,1.59776594304336,-0.44643853343592954,83.64712185673646,3.2581229077216896,1.6118212409381714,94.13317565849385,6.5811589473027166,4.457812003049216,123.39257305086136,6.991620913540556,4.90960721128151,93.99263546630657,14.9058257462042,8.747077726452186,146.8409771456903,40.49085643253009,17.06132337102307,321.47663962254296,-177.08422315056987,-45.27610933892656,-1223.1050869706041,-65.11415230204511,-7.615955039156847,-403.9847555456406,-54.11648417613143,0.9680471292550697,-309.01526438404517,-43.90419389683271,6.860133753705896,-237.5667287940138,51.115865353210815,-15.433977440986576,267.70956268101935,3691.9027702552485,-1650.5753751991183,18849.677981030625,140.2021207365585,-85.30503305120142,706.1803304292971,4.493295085486349,-2.688799797046029,67.45448739918008
209,2025-12-17 11:23:45.552735,2.4723988033188493,-3.6866009146049272,35.23637620555428,1.0882774544033051,-3.8195541261390913,34.6041709920775,4.324573616220373,-3.5278647210633403,34.040946435430726,5.575046647860339,-3.7396717562317234,33.76244733215601,3.4198983895470354,-0.9366056491766186,33.537152310517506,3.4784382260784725,-0.4818893452398054,34.326393637943184,2.465907282641609,-1.0967188693995782,34.74618584054744,4.51470754821222,-1.132840087568276,35.0372094609781,2.2768998528196476,0.10160206390354024,36.18105459204515,4.758855500283251,0.06688119797721237,35.25834113518509,3.4740794231974963,0.2182109192913327,34.286406937629366,3.459455161282138,0.8441642468565536,34.49194620420145,0.4452841241256837,-4.917341276818549,34.590778066034034,1.5494751966986828,-5.190447017316387,34.32566373707023,2.6486093999629112,-4.4946160167830485,34.22258673047812,4.078321769766989,-4.433267332849935,33.671254724125184,5.121444031785088,-5.068864784006925,33.58413540522165,6.083842985019529,-4.739177927577668,33.4472260310558,-0.3196716931778714,-4.694187104631486,36.86199106455,-0.23793877701597324,-3.4514993363171715,36.93487837110284,-0.05160786274640677,-2.2885799185663878,36.919910271248256,0.21178642546094917,-1.1567878240531866,36.83654891063079,0.6215744980715533,-0.14435603585578885,36.982342497705574,1.1966984025723932,0.6830039213439709,36.52376542128707,1.8890525278505754,1.3665662728465735,36.34511424802965,2.585359074022785,1.9171050843853659,35.2785299370454,3.5169860531411308,2.1309314181264765,34.882003290396156,4.257943568450031,1.8313844952178497,34.018094130839984,5.0476496581339205,1.299493261800937,35.124001773632735,5.574827689117495,0.6561359432145908,34.83871069161522,6.091469389946293,-0.11469010328000505,35.08945336608043,6.379860864968324,-1.0042682143503248,34.752719147362626,6.642632280515908,-1.9937378128731178,34.94455571430999,6.955505292549359,-3.1188315361545724,35.672465670199735,7.01213130245506,-4.265270772923782,35.46276131349798,3.4740794231974963,-1.132840087568276,34.882003290396156
210,2025-12-17 11:23:45.694947,0.7125038409399865,-1.0504790660901646,10.18016036754914,0.32385916844426116,-1.1334848259040258,10.337653976024411,1.3099321540143527,-1.0614650696258638,10.314974666650132,1.7216260788118443,-1.1498687744304381,10.449991496712139,1.008438654971516,-0.2757141630375354,9.87445931600672,1.0376650912755856,-0.13661610162045648,10.242343774028619,0.7336506430326601,-0.31785041080297194,10.330028918628617,1.3431063885421852,-0.3235658720386007,10.463648146975313,0.6731041100672535,0.052339907481805975,10.728784911569578,1.4788902721988,0.0373776016915036,10.956879193177343,1.059684500307127,0.07393269588254503,10.468662355920108,1.0547574809189688,0.2662809704232156,10.536139734158766,0.1301242460251282,-1.4419062362810535,10.197492707846642,0.4387460988361139,-1.4729625186875281,9.790914322365616,0.7556995356549571,-1.2740777234808656,9.756541292298596,1.1901039966738434,-1.2856696166491834,9.811903137918573,1.5015841587032175,-1.4758764811052074,9.827377101582428,1.8862708409560873,-1.462999867656297,10.379252393042107,-0.10033901281021405,-1.3751848109051925,10.993565197353249,-0.07695452323372279,-1.0169864168173237,11.146668454287608,-0.02099098611582154,-0.6742421987223396,11.27346086871619,0.05563157930359613,-0.32994595466098603,11.284353106395736,0.17713423746402882,-0.018750229621473644,11.367701637182314,0.3675195188978083,0.24050096536185972,11.532070287549987,0.5865178704686523,0.4572718427860909,11.4996851490808,0.8330152284597915,0.6399972291769339,11.465050991482652,1.1449921889037529,0.7148572845854343,11.439714374388089,1.4773548509218892,0.6458217120444983,11.83946584282727,1.7430261733535888,0.4690023642483088,12.17612014064329,1.9671126805131995,0.24921340695518165,12.30525602018799,2.1182949815137735,-0.021196948257069248,12.212092556280584,2.199226131467413,-0.32981500633996896,12.003202411037659,2.2329987444445782,-0.6542180050656639,11.784716676139547,2.227509912205602,-0.9755968712051476,11.454865416242484,2.190763287177929,-1.3116318400234854,11.11621065431737,1.0547574809189688,-0.32981500633996896,10.956879193177343
211,2025-12-17 11:23:45.825488,0.503602217194443,-0.7205283870029822,7.13394875571387,0.2293606591137102,-0.7566205590738185,7.139964897836031,0.9062444426721049,-0.7044579197127256,7.099773171606147,1.1746045226758801,-0.7470643579365268,7.125070593646384,0.7267981884369741,-0.20688158367211076,7.036625727411159,0.7370265071476194,-0.07993884571794861,7.172653985340569,0.5210740855249987,-0.2000820419596199,7.181247452694184,0.9255237572943679,-0.18956031342399643,7.146492825921267,0.4634659764027548,0.0826971938111306,7.241330492165913,0.9915390513555831,0.08791204540893928,7.229909580086805,0.7356420951277397,0.08192849717674619,7.1557098176103064,0.7310968285170415,0.2179621618668676,7.177601532741671,0.09873982507434342,-0.9921294914781492,7.167569725519596,0.3190895400934169,-1.0699734331547615,7.076408727501796,0.556315536361605,-0.9361828377886616,7.089984751191693,0.8546547865673372,-0.9281535117990605,7.042392779115164,1.0811254736460127,-1.0585444613876436,7.048815342455333,1.2928339724894646,-0.9640193543350567,7.105699117784504,-0.05801093660971505,-0.8474760272729885,7.337623934678969,-0.04209837098588377,-0.5957052645246622,7.355812325281802,-0.005523236469584077,-0.36136712514686925,7.392982926167031,0.04386211936377455,-0.13579877477689126,7.4106547980260125,0.12245835958287996,0.07433089906997824,7.456040338237768,0.24164678841206746,0.25262312937768466,7.4515235136820985,0.38814584253092727,0.3951705169742806,7.47601581447983,0.5502345100699848,0.5117099855537558,7.42007739404116,0.7496454611937872,0.5579436280664725,7.371433157598544,0.9359229208142104,0.5225478505148985,7.395445786555078,1.0753717138520187,0.4203706583386082,7.395639641247146,1.2003852803959854,0.2910259316881628,7.398932290061832,1.30397226497878,0.12305628641412897,7.409948359041775,1.3636401041112876,-0.07810942944214869,7.381246025284002,1.3948744629228707,-0.2920697901668169,7.300424664418283,1.4262577446531945,-0.5242934909018976,7.296355379759586,1.4285605946880369,-0.772744444438375,7.2346788399194235,0.7356420951277397,-0.2000820419596199,7.2346788399194235
212,2025-12-17 11:23:45.962461,1.4082493188424567,-2.034493678120528,20.141666520865282,0.6488525634921563,-2.186250532601593,20.500192635514598,2.5850988121429856,-1.9876127259361882,20.200474043473154,3.3289523484356205,-2.068733562264701,20.167835017502284,1.993894681125246,-0.5970935912607989,19.385159779929882,1.9976371795700612,-0.19101347117535772,19.619559054158984,1.429261059005449,-0.5416305060120365,20.014343052571686,2.6220502948774853,-0.5094171390138355,20.284274435893664,1.2633618552193833,0.2774443183542185,20.493745974482867,2.8162567964262584,0.32604235995033676,20.634339208417227,2.0137051687548255,0.2531851228662659,19.835191141570462,2.0303303885305373,0.6575992735931845,20.185800065856462,0.2758531052231908,-2.822276987158726,20.384121653555745,0.8886689143243108,-2.9957630645941675,19.71286562220275,1.5430481620680385,-2.584091962330974,19.564614177200447,2.398380856868538,-2.595676686930103,19.70568452316183,3.074353455941291,-2.966400070926128,19.954311401527814,3.7512434310279317,-2.732367146661182,20.581593501249884,-0.19635191275989963,-2.383232525200962,21.034755331789125,-0.1650518930525107,-1.6706639159208188,21.20672445822606,-0.07335217488681853,-0.9804233554361581,21.341816890004498,0.05737172310682771,-0.3178068107959293,21.5320758098496,0.2724010269951269,0.3241815655520312,21.62242466776,0.6288652650673306,0.8752765902059833,22.005052731599164,1.0560335222316068,1.3068974900204497,21.70587787725524,1.5365804583157294,1.6434508742482619,21.550924183322252,2.1797950480139363,1.8066972978921403,21.761558368219877,2.734133010128886,1.7190394777534697,21.83923274182435,3.1722453932001597,1.4220671383394188,21.89057447637921,3.5805230846858134,1.0464683448646406,22.067005959866552,3.8551396954029555,0.5405968490914009,21.90567827258934,4.018615218274977,-0.07057129826328117,21.75163050715819,4.214189242085402,-0.7547679757053242,22.03558391246942,4.243969028526641,-1.4309399296941714,21.70625986673515,4.307057379642013,-2.2138763885464647,21.800785793401587,2.0137051687548255,-0.5416305060120365,20.634339208417227
213,2025-12-17 11:23:46.086527,0.45391716977826624,-0.6492448183548836,6.526676376883173,0.20086363735926313,-0.6858908294263546,6.563251435745442,0.8366435050302026,-0.6282790666502943,6.5249107867971885,1.0812411294117725,-0.6544354530132371,6.520309252815081,0.660196299086087,-0.19199860747498793,6.377760280735735,0.6540441603576914,-0.05295304710187395,6.420258660060654,0.45874243602419024,-0.16139190461827424,6.464231799837784,0.8412000266589567,-0.14401263386422852,6.501226789765736,0.3931330202782509,0.11198767032039447,6.494031775105536,0.8890170324096887,0.1316042149568228,6.51198695784506,0.6516275040288196,0.0970120320592817,6.427200182986063,0.6439270983689297,0.23239288366938857,6.424807689404411,0.08190385305746788,-0.8999816594545123,6.573282404136787,0.29170829188784525,-0.987012297173028,6.498304541511681,0.5089676788562012,-0.8547599456754044,6.470266688560222,0.7931966525336315,-0.8503470034957954,6.489149207082057,1.0051062020048624,-0.9577799879613411,6.505342433543527,1.2009847422373294,-0.8541489524731087,6.58514367811685,-0.07685171752928606,-0.7361754665059748,6.671267331567749,-0.06790314290420559,-0.501260591837566,6.669325925975589,-0.03956896253974484,-0.2768287670283052,6.649657480768079,0.000745024755875352,-0.06367980601367304,6.618966950834297,0.06714924271910921,0.1384853215599458,6.636623109271006,0.17569660356679562,0.31385974639736025,6.677001287667019,0.3130242568150063,0.44854650903943527,6.651866596233652,0.46510323828806677,0.5542955186545687,6.6309944088154325,0.6596174824023701,0.6053834029323023,6.651206190333604,0.8324063989666856,0.5794806297739497,6.674554324681987,0.9726802221672699,0.49033254204226323,6.7182750315748025,1.0959948339812506,0.3751835389188516,6.767829483824844,1.1888376131454117,0.2163599956807835,6.758659445563805,1.2445796404388518,0.023082586311640344,6.7220164848400685,1.2885617575811006,-0.18525276201282198,6.7429031327736215,1.3120790238598026,-0.4029637665958743,6.71501097039895,1.3179100689927183,-0.6388136951077421,6.680050780583246,0.6540441603576914,-0.16139190461827424,6.58514367811685
214,2025-12-17 11:23:46.211058,0.03864798014454843,-0.0552540601331449,0.5683150197197107,0.01613068547780897,-0.057968849525243324,0.566594774901414,0.07238128661912098,-0.05465151735071109,0.5727671478377028,0.09471321298965427,-0.05800088845077154,0.5773203121672481,0.05661747815484015,-0.014319358194514388,0.5555308005899985,0.05547739954713432,-0.002934976365302315,0.5518893092570807,0.03857283650349218,-0.01214366316869882,0.5523870952485249,0.0712616002169182,-0.01190491037636961,0.5567937382080314,0.03273591690404297,0.010094563247895195,0.5432367670172384,0.07414025114817777,0.010669452505851206,0.548849594515271,0.05503329578205603,0.009483009057886273,0.5468597466723791,0.05387665006279932,0.020518046366740404,0.542247006327222,0.0056102017858974266,-0.07705884515678316,0.5717170825785117,0.02437765281461647,-0.08614425166339851,0.5781693428428427,0.04378907947372303,-0.07442789549032625,0.5765414660819821,0.06972018420437218,-0.07515782096760662,0.5804349288246035,0.08967652697935827,-0.08638765332615395,0.5874692082114631,0.10613362381818799,-0.07720470347552172,0.5858575677478638,-0.007642984213377584,-0.061796675387728164,0.5637987760202287,-0.006329769926811695,-0.04139731773375479,0.5563848803424817,-0.0035147952924576885,-0.022470824294592663,0.5497518916339523,0.00037189627275721734,-0.0048502872720376095,0.5437762556895963,0.006137937691838702,0.010837954630444527,0.53825100742528,0.014959289057993229,0.02365497368131414,0.5349727790525951,0.025782342806626078,0.03399239184758431,0.5331506222903934,0.037815763418617115,0.042035635077179744,0.5317383266481243,0.05300521213643518,0.04545868923179943,0.5330911284000279,0.06671854436601356,0.04296665105661974,0.5356882940219567,0.07773139279659899,0.03541821789358968,0.5398113292371779,0.08748285239095051,0.025777273995565515,0.5445743615428018,0.09599247740472473,0.013550116888557204,0.5501645319339302,0.10239892918200988,-0.0014878090987135203,0.5569135536511229,0.10710852630456542,-0.018921115237808657,0.5639975172938738,0.11095981542753784,-0.03720981722745816,0.5715830613791446,0.11365479126048439,-0.058056544705207026,0.580052604511537,0.05503329578205603,-0.01214366316869882,0.5555308005899985
215,2025-12-17 11:23:46.422395,0.3985865445214408,-0.5733507045408388,6.020814264023886,0.1619967389050317,-0.6142605042957808,6.0998803222198035,0.7386501125325029,-0.5508916034303064,5.8963914915401014,0.9542343975253514,-0.5773266458720082,5.838370266782292,0.6006860868695861,-0.13891226903288145,5.956595268837629,0.6034920760375126,-0.021635567020526096,6.024971481312051,0.41467978036245745,-0.11938275611144326,6.054929424996121,0.7614131427951544,-0.11365468471689424,5.973406367803635,0.35415534298371726,0.1264957276231414,6.084042897282154,0.8024928294468208,0.12934670766459241,5.970816917048977,0.6009558016195947,0.11675776833482944,6.0277514293316266,0.5893693879780898,0.24232827158985157,6.011334849365606,0.04365221277001454,-0.8072053652713785,6.091957495434961,0.2402282957010046,-0.8851974375357098,6.000188258927651,0.4435199615459928,-0.758055799806162,5.944472307104673,0.7033069045629653,-0.7523639890274867,5.884193521747083,0.8834441988243693,-0.8454493538855018,5.800698816905048,1.0424114582240678,-0.7472440624175831,5.762486921472668,-0.10262928066736335,-0.6646469299969495,6.227258491336086,-0.08814867093191334,-0.44575441770062063,6.241560460391381,-0.057326419959086154,-0.2361765508574509,6.2226668226241015,-0.013104251992667959,-0.03727742218276698,6.218896372462498,0.05250964301872557,0.1471443096684016,6.209570274560899,0.15875445754232914,0.2965914759374712,6.220889819660332,0.28639702722486954,0.413008366462675,6.195330016618388,0.4246373389749621,0.5038772120507456,6.133845242432558,0.6039587276447443,0.539676352283561,6.128665603006542,0.7538549430223744,0.5060768885864377,6.086859209222435,0.8681139934522031,0.4153170467958668,6.0581259182973985,0.9678997526099901,0.30480683815597714,6.0446369275179395,1.0455954125897753,0.16585798928346243,6.018317086949949,1.093802005593302,-0.001946045695369657,5.967782048406682,1.1232866922119895,-0.18459242199261103,5.930189142558362,1.1442486938600023,-0.3717820530609189,5.900235187105141,1.1445363041538674,-0.5764705438228956,5.843813423953192,0.6009558016195947,-0.11938275611144326,6.024971481312051
216,2025-12-17 11:23:46.543919,0.7219029279774382,-1.0401102141573746,11.21433590136391,0.2742154760850036,-1.0992273502198502,11.314496152010479,1.3708363595683777,-1.0236703711971693,11.05799829435658,1.777551268332965,-1.076158353888521,10.971810075336887,1.118590363553887,-0.25263416395698585,11.115623566228464,1.1031721041214844,-0.018213522259500802,11.129505164625074,0.7543670247519015,-0.19820026977835495,11.266906093658454,1.4100951754914177,-0.19918238043111758,11.157422488879222,0.6341671877250673,0.25888594974687634,11.33066429893407,1.4929402239102634,0.24847618784132072,11.182632356271283,1.103701870449959,0.23583453592114534,11.202709821010053,1.0791350035839056,0.45913067386890866,11.139506985606706,0.059529180379715364,-1.4808639118992917,11.509701633744484,0.43386239977169483,-1.6254474865365884,11.24332548078073,0.8238778574610366,-1.3976729690218754,11.1553721609569,1.3036788767989234,-1.385002367082005,11.004349820522641,1.6425097543598015,-1.5699804858089756,10.887771718030592,1.94786196168603,-1.398743815485586,10.85505412248708,-0.24275043491329026,-1.186811909040254,11.675998012920056,-0.21377662397206093,-0.7700676952811752,11.61340757501728,-0.15605073534488026,-0.3895102071517321,11.604156842583466,-0.07432832411984805,-0.01949080285460416,11.58710796404305,0.04966499917362828,0.3238123989915715,11.5032853167056,0.24416618490801645,0.6060344117246751,11.491469496443301,0.487771578548678,0.8200081418770775,11.425882139069202,0.7626673151095893,0.983701071678787,11.367596289668345,1.0941568340535468,1.0490524867198934,11.318263649674277,1.3850418094177797,0.9816359885650067,11.326833212263589,1.606967327964631,0.8096463674402091,11.32821913908089,1.7949618544117805,0.6034592312305774,11.316219911387138,1.9263718372428997,0.334886630400076,11.223211016038896,2.036084277922858,0.012843934984412221,11.243813687022543,2.0936575109518927,-0.33184701119386667,11.186628780401943,2.1249780866693673,-0.682045214902775,11.117580791346803,2.139711570055547,-1.0775630407114738,11.094231959504024,1.1031721041214844,-0.19918238043111758,11.24332548078073
217,2025-12-17 11:23:46.661528,0.5266389887093402,-0.7623565502034468,8.40402353735645,0.19101402639740517,-0.8040008434368642,8.48465789014682,1.0273505901640443,-0.7634080048848879,8.384135103458538,1.3427031089453207,-0.8067005579620341,8.356579545529478,0.8314846781687444,-0.178398232515735,8.337920430476371,0.8354101523704818,-0.002578601893553695,8.509744832018361,0.5600751734192615,-0.13197742547606095,8.546593463199635,1.069826335986765,-0.1391822260288557,8.552915518973965,0.4685653467735684,0.21884430775033248,8.732500315486824,1.1385848546626884,0.20574933564882447,8.601059468463692,0.8339006223510077,0.19671687180149952,8.561783377681568,0.8258681576287279,0.36692257026995323,8.60697267716978,0.01921388767552392,-1.058911082744218,8.46795517682546,0.300636597699992,-1.1784258356359967,8.280316542904968,0.599983602093854,-1.0191810497315046,8.280690517654675,0.9687428264933371,-1.0284700830948825,8.274810570988343,1.2284555440043203,-1.166322240981015,8.191239632950646,1.4761307247106916,-1.0525398550961595,8.276235034985845,-0.22107659998325987,-0.8590778914218611,8.768984729005911,-0.19638384573717854,-0.5555586977747802,8.84708792239772,-0.15250941743094054,-0.26851227151787527,8.96218372043473,-0.08872994363900828,0.018474957408411912,9.066171593589265,0.011039930795064748,0.2889284530380651,9.130995958934838,0.17119825478291611,0.5164622858244274,9.13059894514816,0.37553384133676104,0.6926351288781489,9.160658272965339,0.5992164489361026,0.8203751677192276,9.08792847657084,0.8613499429098203,0.8639610561855307,8.978307230903187,1.09088537913766,0.8086165566286617,9.006777461130554,1.2622412475167053,0.6687854569552154,8.97820256228015,1.3976437440251501,0.4995925847241597,8.909834539797911,1.5069344625214165,0.28331325379158756,8.860105913349166,1.5758500113148897,0.0292206632511969,8.816178286405094,1.604296797797941,-0.2389713122130168,8.681394402114194,1.6121769266058315,-0.5077596919479517,8.554593695392033,1.611264838457967,-0.8042678095873569,8.48457281466427,0.8339006223510077,-0.1391822260288557,8.601059468463692
218,2025-12-17 11:23:46.778252,1.4536420052767622,-2.123040465527734,24.005414050757352,0.4953221402316129,-2.20352724629485,24.148851169466884,2.818243127004759,-2.0767614195103654,23.382062736685047,3.753639023765688,-2.2393907984152883,23.72972969695374,2.315181984096811,-0.481638001750137,23.35472865796789,2.2848539072407164,0.06343801394211086,23.557623983135077,1.5244775460750826,-0.28194246949342483,23.814627830456136,2.863699409499924,-0.2935316535607475,23.2083535665012,1.224043100194207,0.7394066171630824,23.82609546976421,3.099543587882334,0.6667368564266021,23.607648307888734,2.235207685692668,0.6225201466085574,23.293239399947065,2.1881341245695243,1.0862194357517856,23.045283755344848,-0.0025285754192953653,-3.0146439725256124,24.83490710863557,0.8367703600406184,-3.425972015377653,24.34609180268812,1.6839656293179752,-2.884772168400612,23.714069908812554,2.712984692290899,-2.8941072134684243,23.572384058823612,3.48276900854343,-3.322308716791305,23.544605176711382,4.185852430327041,-2.9783953649659516,23.80885591416786,-0.7340174803939737,-2.3057458275097282,25.264862907176656,-0.6726021889877503,-1.4116147356640234,25.464442439839516,-0.5472321882517113,-0.5446996879012359,25.63387281621001,-0.3579744472696282,0.3062945855840675,25.235377442212155,-0.08758823237127968,1.057446749844655,24.805027732387714,0.36898910140999264,1.6933355061725988,24.863229696076026,0.9259965544541892,2.1506920148768094,24.483434066330616,1.5092034987990248,2.413550050242131,23.697429343596482,2.2249837802486048,2.503783837706552,23.5232859782198,2.7606353888581463,2.310099558247698,23.10035863980324,3.301778329437053,1.9930104804371502,23.733875689729555,3.647681274331167,1.5101453954213901,23.50485923049579,3.919742951701049,0.9190983573256127,23.368264022790925,4.090188095022024,0.23247124457820068,23.234295810963282,4.279294657175491,-0.5263629317799817,23.563679808355378,4.408083958186106,-1.3208502945393523,23.8101716566265,4.398085786630882,-2.1485193568027277,23.609951571852942,2.235207685692668,-0.2935316535607475,23.714069908812554
219,2025-12-17 11:23:46.900437,0.3639105539751024,-0.5335696163471229,6.192637733757518,0.11105047358803262,-0.5544484667637842,6.226389556903438,0.7386415741305912,-0.5385633081989535,6.16844820620723,0.9778254905668197,-0.5716594381873483,6.205443447985069,0.5995416365322943,-0.11313600454074277,6.138322183203721,0.5909994617097971,0.03456943543753012,6.196149861784069,0.38597563414621144,-0.05560315163071481,6.233777348797107,0.7614947152292526,-0.06469744189843522,6.223696518481962,0.31016846272259146,0.21851627596122986,6.292017771882171,0.8178531333887586,0.20053160504052658,6.27832601950656,0.5871074088116428,0.1848883535145561,6.227549936525359,0.5826277082327314,0.3117154107357735,6.220158070163229,-0.017180276373087815,-0.737527996507079,6.2279906126543425,0.19931227160480305,-0.8486559591854904,6.13136657265546,0.42450668187478885,-0.7344597983512426,6.112740928137832,0.6979625256539912,-0.7423917066765712,6.11981651770365,0.8949866362178351,-0.8519297546530251,6.098304815569345,1.0781548555458396,-0.7586751681848912,6.166033308284199,-0.2030256045451778,-0.5573085124468218,6.365037339301068,-0.1901144167103668,-0.32627671199206093,6.391777751168395,-0.15951816251525844,-0.10391805068939167,6.431009020135432,-0.11623038886070629,0.11057022437485234,6.450040849810229,-0.044255274757679104,0.3079087471222824,6.444607579006354,0.07371050194002102,0.47888890632295217,6.477931534151975,0.2258277760784317,0.6073639317216911,6.484424985107156,0.3928678721856874,0.687437935334815,6.430420336002957,0.5956938957961391,0.7163534600672403,6.423834682716915,0.7640695890153854,0.6734483459691197,6.444435546578533,0.8951968303434428,0.577067591453106,6.4791753302864405,0.9989472210775395,0.44293964611746184,6.459992766131572,1.0799411894093487,0.27766983056108085,6.450290639733074,1.1291095773026791,0.08296187854996308,6.417634905880282,1.156654013248026,-0.1235049203511048,6.38065896402995,1.174487438080806,-0.3338912345945964,6.352126447752764,1.1755357539801552,-0.5606618306389162,6.314972200343112,0.5909994617097971,-0.06469744189843522,6.292017771882171
220,2025-12-17 11:23:47.029798,10.189904555258918,-15.39381824904042,183.144296422913,1.0490855646846122,-6.781776969977588,77.49205281304039,10.814135411844935,-7.790477395333278,91.53685817647283,5.430745783976676,-3.151270208526123,34.494434508491715,7.850473817562519,-1.1654790918746036,82.82846747709891,9.44547688228872,0.8743595348795916,101.94998414821819,6.680373794770269,-0.7775766741786221,113.2400458520781,21.518889214853335,-1.4773229027742056,178.33199964064204,-32.3124140812291,-24.21797744886491,-691.3974231608385,15.187070654478413,3.83886328480373,118.21535924458041,12.00675623540186,4.164979685275032,130.52162799900182,15.442905362644114,8.815645527034127,169.71808591922942,-0.6677699201752708,-10.120972520557343,85.89037114877195,1.7721319285558004,-8.647545687351592,63.491406824141215,4.925294992259978,-8.768865905633575,74.82889698280059,4.670860194691032,-4.9667682846325585,41.75623588924915,6.287427986670188,-5.959431122983602,43.15901445590948,8.269898686787116,-5.802724628255841,47.21205763456564,-8.586471007498517,-20.892988420658064,235.84920333716354,-12.44248231067909,-19.488814197155815,372.4083101093971,16.412809658584735,10.7651064071734,-593.2751461711434,7.475657198687566,-5.270820185812434,-364.01921390640524,1.5845329546821136,-8.149110950863722,-183.19297902271842,-2.1155557281148285,-14.719690864383598,-211.44819582485832,-9.643867200812453,-25.575010277217906,-289.443804828602,-40.48577835452885,-70.11792595989215,-683.7618744325822,-38.13235136410184,-44.995554992003456,-419.9622961320919,-35.45752044437131,-30.186882452008454,-301.8914700615244,203.61288350155579,124.90308302136066,1488.3788950579349,60.09333223478872,25.13773679863727,390.73404114414893,536.3593912298418,126.16406180176307,3206.031037956508,457.5464943867047,26.07222658470828,2598.0340938522445,-6.603307076790111,0.7787031676137476,-36.236915102055406,1.1278564220861456,-0.3323060410818256,6.06824894793355,5.390352040864378,-2.614497127151512,28.723413824031503,5.430745783976676,-5.270820185812434,74.82889698280059
221,2025-12-17 11:23:47.160649,5.3391700321312205,-8.203685207115369,98.52744473703298,4.7539642875103665,-30.183993792506335,350.21306684823077,316.9617584254091,-229.00735764667425,2718.642569267261,-15.485338991443097,8.92289134005337,-99.23864985476118,9.21213780167354,-1.3852994736997026,97.9488986979817,8.85868081315775,0.8243526107968219,96.37783179403802,8.058054924744436,-0.9334551930520074,138.192253643017,7.9597713515715,-0.5552821951244424,66.76789514114962,4.032581291334354,3.203214363788464,89.75108777007642,18.28725728929948,4.582515714928772,143.7947037103683,9.40258996881361,3.2909742670799345,102.98820967133328,21.151307057561098,12.128190045031616,235.45742752799526,-4.070049850057332,-60.58143289275452,521.1048943210383,22.772165742723047,-109.12640023024785,813.7210742651281,48.412916475397125,-86.02354882189591,742.4529284486015,-22.817068178004334,23.9677751937139,-205.18762850096093,-36.87906016634359,34.706581731463,-255.38564529036674,-21.66904979832179,15.177810662279247,-125.10803861711521,-15.081092387023478,-34.68834327044306,399.5210836445853,-10.739370755728165,-15.725181628682744,308.3275081814486,-7.6321551395697815,-4.294360483329502,256.0237749492981,-2.6456924480252417,1.8249647675057308,116.39719913636999,-1.2045876896921608,4.843303807881306,106.25797097367375,0.644465988011994,5.879079250647927,82.9281365824352,2.3396226596727883,6.662573112649276,74.60102928099721,4.874392262326755,8.71410776941658,84.4033997828854,5.096567481415007,6.154848927648926,57.098630129633925,5.621884619148882,4.880972575997065,48.4653785823937,7.070188634167255,4.380175445010036,52.128766201286986,7.046472088041828,2.962966569132808,46.15385912649077,8.207050512081521,1.9471599887712703,49.50016263811845,10.05220499551805,0.5765074212783816,57.58356074078726,1.1262349651400587,-0.13022701565880876,6.243663323057039,-2.945337314352794,0.8516292657431305,-15.987691882157035,-14.97569956747477,7.234108465730752,-80.81200865779607,4.874392262326755,1.9471599887712703,89.75108777007642
222,2025-12-17 11:23:47.290113,1.612855034038439,-2.494020200935982,30.747586510893807,0.3440280122945815,-2.52243143172741,29.8056392762539,3.64447217190618,-2.627526135168622,31.989650247795446,5.049552620737799,-2.9137101010327218,32.96460721196264,2.9012849981962465,-0.3985303402256275,31.61143499778357,2.949461198260075,0.3278392587509023,32.89444477175592,1.8302995992423388,-0.171512152365643,32.49906043427315,3.9389208013205166,-0.22875987748816531,33.6522622440191,1.4740680561402353,1.2538652216139852,34.03788817308376,4.407152129950245,1.1819748719754986,35.444513502370086,3.047062286908281,1.1388627508071394,34.23363068794356,3.005569118752344,1.8297451391322375,34.55808735336438,-0.2891021081313959,-3.422805997651851,29.838098769399267,0.7494751085039023,-3.809707479396918,28.75434071865334,1.8390112560650194,-3.3419026091205972,29.259667273360634,3.1960488474133726,-3.397848007341025,29.473212804271103,4.350685963750423,-4.124314547512088,30.709106216204752,5.644636620053175,-3.9731934816100076,33.16559894746866,-1.244750279584668,-2.655657893086549,31.080429986891264,-1.1853287104450392,-1.5840169988059236,31.89773339384615,-1.0735139741795268,-0.5195681655846601,33.65392667348508,-0.8114327139808707,0.5467937192288749,33.238411162201324,-0.4466547334040813,1.6118106151765528,34.84318022524997,0.23440492953926495,2.5163250358559495,35.42287565348828,1.10287233548378,3.2863523742923473,36.80370623747959,2.142739116309925,3.960586452461898,38.33841314032475,3.365002867557331,4.130258559210326,38.55377317822524,4.5291082545930506,3.9815664672632916,39.83532218088871,5.664745186718293,3.567255811048928,42.50357191985507,6.330701695413762,2.7148756071063262,42.286757368154625,6.838058811597381,1.6812267042864957,41.970529298816714,7.10167409123518,0.47481354352595206,41.411768425793106,6.992736165757233,-0.7912586280072732,39.368414248060986,6.764157345962884,-1.9582148250025397,37.30069349048291,6.644287124273896,-3.2005341792947264,36.375762718628735,3.005569118752344,-0.22875987748816531,33.65392667348508
223,2025-12-17 11:23:47.723753,0.601688987896152,-0.9676282452553379,11.89671862708867,0.10714961875702929,-0.9762769313268443,11.600516038417979,1.3795198918453706,-1.006541149782413,12.125271991919577,1.9178744182888436,-1.1178207947084333,12.465341602570449,1.0705691822209462,-0.1408156457748106,11.832974355300843,1.0585413025008004,0.11776622823477215,11.988511492314029,0.6563885440938373,-0.06376595664551506,11.990231425161241,1.4239340589630027,-0.08858014079747793,12.233957956677234,0.49787523093239805,0.4330531626352769,12.087013944978533,1.537389569535412,0.3997127676340057,12.435985720944219,1.0660718048642999,0.3969555814404204,12.164639808455869,1.0339205460929843,0.6282141834164751,12.095190877280775,-0.13888716040107132,-1.3201931495089374,11.557337924959167,0.2831757277934636,-1.5274713284901482,11.61273409239964,0.7162520161761369,-1.3168092027681262,11.638144021986244,1.304678743279543,-1.3826193578219321,12.05187377639129,1.7406747393577264,-1.6537805302740414,12.258766939865712,2.123458628438738,-1.5169907347147011,12.409743441221686,-0.5286144969165575,-1.0461534698035595,12.181637513341533,-0.49661997345155023,-0.6165590748109555,12.26076455276238,-0.429613064189612,-0.20990600908846999,12.341812094728382,-0.3444590001017602,0.1925734144268901,12.425370792249833,-0.1978271234249902,0.5603192001464176,12.621057747667388,0.05406543512773313,0.8777784957746384,12.615603889628266,0.35072724012626705,1.1036941229493857,12.588022265172029,0.6803111711137194,1.2674604924082573,12.520917507862867,1.0645723210535776,1.3030741953610148,12.395396271292215,1.4141155203766433,1.2247952128383695,12.568819285719798,1.6993792576532625,1.021078415403646,12.81456110880042,1.9093741974435134,0.7603897936317534,12.803608363092463,2.102915538218408,0.45080786704511205,12.914133821059446,2.19629759716091,0.08172849184575919,12.799855392695491,2.281799602306319,-0.3137053129823692,12.800819545699051,2.32781443849039,-0.7241593177034362,12.785712182139292,2.3558556364628993,-1.1774431061653605,12.806569131591397,1.0645723210535776,-0.08858014079747793,12.341812094728382
224,2025-12-17 11:23:47.844253,1.1431561967657626,-1.8232590107481237,22.22380887283824,0.26432361437775437,-1.8480463524245891,21.847998412529527,2.5474452704040305,-1.8986816457570541,22.65538154033713,3.436789237064074,-2.062429880545215,23.012535248869167,1.943842109889215,-0.2773398997788624,20.919534988062907,1.8631005352299046,0.1859606272323729,20.730805293912738,1.1533908341020258,-0.1096514952479042,20.52486068674805,2.438036685283173,-0.1552756915468414,21.098183039521455,0.8615735619521052,0.728647301243705,20.19216184834117,2.5125838082298353,0.6765619003996047,20.6373495599303,1.7888946855660723,0.6585198726835032,20.24811392606412,1.7417576536804777,1.0406196342854026,20.06808410456999,-0.20645867970451975,-2.551798065278073,22.37189369973837,0.5872546024156222,-2.9253922999808184,22.22027873135539,1.4073860146321187,-2.509357608890088,22.11253529172342,2.416961585821743,-2.6069056548055793,22.62963452763334,3.2644046492943835,-3.1810744979386563,23.627646469878005,3.9490037464378265,-2.925641594995809,23.76329867953518,-1.0568608423793904,-1.9887305397146797,23.523253572385542,-0.9703650358056005,-1.1311117767308487,23.13520482690356,-0.822678720303192,-0.35384168012112444,22.74631818138092,-0.6485211717553383,0.3802486008826858,22.351873525214057,-0.3871351365087045,1.0092799737715477,21.809225352826186,0.05863053758649323,1.5290716770980028,21.244404033650465,0.555218318013573,1.8464524125561752,20.510175821093213,1.0881229285396588,2.068835210511103,20.050620929798473,1.7041937401252703,2.101591089734491,19.721319004384856,2.260420139465582,1.9949175555427547,20.24970053051561,2.7109664221080347,1.6747057257138123,20.90875192688499,3.1274799431132547,1.2694762660270755,21.502812785344176,3.4458359494758333,0.7460092308191544,21.846145296631324,3.7041263338329946,0.12385467538652235,22.251645126241137,3.9145802851774985,-0.5734653281030754,22.707620360168487,4.073771369003821,-1.3371775521252836,23.210458016392174,4.263512129949699,-2.2258831497185176,24.152796573626482,1.7888946855660723,-0.1552756915468414,21.847998412529527
225,2025-12-17 11:23:47.983252,3.182312711227345,-5.125856503580342,61.838192171688256,0.7991633674364048,-5.22745496838584,61.34265447507291,8.430580827159089,-6.420026012368139,75.95684632737843,20.565917808962425,-12.595094212593738,140.4054699422601,3.4237473437379635,-0.47571021862418544,36.13740050693123,4.259341073540694,0.4427110886412247,46.37691257863404,2.7123191029436935,-0.21045682940855479,45.950774410825076,5.654794868427429,-0.350620871675432,48.558373421089726,2.510861582478376,1.9823434287761068,54.27847769073382,7.551928851210039,2.0779168240512544,61.44217061126487,3.752436112229052,1.3724521886234038,41.14659145097896,3.8007205661419885,2.2375417952821803,42.30959127879242,-0.5945862405826973,-7.401884435089001,64.4634192079275,1.5208193369231224,-7.578125890838359,57.58249046067632,3.5303491079768397,-6.293569978592155,55.49548567932892,6.570167846531738,-7.159628991929,62.56295250738479,12.575868046056831,-12.555366749297875,93.76395110511055,40.32130305853724,-30.833960482210774,248.380200031638,-79.01181604414505,-144.79157495386787,1680.7087084103584,-35.30420891104321,-40.99977926399094,814.1305664493633,-58.3015031040514,-26.538877231980287,1578.1639690046366,-21.580706861380303,11.766609737093479,741.1085623761207,-4.962206159613342,13.217834569117212,291.67929593603435,0.5662250442864549,9.549501369152757,132.6671596809337,2.460787676020498,7.440402635015791,82.26778830470714,3.0142334376134103,5.401514237372601,52.149462994579316,4.035209856738493,4.788090117156839,44.79038830353024,5.72022589320223,4.881894116569596,50.24378607046755,8.836059816838972,5.242116612097451,67.72362599481939,16.44684618143882,6.296221604131922,113.37832336003805,48.023167453455834,9.552490871369415,306.5033895811278,123.02270642719851,2.0011179486941035,746.4237795111709,241.35751489375932,-38.870794941512294,1420.4712895147527,-89.63125507103274,30.8074302221239,-520.5125321047045,-261.1420341526624,141.53696819035008,-1523.6187847410351,3.5303491079768397,0.4427110886412247,62.56295250738479
226,2025-12-17 11:23:48.114785,-27.16094403864399,41.19388638758365,-494.5619475774541,-1.5774469063221634,7.685594272284776,-89.51736593428724,108.02248328576174,-82.45242390571555,961.7645357042614,24.0197770846505,-15.21065515299301,165.68087022832142,-17.026675193996866,2.2071668844959067,-165.874333305133,-18.22825682244348,-1.5966765646509866,-186.75438437788776,-11.977170193577258,0.9812597050260321,-182.7687482847658,-105.32774707722201,7.579380750365617,-869.4103801775618,-9.72837874241105,-6.416617121024033,-186.21643712935148,-258.5899763538345,-62.757546912991195,-2038.2615621130356,-31.741191896697657,-10.228050673130294,-322.2674203376091,-24.696194798325262,-12.82876867275084,-253.8017134465412,0.3868121135140515,8.112363496568461,-71.01498135686316,-2.029255518166319,8.796051760655326,-67.49311859022414,-5.440770522157032,9.127305204731709,-81.06605099776324,65.67792479965554,-69.84728598138871,616.2173365426903,18.28269192439666,-18.377437959060078,137.45646754877868,14.699857533323984,-11.713722762226798,92.20396845490936,8.248099498835815,14.288571524759053,-163.04149944727607,9.91739405409956,11.083629495572065,-214.05418993389603,10.443383687810623,4.7698412553051455,-261.0586535181632,7.43226794752533,-3.4055814867957275,-237.6497665997565,2.925732782276804,-7.055616353500811,-162.3447693886628,-0.8454759553428107,-10.650254964849765,-151.42786233937792,-4.565065918558055,-12.063721049420064,-136.23060755514518,-8.748542329410345,-13.808668132235862,-136.464823569161,-16.415725211595053,-17.498099751460444,-168.94074997032865,-53.520841893403826,-41.507367510088116,-447.84971016592255,97.15113600571259,52.27686763251941,725.0531336141726,29.473844473908063,10.009095340781839,201.82111819386668,20.94343635416233,3.4177571230337005,134.67991916042817,18.748180457194277,-0.35915562806806084,115.206082574514,13.241396970089998,-2.6019677565435506,79.0362618749626,12.81956663039153,-4.900136707870858,76.16603066557096,13.015674563584295,-7.553157965271368,77.8066898531282,0.3868121135140515,-3.4055814867957275,-136.464823569161
227,2025-12-17 11:23:48.249476,1.1292608231552999,-1.581177466352783,19.070765295237106,0.47546884531320566,-1.7066402315159632,20.21095890559198,1.9534541038525872,-1.4586684110310142,16.84113828055516,1.7062640555565265,-1.0815085525579355,11.580223426803938,7.167120566069306,-0.825849045540697,65.92268554943705,7.895305190688846,0.7114266994979591,76.13282544020132,4.345136338089141,-0.2514134489114908,60.590576401730566,8.110303226469263,-0.5802768295256268,64.50013503457384,2.835533259065517,1.7214093878696393,48.52568839723188,8.730997679574008,1.9634983901586316,66.08429557845508,11.580316793303622,3.5408497044821936,111.16176428908584,7.716904572818318,3.788120177100903,74.53135140379666,0.0007634108279959569,-2.1407299354751403,19.010723940909575,0.5879585409846206,-2.116050273727075,16.403987645247355,1.0674766631387798,-1.628415974768995,14.636970421062511,1.1326760374765572,-1.1755368178455308,10.341349039895901,2.296365444191435,-2.299450465459536,17.04241057930326,5.400336834122243,-4.360765459613591,33.711859320349255,-2.188589094302502,-4.078346023367533,47.27804545367233,-2.099590343974746,-2.5232586754168396,50.04991614420601,-2.5657119154428605,-1.212147106306708,72.39086352414895,-2.675827885598134,1.5984387823900785,101.75240254938244,-1.2696055887223074,4.500628369002292,98.96920599270076,1.157209561101062,7.3306120096869325,101.09210199768864,4.984717043575618,11.334931739630216,124.85472403683366,6.8904113614109255,10.084924368340898,97.60672580446598,10.988545366879125,11.117487131092957,105.83678944253745,8.316174629809119,6.16756198545803,66.55006585721733,5.483557505494585,2.8056663367525627,39.64343455244416,4.4140319740147085,1.40128346569334,29.56541957400789,3.408426724518107,0.4841554084274722,21.53346792305855,3.3657845468160876,-0.12587571327989014,20.38639435822131,3.21790431408833,-0.7087188764872355,19.029197179035325,2.6192367534962817,-1.0601442447316358,15.476204204207368,5.433126708853519,-3.2756992593927836,32.41629200821705,3.21790431408833,-0.5802768295256268,47.27804545367233
228,2025-12-17 11:23:48.386529,5.346437212123398,-7.401879718893635,87.99805389931046,3.8300893508759306,-11.94132257635992,140.46527037515946,7.668973803493136,-5.990755164610785,66.98037996117223,5.8988124388190775,-3.954045975488685,41.118528423671364,10.052373406266657,-1.4864295353798957,92.30607551284716,10.580694923617916,0.5846898793690208,101.23115735278884,9.396298980778601,-0.8730454755175484,127.93186274267315,10.261338523385401,-1.0706551468531744,81.8857919212964,63.20426796851752,32.623292832577604,1029.3010266383342,17.33541737722276,3.317921974260452,131.39679949779944,11.656545026246196,3.1414004278466416,110.75658815702306,50.70385314800099,22.29951618338774,480.1718265836126,0.3511360453126993,-8.093305278814112,72.63396000153597,7.867254652377792,-26.184798378324704,205.11847847222782,8.17877530178821,-12.355572911380253,110.96518817337342,7.616394647772245,-8.005228268257984,70.47902528435344,4.8274952960964495,-4.992586802125782,36.90406985906258,4.971265726987395,-4.221835692196245,31.874900832707528,-1.7897641570358904,-3.3896127784888144,40.02860600479873,-1.650238094896942,-2.053324849082185,41.36873963949704,-1.9370188740027052,-0.9405144700533823,58.15539454076752,-1.9921559854035762,1.2927263735975076,81.97051354631878,-0.8946920457947526,4.018716838054395,89.67462059296383,2.44882537632767,11.904645352786051,167.51608143154616,13.063922047963356,26.59317423405319,300.21833289691574,54.000957276672885,72.48573986319705,727.0744921146787,66.37566416074837,62.19172416500973,618.0811153167087,27.371262232759992,18.665466796707463,214.87013380538517,19.958070589576135,9.049960969875144,142.82749136215108,13.25998702970377,3.441561890669494,88.3031455069586,10.339662921479578,0.8712228343218822,65.39329026379303,7.601114798338731,-0.6694749858785871,46.40006642760257,7.197718188813661,-1.914678695541175,43.194535246960655,6.552900622077287,-2.956229747944366,39.583851578737914,5.76414984627804,-3.720173304449314,35.24717309923698,7.668973803493136,-0.9405144700533823,88.3031455069586
229,2025-12-17 11:23:48.513001,2.2215479073077207,-3.00801523426859,35.757360104712085,1.238913850040237,-3.4888524971923722,41.11938127695169,3.18005779501129,-2.4831909187255574,27.769292396581022,3.7025884752031235,-2.5355432479289717,26.198699729979946,3.4591606130086014,-0.5187566716726004,31.654454430788054,3.5492956060622887,0.19094041203961112,33.871717823840925,3.217214880548788,-0.28571110669387606,43.15560009908669,4.421392077373019,-0.46258533951400393,35.45163497587404,3.8161126718047775,1.9919357515807092,60.11346952111528,5.84195361298701,1.169568469564144,44.49877831439516,4.522618525945605,1.2116454949961386,42.87508898314753,4.9170745327615375,2.2068757399663905,45.98575374049978,0.35688549598001923,-4.986231672647268,44.5463033832118,1.5300873880006864,-4.756002550622811,37.584384593120944,2.4137605785435894,-3.554114857843599,32.14310862615061,2.7163845303407914,-2.8391004384843663,25.072918747127314,2.97005422404664,-3.122215487977156,23.06315529485903,3.5292210812507867,-3.088864542260926,23.06802628990336,-1.8121169135502397,-3.7509319261027754,43.167572627229816,-2.077710022590448,-2.8790478423244488,54.837569668247035,-1.3524985196625914,-0.7955546644717403,43.33735611535164,-0.9788041987443986,0.6214810874844341,43.56371658668295,-0.48054660944800554,2.3598717190108878,54.32939082411201,0.9286365543685206,4.234522992846583,59.60527558292116,3.335014377295447,6.62656366559613,74.20056548389678,4.690149168692458,6.25802403937886,61.88184150084797,7.189066024938043,6.758936247163896,66.14329079680616,7.295187196318422,4.966039526281663,56.809585200159155,6.996735861630319,3.1543965363560975,49.80654546774581,6.076119579465958,1.5165143288015686,40.33052377250313,5.977494426656778,0.43403142477693507,37.90702064430286,5.325145306926829,-0.5635482381725839,32.846413632906554,4.685931506768613,-1.3283340345182515,28.483580705127885,4.16879166708921,-1.959419420158611,25.540170845167257,3.6421103414722196,-2.426415743563146,22.67420569237396,3.5292210812507867,-0.5187566716726004,41.11938127695169
230,2025-12-17 11:23:48.640935,2.443753803875825,-3.2081909112979994,38.51823792351955,1.259251767134942,-3.222937392745473,38.38599958805129,4.514098601913169,-3.540437817475006,39.83659821385725,5.381711038756605,-3.714535424716181,38.84973846454672,4.21611241573789,-0.6903536869032229,38.853241927900505,4.21815462248466,0.17218222125183905,40.57711005272542,3.079292090403333,-0.2750252116215857,40.8346350484457,5.036355065189966,-0.546070495974601,40.7386143119022,2.6284855298957526,1.3273242392875164,40.06466157026351,5.42500384349304,1.0859967955206764,41.52412150897011,4.345304131200384,1.133429736966546,41.19195304978609,4.204975552249814,1.8479949457660017,39.24006469198666,0.4316646774747292,-4.1375965672090835,37.48100081238998,1.633444301390999,-4.7301139159449646,37.99570971532518,2.962994091352404,-4.26049977397915,39.01727499721247,4.045921027938526,-4.256130026553455,37.90782896065718,4.809615103286201,-5.090625626839203,38.16566068437246,5.521606759498279,-4.8915276069467195,37.03508395587939,-1.5199784518678796,-3.4745887847633834,40.322263884758286,-1.3845233567237163,-2.110616695925131,40.688113510471375,-1.0707454461710648,-0.726287355720872,38.39264745705066,-0.7424738550878632,0.49918465260103384,38.486320144083656,-0.24661695833862504,1.6400304209835832,38.444972389439556,0.6819168915152859,2.6691406499955557,38.03288378658958,1.8750052834423954,3.567621098267117,39.91473375160665,2.845629627647326,3.714558020602877,36.94868244047346,4.188198638000317,3.9037042847558228,38.23203394311398,5.074434154249648,3.4179334844632328,39.360552341196204,5.643076268718193,2.511667327086412,40.14636925272718,6.052942068376666,1.4716509682100283,40.449287012941866,6.479289706206168,0.4428699862242005,41.455176786463234,6.5421489859222515,-0.7309867290249348,40.900865139773835,6.528344932733541,-1.9082764953479157,40.4228095964228,6.378571531908329,-3.064165160641809,40.00043856185418,6.174055092071815,-4.198718099180386,39.567788003933195,4.204975552249814,-0.6903536869032229,39.360552341196204
231,2025-12-17 11:23:48.776823,16.942701113518012,-21.647614008484023,261.9962748785262,6.550103584007746,-15.583703094213817,187.25397485649407,25.149832256501234,-19.550317930743727,220.43766110265972,56.422151833187755,-38.540806144567895,406.54563176670075,488.11002789704105,-83.09559092457935,4480.678828980226,41.14199070625312,1.0815424837310434,394.75185382449996,15.294044857546348,-1.6364744647461884,200.33842175095663,47.7898128487135,-5.6847669605270825,386.0201094663028,10.671304592791754,4.954427542476267,159.5312237006436,222.842915556459,40.850953699359586,1713.596964448939,-210.0728689062666,-50.27379318929566,-1991.8282341319373,25.5282554621078,10.656405400737613,236.9035222577895,2.0941278685279725,-16.240984568897314,149.1943292106471,17.476311893654184,-47.81805193157921,388.81161587627616,22.827573080801493,-31.9233323463415,294.6204159606159,48.510081475156724,-50.07255883399994,451.6007011410971,52.518809902671386,-54.67991604236949,414.7567398041259,50.48777845157117,-43.93169993113161,338.21568374224535,-4.336863156914363,-10.639573518984418,123.59612301164861,-3.2192740828331554,-5.401429748579829,102.83953718992464,-3.2317928191435747,-2.46778879731036,129.56446337750202,-1.584297996914186,1.1826337404005425,97.65154100372442,-0.44365849410958774,5.270673770713511,128.056516041389,1.839620333504992,6.061507449434716,89.00298745651492,6.13478049999666,10.923875554388022,126.395834021784,23.98640396058879,29.996817982499316,305.2168623210415,28.673067538348,25.80501677544799,260.7597711133775,11.742229306300617,7.6369589409330585,91.21636058691274,11.581436601373774,4.93238108048234,82.48134364698056,14.717398406425788,3.3792022352355833,98.72229948192374,14.546438389350048,0.792642426180999,93.60373378803217,17.518626277584893,-2.128807904446435,110.08701769901468,20.669854782404105,-6.162150968224867,128.55822218914327,23.752850201764932,-11.453405222786198,149.5110701750166,43.594065375969414,-29.569523691246687,280.40639209056127,17.476311893654184,-5.401429748579829,187.25397485649407
232,2025-12-17 11:23:48.911011,92.45476784223418,-116.22183003977703,1406.3506866676942,18.0911924735865,-41.03275631840937,497.29146515248794,24.568948233448545,-18.952864851103904,213.53667003889365,19.471036826359896,-13.31192292849585,139.16948026743776,750.7586577161022,-135.18694927480078,6788.714473830553,123.71077214583556,2.2192052659081942,1162.4966715261155,16.924634581112237,-1.7895794120920736,215.8001410955089,11.816337797582467,-1.4635148529558337,94.03455026934073,-82.29411823704045,-37.12805252483841,-1193.038120755517,3.8973057606227637,0.6602090518196753,29.467956050699918,-246.03311110910943,-54.43526399507246,-2284.292196054861,5.217511730670436,2.1028034104224846,47.48442597523463,-35.27053351104531,252.57690804831566,-2351.7913937534895,21.14370702952639,-56.80291132924134,461.88034123414263,73.77130268042231,-101.6887965074429,938.1981844716652,-658.0775737667564,678.3564907523729,-6078.637274780012,95.59397736264252,-99.40379868964642,749.6615000638185,22.946288038584196,-19.96565046762999,152.8125161203698,-11.790756893011242,-29.914881366960152,355.2384251437865,-4.408655572395243,-7.642053041814796,151.5955253242033,-7.068267750619193,-5.5362297471963515,312.13332478450826,-2.4557859381712985,2.4694688653291754,182.55099240793464,-0.08249396305892585,4.838239322032013,115.28153394905506,3.7116048710094196,10.884366425076397,158.06653624811756,12.265535468781716,20.716765006323968,238.91754731351307,41.957647635018695,50.31794521793351,514.9885394305895,-3.3749050330274963,-2.9359985240703708,-30.017566874242366,-0.6325927916976557,-0.4036815578852161,-4.853898019668412,2.069589151399149,0.8721747831172798,14.590813424040052,5.220022818922664,1.1863381584757013,34.6612219540622,7.2139923362572915,0.39398274663812144,46.177425192792654,9.362255218254772,-1.1346928692524394,58.60742481785632,11.61346097024205,-3.4603372323531207,72.05555270524557,15.250903125109085,-7.336523578091429,95.68582660614429,18.026745619031367,-12.28611006420381,115.6376564308335,9.362255218254772,-2.9359985240703708,139.16948026743776
233,2025-12-17 11:23:49.035908,0.7401216902723046,-0.940782869417735,11.38511154242047,0.41343841592883135,-0.9443694395030718,11.537733777695054,1.291101310143877,-1.0062667101947411,11.328213174973373,1.5578235073837097,-1.0756214194263396,11.25620182093889,1.2316568721082573,-0.23072299719182018,11.107335858377638,1.193036428931509,0.014260828322765574,11.16234190033406,0.8906962403045557,-0.0934348959873759,11.241789047974667,1.3978371229666287,-0.17244732322256517,11.131398244206455,0.8041980286568009,0.3539694802342023,11.464965651015167,1.485174382404551,0.2601225652410077,11.18964137194365,1.2089111133827983,0.2578701444518737,11.153722481685724,1.2251120174865036,0.4884039482619794,11.016755084345908,0.16094741155246733,-1.2319063040000988,11.53059294494591,0.5089236121677397,-1.398457900788359,11.433469220953041,0.8756771962177629,-1.2277744975223073,11.322767351330146,1.208103041878297,-1.2724623348861237,11.342308854497183,1.4177050435283334,-1.5030350652478492,11.283409971835328,1.6711441566977434,-1.4715492662246958,11.27252207175547,-0.3924975957326452,-0.9619518235599381,11.674970735575712,-0.3322517048647813,-0.5588228181299657,11.62224178032964,-0.25661735878558467,-0.18876319245357326,11.66982708637927,-0.14442726022946029,0.17665469178893722,11.609978570864948,0.01437152886875355,0.5038779691803145,11.59754119455483,0.29448514331656,0.7964494918685798,11.454771793019857,0.6098681878236665,0.9909282403991757,11.378074431908438,0.9329810208949517,1.0901804454767954,11.172568131805958,1.2606166939981023,1.0793405676614731,11.053793974210636,1.4648735664713808,0.9250827586299417,11.118486031786937,1.6035058647019171,0.6723983114224569,11.250555069046934,1.7125855937395527,0.38879799210075905,11.348205992402686,1.780335173645826,0.09726681530198861,11.397111397642671,1.8364098458235745,-0.22325374707058093,11.527650998648552,1.8454546229150817,-0.5529235276548001,11.522264090290575,1.8079791785558326,-0.8763050848153703,11.41709579474755,1.7814213398580168,-1.2279207800599476,11.562730007983964,1.2089111133827983,-0.18876319245357326,11.348205992402686
234,2025-12-17 11:23:49.154087,2.990227059451815,-3.9048292270827054,46.99174821502164,1.6221095152962126,-3.8093931530465004,46.53493405496272,4.924111581689646,-3.927079643923171,43.83344186815382,5.98879999074732,-4.243630629732001,43.95208702435353,4.670208341499795,-1.018254010009294,43.080662386063224,4.5687758999779655,-0.0438542883985285,43.89837248509695,3.447051476439919,-0.4718180998649965,44.882837446046416,5.370586540262834,-0.7701177310017312,43.6836650705653,3.0943397899814173,1.367604982218502,45.38132447095631,5.804216289584356,0.9615578487918938,44.65237160521306,4.704733399445614,0.93265355252366,44.56871929717846,4.879258177933292,1.8749518481134078,45.25758017614604,0.6422089431976091,-4.995736663910122,46.91467228002321,2.0660809474045663,-5.76523522271007,47.23484798245607,3.3837804133688705,-4.861812451239531,44.59521723350141,4.659322037615943,-4.999788970088485,44.52287179725789,5.327000778746757,-5.735161147314956,43.0447408048981,6.286848143691402,-5.6208464707302355,42.99431089605462,-1.8161248652752724,-4.345992837700998,53.17706101722165,-1.5955615194081991,-2.5750736893653334,53.50701576712244,-1.2241675731519868,-0.8475911052756809,52.13747503737757,-0.7811071981170468,0.7868080259294071,52.381390159536195,-0.07440327608956637,2.2070144007490033,50.99517982330779,1.0743589705517842,3.2474853213809873,47.17054441971569,2.366778511394874,4.0435212535785405,46.89433387948017,3.6065877169409397,4.3337711949206845,45.04671442426031,4.787843280132149,4.125643452148214,43.14669383699916,5.640937785079743,3.5748617454297897,43.77135116379478,6.170746921544295,2.598976061206653,43.9380148355141,6.709582248246141,1.5395640387196639,45.02949588452352,7.030000981227306,0.3964421003567114,45.38580247531036,7.194189053986439,-0.8460342381459424,45.41525517530412,7.117714210774738,-2.1117595260376247,44.69022398340627,6.932766266930626,-3.379754364792535,44.07219107793858,7.194295311653559,-4.913150809254361,46.93845411534728,4.670208341499795,-0.8460342381459424,45.02949588452352
235,2025-12-17 11:23:49.274567,5.000821180289661,-6.688670406331326,80.96290692265967,1.5303980291416774,-3.767393262838165,46.47069219681025,46.571573532941954,-37.97637421930125,424.8524500022545,11.670591531512708,-8.463559535916234,87.33390269828615,5.065021587712057,-1.0844140908164834,47.64582236994441,9.108832953299299,-0.03237420356603142,88.68996583383272,4.199190467639694,-0.5326321533350695,55.67166505005194,7.542018620757314,-1.069054884767947,62.12254588565253,-33.480335602425974,-15.378441347459793,-495.2370379016869,15.911954625390385,2.666933366572757,123.0169002229589,19.135829968343604,4.002430020285877,182.83542845036982,10.165605882266362,3.9804257676707913,94.42380205598889,0.7852183812981289,-7.139369077378222,67.82674411439594,2.1331024258502307,-6.297905938685472,51.85936039349052,4.16562096791884,-6.19877973218706,57.19154908603745,9.587939323356784,-10.579019155255297,94.22325183042739,13.646077423346796,-15.122956651476205,113.54349042158942,16.405879758472395,-15.065903918581046,114.8598878543376,-2.1709885870145613,-5.160347783132681,63.64720473057201,-2.0783758699808987,-3.3998352898984985,71.4778020054833,-1.6347490895064698,-1.1034048935960197,71.96379507011086,-1.0309079801776513,1.2031307997866059,76.4253676306438,0.011582680894382887,4.8515965926541424,109.8264757015716,1.9925414817717912,5.9470926261175645,84.5636800050194,6.8744193206366875,11.713193187809322,134.4088276980457,6.69973753364326,8.101615098771077,83.05793756971266,11.755799397217128,10.268653603215089,105.91553948510264,40.57983517948098,25.961295978295755,314.89433170747355,23.07028534378638,9.767551009631397,164.14168599623625,22.663968104670538,5.20868055947359,152.17543163311686,29.03901908303478,1.6016489448674847,187.64066613487628,46.30688347355053,-5.6838724016054645,293.6141360004026,123.43119780874176,-37.52653170821935,782.0593475340986,-275.35233580972687,137.3308380883852,-1774.888345443949,66.20599085066277,-46.41003943193582,436.527864865992,7.542018620757314,-1.0844140908164834,88.68996583383272
236,2025-12-17 11:23:49.401020,2.1638815165873955,-2.9467177033746856,35.69596623289209,1.1190491679707477,-2.74129568280652,34.12012192248932,3.762897408510367,-3.114518529987896,34.60875505822326,4.724477277653741,-3.4752712312828566,35.774894114723644,3.448110983431337,-0.7736279109116123,32.88676751322949,3.3929438390318944,-0.053845039321530876,33.287557185171906,2.5478100254958633,-0.3533524252189739,34.09809222703369,4.059781698028719,-0.6233547809819456,33.84426571792593,2.2884925727945227,1.0212156929919438,33.82882961915794,4.352544305150514,0.682225110586139,33.83437671076904,3.4870134123503855,0.6932211056214717,33.46972316146879,3.44156727016271,1.2967886367621062,32.129135980058415,0.40466402279192526,-3.707379763237142,35.54450119095462,1.4114108723301628,-4.229920812319294,35.24900849705349,2.465390314488807,-3.7088363222618757,34.49907316762808,3.497280413421808,-3.9146273197375807,34.85983689691305,4.220940030048716,-4.7414179412021,35.57659682532899,5.209704184139684,-4.842677433450676,36.90439003490088,-1.2315564343094754,-2.9739211745325767,36.92339939043178,-1.0369305888305091,-1.7278753778253637,36.46568685058614,-0.8070582016155105,-0.5703642669070208,36.73156167451724,-0.4682206866435534,0.5557682434485812,36.431714502162386,0.027458127563968066,1.5363726527289967,35.5388413562336,0.8357534279604057,2.401213687348451,34.723565576411325,1.7599250479472743,2.935735039593259,34.28503399286563,2.700535809511489,3.1891414858978413,33.46537330848807,3.5831693548398507,3.078540027443664,32.35317282010252,4.289867299923202,2.691852655040871,33.27869919020211,4.789548182479478,1.970614313618962,34.14233937748081,5.277599474544275,1.1609758759003432,35.595941948857785,5.579610223711013,0.24890002829133792,36.20818836575628,5.681492609535886,-0.7486367706076473,36.196767694360254,5.785775139527788,-1.8219725053408902,36.81387493203821,5.8284700512448815,-2.973948708263256,37.73940083284462,5.8117767417096635,-4.155607693831469,38.657508586952645,3.448110983431337,-0.6233547809819456,34.85983689691305
237,2025-12-17 11:23:49.523058,-24.368665067072182,35.01462928913627,-427.27350530066855,-3.3476207109671314,9.325732005034233,-117.38554022127629,41.810120659245506,-36.37951580620362,403.07356054270105,13.368554418297462,-10.232563150170826,104.70271542848644,-22.76030927463765,5.8039302153695695,-227.80503765407445,-15.928657157452163,0.5434755466356513,-163.03665475417424,-10.052410512470168,1.5761691865948353,-141.24242677235515,-81.76632035341709,14.196950195076996,-706.8368483216459,-4.508888906776368,-2.001067001321837,-69.58149148456448,-61.69768694925746,-9.134640460020599,-494.1980604171963,-20.599050964048985,-3.865350949657612,-205.03838390330802,-14.448164635727116,-5.233863985841015,-140.41667206182214,-0.9587104349638037,12.496381896957054,-122.16304663523111,-9.059419250207252,29.977800126570056,-253.15610900588214,-13.4076465681832,21.579576536569927,-201.7813859776781,19.463813508991013,-22.863002926347942,204.1755471268006,13.192081313375972,-15.477922106926936,116.19269891088683,12.026786936275485,-11.523396782222388,87.88896178823722,2.071565505182426,4.635652441331645,-59.51279064982392,2.5546829021424178,3.8825288651178194,-85.66457831835288,2.6095861627768757,1.5861961774214541,-114.45653580466085,1.5350332797712993,-1.8791163761195737,-114.33417264578802,0.008140039568016916,-2.843603940855631,-65.39701964657144,-1.8482825297946466,-5.584446985949499,-81.13352313346057,-3.9494225948147377,-6.686363833831441,-79.31329809920348,-7.502323426954163,-8.902719478117147,-95.57610534435227,-9.777136421617938,-8.4092974507413,-91.0299175066693,-17.027895642823914,-10.55143309025808,-135.2073575108469,-22.33586674765011,-9.01761382687933,-162.59696792073584,-30.458394980871223,-6.401968345293163,-208.6521761266042,687.3459703574584,22.197729464869692,4526.903384353058,96.10779947227955,-13.836627086111019,623.7906629949285,49.77580660386508,-16.398558733570933,322.7684528895317,19.75820031627243,-10.37308302427175,130.396730662591,16.235906744215647,-11.863130067705045,110.13146782449836,-3.3476207109671314,-5.233863985841015,-95.57610534435227
238,2025-12-17 11:23:49.657546,-0.24718170082294832,0.36405146376963027,-4.44768041320696,-0.14649704535410987,0.4159899992332191,-5.237223636261824,-0.35464182064063415,0.3117312572416527,-3.48858282827337,-0.3853249014810342,0.29887975703717246,-3.1062086448680684,-0.5606068597558604,0.14400279905417343,-5.715586747768106,-0.7188677176285216,0.018350448214014926,-7.4779962457059606,-0.5843062044088414,0.08734654930643962,-8.384660270120442,-0.6279480537191585,0.10694250892255314,-5.541259045981458,-1.4827897580605596,-0.7022385020956949,-23.15940548574891,-0.9939617440493819,-0.16415643794749976,-8.143340827987654,-1.0065067187381802,-0.2063623223131513,-10.233711610963383,-1.439021914626979,-0.5442043197394961,-14.26373923732993,-0.03506867785753178,0.4925701575532399,-4.7882159822424155,-0.1326558198706827,0.44766811502475,-3.779072356554721,-0.2372176455256694,0.385200969604994,-3.6058091929593488,-0.2963713633970795,0.35371993128269813,-3.1907778597785907,-0.3016570398421089,0.3583780170503462,-2.723793735271285,-0.3434795011535396,0.33416160704435255,-2.586921967888578,0.296533103014499,0.6531754370628713,-8.267876525933643,0.44471845349111855,0.6545321519395312,-14.243547312940336,1.0663101760932263,0.6007024574404034,-42.82910333080254,-0.8028702117161802,0.8639335708780433,52.02452007750104,-0.043550643749066,0.8469181929736869,18.94886783556559,0.2899403325352561,0.9832206268151082,13.973049516144984,0.6924569247332434,1.2498713180198515,14.442703025515534,1.416814164273518,1.765967154470395,18.50615748283722,4.971491449549206,4.45094698787461,46.98918680434509,-5.511624182495348,-3.56985107498482,-44.56609919843508,-1.843350760958932,-0.7840059210068496,-13.625180463098106,-1.1534909958013622,-0.2616382540820021,-8.021258209202177,-0.8552626559554471,-0.03724437128519746,-5.732870864792476,-0.6794814702657733,0.09270638578400513,-4.490321423390098,-0.5579197712467093,0.18170563650372035,-3.6858777159964835,-0.46900877415860515,0.2468239302367712,-3.1683524906389287,-0.4010019222753027,0.2953887050508553,-2.7870593039281584,-0.3853249014810342,0.3117312572416527,-4.490321423390098
239,2025-12-17 11:23:49.790851,0.7588772093365239,-1.1410329271380817,13.820748454622853,0.37540845854295446,-1.101457668774332,13.860825567965922,1.3920093263373208,-1.237784744259882,13.705689875296349,1.7093516546062735,-1.334975324603047,13.779298807684958,1.30221864653732,-0.36078432007924804,13.33008519783008,1.311535320250021,-0.05188766514401194,13.733719932217372,0.9522629333466798,-0.16238590958899285,13.796122124774257,1.5427963943369511,-0.28207911734889307,13.680695135754874,0.8807041980309592,0.41228934629711017,14.07442329519745,1.674772686617923,0.26023375994836695,13.794472293064437,1.339281116479659,0.25364426924624744,13.718447075480434,1.370351229060869,0.4994342318240572,13.725290121456045,0.09043883806775081,-1.441754736503813,14.016579806843941,0.46986558879602147,-1.6282754273179403,13.704326976745572,0.8800428024087881,-1.4460756192215019,13.531377583763534,1.2572970945758768,-1.5140148604271604,13.608124196557283,1.5138301987707234,-1.8009249112177632,13.683102007644209,1.8169748032568134,-1.7863092098721993,13.726788226990347,-0.5662136060395064,-1.149333586271404,14.737382669935538,-0.4919633688084405,-0.6662660591670094,14.732988972420232,-0.39740271012096967,-0.20666593400238809,14.730233215545336,-0.26140912556594414,0.2521636294718621,14.72900177875411,-0.07242175363305231,0.6516922082887215,14.576871961123421,0.2667990269231845,1.0127970630964247,14.421796710563683,0.6677665773525098,1.2397254807360678,14.409943903994247,1.0541192543222078,1.3321283901671392,14.063504569862419,1.4596423465638997,1.3026095413026924,13.98312287948954,1.703928775108735,1.094924606225856,13.92765900513578,1.905906765267225,0.7914130271547408,14.168753244496736,2.0246363062669275,0.4426305305319458,14.142957163897425,2.1239814930935252,0.07949011416811286,14.261664797214989,2.153298782692285,-0.3080568247319229,14.246362876388853,2.1565380864184904,-0.7123582163601606,14.253166635196784,2.087073152732537,-1.100880253088404,14.114777320573694,2.0335980922318817,-1.4958552100394509,14.141342933383005,1.311535320250021,-0.28207911734889307,13.98312287948954
240,2025-12-17 11:23:49.924124,1.4385788387923564,-2.085079188257472,25.311147133343944,0.72707754466228,-1.977589193533385,24.84698893050819,2.635372219014281,-2.2907764751068314,25.496724502519637,3.2015502322274596,-2.455290008101795,25.52524165224577,2.490870466768108,-0.6614749503789165,24.46727158827357,2.4347693178961887,-0.1004293902893818,24.882982019688466,1.8006462798077594,-0.30240418741032393,25.249171316927303,2.9145267296475588,-0.5236028776748703,25.361858142770462,1.6263876019875192,0.7365007084016809,25.627065242554387,3.118209632089305,0.47359259290891825,25.36649386833351,2.5016342071403326,0.4514105074152283,25.07163157427598,2.6083652709791214,0.9268697035322064,25.582216356288722,0.19788471114507106,-2.5898032452367783,25.14789226393854,0.9162237194271949,-2.942805540781694,24.688461583476265,1.6774870533116857,-2.6129123141963473,24.457863215130455,2.3686892197853386,-2.7531876134113933,24.84540162081607,2.819089636885574,-3.27148163918656,24.97289663803446,3.4879577004051234,-3.3784829066819917,26.007977389418656,-1.0592134876676673,-2.0472671207770374,26.18251406239719,-0.9280366460974989,-1.1835692678396725,26.140247969861807,-0.7755803894291551,-0.36495057471145104,26.44353265579415,-0.5198440315695607,0.4504710065688574,26.28164801817815,-0.16629738097258473,1.1716931872273484,26.159245014060357,0.4610560391854854,1.8303408033686663,26.016464971793493,1.1639805357751025,2.2057755705468454,25.527926334503356,1.8986442038160471,2.3708912330842504,25.079697603490235,2.7029448546093975,2.3822434113656064,25.728645756874474,3.1781940155801185,2.0189094028989176,25.8525039399629,3.5337312332907698,1.4594001534450303,26.400671832072746,3.692226615780523,0.808716646261999,25.924241011525382,3.8585481657775533,0.14602381116764732,26.15957511574397,3.9532608022126374,-0.5685497155239689,26.39455116647124,3.936697411023731,-1.2954267422572558,26.286584918700505,3.8426874770609403,-2.016542685263799,26.15191801413715,3.7101743755388688,-2.7124408489563083,25.920197751737774,2.490870466768108,-0.5236028776748703,25.582216356288722
241,2025-12-17 11:23:50.048408,2.7369297368436176,-4.113608333776112,49.83037065707561,1.29867134091852,-3.847036062595299,47.92165334709834,5.090114474461861,-4.517079913772431,50.107730587916976,6.229701543020547,-4.870271421886633,50.22633031843776,4.517305315042682,-1.2936708665484251,45.16826916014732,4.507789626552491,-0.24788905413924026,46.576340992207236,3.264452081521666,-0.5842871252575124,46.46016394839069,5.351418610229276,-1.0000793986335486,46.776643633721925,3.0214951405350625,1.3801094464704693,47.81121240848107,5.923984923292914,0.8689688530537186,48.25230494779923,4.599834409493375,0.8019113102871618,46.467074428766935,4.891364707980685,1.7376589883160727,47.98674301575889,0.2823060351789395,-5.09143863398069,49.440949836688816,1.6381414074348029,-5.733893043751552,47.78958461988796,3.050974236120729,-5.026848862404496,46.40625715903469,4.483612545605035,-5.405710104668489,48.17799877074901,5.347071921422296,-6.382274729242967,48.20961679636521,6.425172790979523,-6.298830442145564,48.28964022370396,-2.1900535295479204,-4.06566811948265,53.05268056224328,-1.922932563824094,-2.3259672117187598,53.10449618258434,-1.578675456944294,-0.6268496928182813,53.05820493910805,-1.0070890075268826,0.9515583352643453,50.96437056352336,-0.3340063604199678,2.3492901065746454,50.78249340192834,0.8950807242097197,3.634358554765648,50.65523950533687,2.2423276180534724,4.255381558967968,48.83402351795783,3.5706404322552627,4.461093852279822,47.17028549965876,5.202511454080988,4.582026523810835,49.11851321148571,6.1241077053449375,3.891929810282346,49.43914814441575,6.735271179210052,2.790882255862238,49.78414685673884,7.166349428298527,1.5621891191505044,50.071433765167285,7.447176103513352,0.28154040032733935,50.28032259095418,7.5743473301174475,-1.083050537845176,50.406566855276594,7.573977264663739,-2.4919413683281126,50.50981881978915,7.671667011401576,-4.04767040104294,52.39109703839656,7.157170863107951,-5.296679762250985,50.304365438003416,4.517305315042682,-1.0000793986335486,49.43914814441575
242,2025-12-17 11:23:50.173837,8.860391782404228,-13.38499924255702,161.04735076253033,3.443893015077727,-10.250400705994473,127.47531358108567,-127.78095374244887,114.34431210340816,-1258.0208345919398,-589.7352630585511,464.6088743662176,-4754.9440401801185,15.650336676068687,-4.270749441183326,156.91285065476907,-970.061274479313,46.23017157471507,-10081.37973783427,15.03943392930516,-2.5747258671284285,216.0814378557151,17.491138928409843,-3.1658993065923102,153.21525009067332,16.75308093461804,7.725898300409008,268.05848002753044,6238.038023822313,919.881663991479,51072.20967824291,17.188142099673552,3.145518028517038,174.23251887383714,23.852676028223893,8.53088408671828,235.6331683773084,0.9229562481207895,-16.894664426423084,162.52114568107015,2.430807818309159,-8.486734245158123,70.80100010800169,2.8998775338933784,-4.75048900888399,44.11863979526348,6.722496953834422,-8.085555979779624,72.15267355021157,-2.880030638594171,3.4235415472548634,-25.861231895461806,0.09229042566932272,-0.09041060248128602,0.6931600123003087,108.43454784067914,206.9941754697225,-2627.7098788374005,110.12332856036709,139.67262319113988,-3040.6873619049047,108.67634764790688,50.89197930892225,-3648.567283729499,7.414269143149743,-6.330485274573729,-370.6858887584194,39.09811290113675,-248.85393083547663,-5548.900731129112,-125.02952209152852,-513.1924000118497,-7297.985798209209,-465.41885497298966,-881.0641147164183,-10194.644947367706,-1246.6144429016767,-1572.219622952819,-16622.494458151905,-5469.989897419641,-4813.955072831955,-52014.53467512416,11233.393541641528,7115.513270738052,91244.28421763962,1283.163923690813,529.002284190232,9561.44598240689,1777.1493054830428,380.07381950550666,12475.94381370879,1117.0542839913335,36.8709686221346,7573.549792728447,21.801940772905088,-3.2349952812165808,145.56810938149889,16.443462933504843,-5.494383259348038,109.68776832158606,234.7197969157923,-126.22809839832925,1603.310909574518,88.40329936581765,-65.86707800824657,621.2516996988836,15.650336676068687,-3.1658993065923102,109.68776832158606
243,2025-12-17 11:23:50.289710,1.3656688959732874,-2.094469343416802,24.893255414293556,0.6881445172594279,-2.0750831914559855,25.39638370924792,2.470116531772239,-2.238592790544931,24.47291713657909,2.9507670134525887,-2.355498695101439,23.92620443641481,2.4235951338934005,-0.712162461372895,24.49863528282208,2.3684248636210454,-0.1323059380450131,24.80437572548592,1.716996066086484,-0.3294342510954127,24.868758613902624,2.7535037333921286,-0.5410472491547029,24.278163788146934,1.5386343648247809,0.6881545048807718,24.802543952339096,2.938466658895495,0.4192443925990175,24.201478322371834,2.390204018661481,0.4041952956288051,24.28778770572432,2.4884166923307562,0.8648234309219245,24.724637999836165,0.14634107136413152,-2.668300600080654,25.386357268491302,0.8703667378575327,-3.0009596596205923,24.85157030952656,1.6093132105345695,-2.636144254232679,24.190720056635236,2.239581106117643,-2.713907144756669,24.045150558540556,2.624327755666684,-3.1740374241890392,23.862753533459856,3.1251683124469984,-3.1270152364829977,23.7210587374721,-1.0857696817581497,-2.056269623669758,25.90232423517081,-0.9568929304547412,-1.2078328606079365,25.9446079831349,-0.7893650837011598,-0.38639775875493376,25.7481936283381,-0.5524005572410733,0.4178702338027108,25.788402434724834,-0.19990067257131916,1.1302003121206168,25.634007547137898,0.41175525429481347,1.7534270403641345,25.26567784304074,1.1082451599339305,2.1150376226585514,24.705536137667853,1.8633382431658578,2.3556231517302306,25.105642339076066,2.597713494117212,2.2874934551726964,24.864635592726064,2.9825976380901396,1.8829631130915536,24.38069517709754,3.283675731598054,1.3489827513567398,24.666701326276687,3.478470143302664,0.7321846774649768,24.541773676521874,3.607790314329908,0.09748326952246651,24.5981258281556,3.6442903654553875,-0.5824727781805729,24.470943488006483,3.6301893089313744,-1.256430955368164,24.34939916912787,3.532720796174086,-1.92619538056867,24.24666252460618,3.386782465096174,-2.5639322931209088,23.94234652257526,2.390204018661481,-0.5410472491547029,24.666701326276687
244,2025-12-17 11:23:50.401461,-82.19094121410325,132.01313271045063,-1546.0641698004351,-4.1573831559483985,13.319611778369968,-160.48240576479037,166.11978938993337,-154.244300622874,1670.4005997449087,27.104135608761574,-22.16759804335145,223.5822619855571,14.047228620383565,-4.34643415011418,144.37087772281993,96.54442377547048,-6.204282395793301,1026.7801902007677,127.63756927558731,-26.475238762419504,1889.2793100279414,8.179304094602522,-1.67676961405864,73.43578125280054,357.3044492105341,162.30132265947253,5914.6155186337965,5.958845283813966,0.8641905927746977,49.917858314373404,8.573590097899274,1.4669486079455616,88.8409098500963,2.4908900084877668,0.8741929248745874,25.155703145654947,-0.7022446741547872,14.89245646523974,-139.62316051168665,-3.3859095702353486,12.304259647966296,-100.68954600719907,-9.819685800332199,16.721649299305057,-152.26882653558445,-13.841471237459594,17.285363092717407,-152.07132949577618,-17.589339848887818,21.767379343728592,-162.64300224097514,226.86370449176317,-232.18099406077312,1750.7543126619655,16.568251404867723,32.17006225730373,-396.25584024740937,6.999600212239502,9.123317267588618,-189.4046463080471,116.20301992410897,62.81742476992148,-3718.9762507166292,7.010315626843576,-4.5163374010052335,-320.8581651747144,0.9868010260678572,-4.963275339683291,-116.79128868581702,-12.000578502242508,-54.73824547008456,-803.3965573645953,-19.70149135816596,-39.17034758011103,-460.9880415253451,-2.549377779265795,-3.276102552340831,-35.03334807112298,0.11239079546279687,0.10021282506961035,1.091578194941683,1.7438933053231036,1.1222700593286465,14.487589915141832,2.8641715078164416,1.1866755018764212,21.779554660100246,3.6534428092602247,0.7739423509691638,26.061449419300025,4.130233710360949,0.09666161797158317,28.429593709278077,5.324109909086711,-0.8834129218183524,36.12195685999543,8.191050411656072,-2.91184226696906,55.598601551890646,13.09387847241598,-7.316129200703639,91.09459824564128,16.240343143393403,-12.626736227287092,116.63440599377158,5.324109909086711,0.10021282506961035,21.779554660100246
245,2025-12-17 11:23:50.520387,-0.06343112855972491,0.09935096258874114,-1.1540174523670366,-0.03317297346387828,0.10367113384576694,-1.2245487702886377,-0.1067141531215278,0.09788528042981727,-1.050605376475856,-0.12391656924895522,0.0997912939292656,-1.0050042632850484,-0.11029451455626031,0.03292728915660002,-1.1035978939263378,-0.10884364120673844,0.007292830786328065,-1.1298906946151601,-0.08254183816594805,0.017335797536569268,-1.1830292411881804,-0.1225463960465373,0.02398748749737856,-1.0801100714184235,-0.07773275913479019,-0.03325588470952384,-1.240940259338288,-0.13272741876973193,-0.019532000923727515,-1.0938668645632197,-0.11320370590496624,-0.018751854230937275,-1.143124733951407,-0.11703440656440707,-0.04203124817195576,-1.1549199730892898,-0.008089552575212666,0.1365830798829798,-1.254668035388577,-0.040777614917561614,0.14638011388572567,-1.166638132964467,-0.07352537283998868,0.12459120131746103,-1.1079703655624125,-0.09769889664228795,0.12188606950608262,-1.049797402261901,-0.11109896584589268,0.13657770936412567,-1.003655348945726,-0.1277503954126887,0.12907653536619929,-0.9692458086711923,0.05679531722394301,0.11748463074944217,-1.4255053203377068,0.0516054569033414,0.07201967073433119,-1.4531702862039801,0.04294753116185805,0.026076637167122822,-1.474304221840312,0.029333593727219234,-0.01937582914672721,-1.4820388504837523,0.010446230515096109,-0.06072336766804778,-1.4742419790793457,-0.024298490320847584,-0.09585521650572816,-1.4227836964622933,-0.06062165265172346,-0.11367103200221716,-1.353279857955554,-0.09452887524220834,-0.11844237041968367,-1.2752212902418116,-0.12485235404123672,-0.1106189070296406,-1.196391171497443,-0.13890749900874533,-0.08926625924119289,-1.141144677813552,-0.14551831084223849,-0.06100527748426398,-1.0987645522619285,-0.14975708156987028,-0.032901127222268914,-1.0630881120929732,-0.15100895337676012,-0.005570059770175684,-1.0347570637218895,-0.14989131129713112,0.022622201697590348,-1.011487273304029,-0.14737791047507737,0.05017170736316451,-0.9926083814060379,-0.14204888930032772,0.07778294812523767,-0.9797552710551477,-0.13664348783020236,0.10412848700556047,-0.9696674556874574,-0.10884364120673844,0.02398748749737856,-1.141144677813552
246,2025-12-17 11:23:50.640916,2.197535618908781,-3.586757011653312,40.99394063686203,0.9985311957891055,-3.469385304971546,39.96357105239875,4.385849420090697,-4.095526831652407,43.744107377996926,5.237605145499464,-4.233760729666997,42.43746713954371,3.5910172190076017,-1.0944974308059812,37.306450229194475,3.555266350993214,-0.24235938357396403,38.40616564567279,3.026208939879882,-0.7052365733667655,45.26637721692655,4.751769046137336,-0.9460110849117862,42.95163671042451,3.792922378241215,1.6774377741018602,64.23898047405811,8.108183950416866,1.244691206028058,68.40657642847607,4.41655530900765,0.7577716369319043,46.61666404972958,5.015594577478023,1.9394040253870304,51.720857586840935,0.21759772745889003,-4.888950721306338,43.70710544167477,1.1159414260249763,-4.274131840779805,33.31919565250101,2.0068658015667897,-3.5648368573182037,31.196986352647507,2.9946151791583633,-3.799706405687263,32.38874995207861,3.652556192445774,-4.5072110593175445,32.96918352886603,4.941414392862504,-4.976751709810135,37.305084415279204,-2.3507532287279864,-5.092781807877711,58.34638154953683,-3.1502769970039806,-4.783047560445943,88.13193462717742,-2.131551454534134,-1.5567307410664968,71.83615317086064,-2.8272050121262233,1.3117045719794156,137.83787959171175,-0.6000380887566044,2.658677389136274,70.56664471700033,1.4595300355398428,6.273243032176753,97.57160017592109,3.219969674678934,6.344555343048597,77.80909432673221,5.626369367472672,7.300423102681393,79.6637227013512,7.584837082556076,6.964968048646682,75.73165733450703,12.112765766476315,8.010818822214079,102.00264504012506,21.254616071836313,9.132274257906694,163.2643088009759,19.120606168215996,4.3359489630940296,137.75231662976114,24.48652902674459,1.0014349923610268,169.33120111949017,20.516246773442944,-3.0815420174052597,139.06427899074342,17.056656267757784,-5.775643434136925,114.99134605480178,15.294428298646082,-8.339565683852134,104.97424238428154,10.132217073050375,-7.715185927277317,71.60796462205357,3.792922378241215,-1.0944974308059812,64.23898047405811
247,2025-12-17 11:23:50.761769,12.13055868067598,-19.518089361652276,215.30643478187008,7.412683377845624,-24.38021021215415,269.6187749448505,31.559467195047265,-29.241128735693792,304.193701736113,-21.303771745788016,16.990644472669985,-166.65834681088404,-10.465111418494452,3.241896096835586,-104.79432221743724,-40.5784897492039,3.1040629180851385,-425.3798436185937,38.90946813026514,-9.499370007482561,571.0417560063886,-567.1730840265216,112.76710175925942,-5000.509027498428,6.7717546554358075,3.002802509190124,115.93767402599897,15.71278516893438,2.4962327273746445,132.64208294880396,49.781360228448,8.238145422238322,517.8744459533146,687.4735052931957,268.36243645076496,7024.745781611723,5.811278375441635,-95.70336527502113,822.802805758787,-3.68667090185274,13.229144774711973,-98.70798485626794,-5.722433481690625,9.872616377478217,-82.59917420601217,-12.250561425506833,15.231275581474558,-124.85026818895776,-18.194021931848166,22.058531835288804,-155.57811348908845,-12.275107948860141,12.180896506058618,-88.74231861865799,3.0352865745340343,6.7140272245588575,-73.52165200012112,1.820223902998562,2.7379011842775,-48.26802503757574,-15.36193081361821,-11.54293964661014,491.22901586093633,116.34332607839185,-42.48504132677299,-4975.8127972815455,-0.554787814490593,1.9368211344380197,52.562178817002994,0.6736118860037095,3.541250705893944,55.566309136705975,1.6312800527867577,3.3908664991063344,41.7170486835989,3.3987715536832184,4.585770373705936,49.653736229606935,4.809527815617792,4.536907246799065,48.935661075310875,7.876943386340389,5.379970362651463,67.6535489070877,7.172138815974624,3.1856875253913968,56.28435735331548,9.36771889819068,2.229647254302412,68.53312014800922,12.520388398904608,0.6064838785307839,87.8896878901157,14.760942345970598,-2.165938034263235,101.0630820767116,19.514651184107446,-6.640810763367767,132.1726973403303,24.97041752143798,-13.6433392713391,171.42979794128567,-47.9325177668876,36.50011833777329,-334.95168016266064,4.809527815617792,3.1856875253913968,55.566309136705975
248,2025-12-17 11:23:50.898928,-5.922159990132949,10.110181414703895,-107.47184774501534,-4.118865394091375,14.74582246314778,-157.83493718921372,-10.520619959238463,10.202478009796373,-102.1570211032209,-11.073154510336662,9.218558099617336,-87.68212954919343,-4.51639219121711,1.5699306517112637,-45.5540244521832,-6.693583386856048,0.7357985982170114,-70.11002780193479,-5.810505808388451,1.632477996741023,-85.09502928482256,-8.961520672604774,2.0375170307978556,-78.96468387761193,-30.281368129808556,-11.862123911306288,-507.3212416320228,-14.01813288788147,-1.8490941946585173,-116.86398621000997,-6.657359749185354,-0.8690774487361697,-68.7150651337157,-10.228506917166698,-3.617577768786393,-103.19973299749074,-4.402173096044347,105.71668559966511,-887.6503021884666,-2.2118049380113844,8.596156519144513,-63.20727012446569,-3.304386273486782,6.010669231857655,-49.323438302825316,-6.017140092052037,7.796939628903546,-62.532933321551404,-7.913685030135955,10.017763436360699,-69.09104294182501,-9.638666916452644,9.969446799158135,-71.13716731873312,-3.8477519235717486,-8.062243103972959,87.27618457289053,-1.482408759581562,-2.2010094209179765,37.84733005822862,-0.5874659815646216,-0.4600495317012652,18.034521904594616,-0.23887621095018535,0.07486158411639991,10.535638375806434,-0.18305547902559513,0.7002030096099916,18.479237416430113,0.7435999082106808,3.637741525033268,56.24833929696843,5.319472468999757,10.674216448569618,129.3805894908836,21.75723865994706,28.173448596828774,304.97703770785273,1536.6291431363968,1391.8768730068848,15117.85488543802,-112.54609906333269,-73.32112779371731,-941.9983824369136,47.22820318582561,19.65524362504319,360.7779531905601,21.985214374987798,4.660894562054192,157.59470196422342,21.63938014370275,0.5287194933717161,149.66084654836033,21.999590530054235,-3.743265443758768,149.10989568008884,40.703400951621944,-14.915388300258924,274.21005178433154,135.42026433142806,-77.72867545762803,928.5894595392377,-52.181168375925544,41.459608360698994,-368.1632430664813,-4.118865394091375,2.0375170307978556,-62.532933321551404
249,2025-12-17 11:23:51.031818,0.690443109142474,-1.1359333561159382,11.537163655773771,0.3475830652347554,-1.1366632994327273,11.633696280809437,1.2405585934636052,-1.1871814037103072,11.389385743763354,1.5038966509932055,-1.2417454455227641,11.309242317789554,1.2637334288993407,-0.45700592935993994,11.816149087902993,1.1953479882139146,-0.16438994189382156,11.726281020151102,0.8705944362762522,-0.2663800734547332,11.771099401912304,1.3896566467964413,-0.3415605145860998,11.576267392939448,0.7536400038224291,0.23970241172141507,11.791028626199658,1.458444554864938,0.1480279040259374,11.59329806470344,1.213561804100134,0.11410658950599221,11.76601544658762,1.2380177702130757,0.38681386460882045,11.817416189415024,0.0941153080737352,-1.4293753058234753,11.591120336747812,0.46702580557691964,-1.6553376340249601,11.641137355987977,0.8564521046187995,-1.4894395145270574,11.607915590087917,1.1947360834836211,-1.5042868657984014,11.544814089785062,1.376154507008408,-1.7009759325769611,11.294532661174527,1.6027999458835331,-1.632329479377801,11.220998558827532,-0.48650105869596244,-1.0646837921476142,11.336883349613052,-0.4328135849941894,-0.6759164463775199,11.463117025813839,-0.35867900784385703,-0.2963239980340989,11.507193252355655,-0.254533478190249,0.07963641899723314,11.63198513816651,-0.09814771444113964,0.41831708234106796,11.631753813353034,0.18256963056029246,0.7244109062531084,11.64199141099661,0.5182806435295142,0.9323764888040155,11.708769215076131,0.8790061376332932,1.0487190715250696,11.72995907997827,1.2364758079039229,1.0384681357769274,11.68547744150516,1.426788781555431,0.8627292405606468,11.519392094816165,1.535850056964714,0.5932325091961297,11.429389478086215,1.6078071277176977,0.30032546381329084,11.281869954824034,1.6485238332509107,0.012076938306672601,11.172738431557548,1.6662894901272465,-0.3029030808628545,11.074987006916656,1.687415732491832,-0.6286882700527693,11.098602837080787,1.6572672807598519,-0.9507615646918313,11.039774263689784,1.611100119408627,-1.26964552764476,10.974993455193182,1.213561804100134,-0.3029030808628545,11.576267392939448
250,2025-12-17 11:23:51.156033,5.463828521183227,-9.110671392360189,88.99724069956748,2.493523405563928,-8.370052587718856,81.2493842445718,13.120856860392635,-12.493974781314728,117.4734477234826,20.682480077534446,-16.831177086874934,151.20789841197853,4.481624287304723,-1.7854396747307049,42.719922747466484,4.268847089101257,-0.7310814354216304,42.710309519276805,3.348251732607212,-1.234848279711137,46.46600278699043,6.352924656419584,-1.693897275943549,53.126989648272094,2.15758683442588,0.5959956085793745,35.763900925086034,4.814191971445474,0.4199539423906132,38.981302738277144,3.7319145572502315,0.2527171411609934,37.29896420649713,3.182082807758582,0.9622941615422388,31.81035206051092,0.9347011378231532,-12.139572472773574,93.19205721253654,5.461646758140211,-19.118548404484404,128.9909665409636,10.16722928089733,-17.760565791566794,133.6800820593808,14.888591054088362,-18.725999930715037,139.75230715970523,32.24495468910264,-38.859167963787534,254.6604496503381,86.92581708848482,-85.95998585200213,587.4105206401139,-2.315691900421971,-5.59573680639112,55.9437275423694,-1.8699122080756059,-3.2206373112764113,49.60190026138851,-1.3541620553215064,-1.3159035559691676,42.16368426671992,-0.8582002885434961,0.0471660879295903,35.49079568941561,-0.3609584995954938,0.9892564459472413,32.057004481583384,0.39162806573286685,1.8320498476436693,31.835979343774905,1.1722052009321986,2.209329485477817,29.34305160376823,2.1540109473773876,2.6435494112100404,30.8228464173342,2.971546635409911,2.539209494912886,29.516805080446048,4.2240573956721,2.56885158163908,35.19370095655202,5.893316566448331,2.2692088629938154,44.7263923103945,8.823758497933463,1.6487974268996397,62.42377576034962,12.626361812824266,0.10285033381651484,85.19172760641425,16.872697067411405,-2.953139953145144,110.43165411089501,29.19761253771344,-10.550393215800138,188.33862425660533,78.86673230648519,-43.611270087470075,510.801714573897,-2191.2869373345916,1651.6888717015163,-14356.96954039685,4.268847089101257,-1.3159035559691676,49.60190026138851
251,2025-12-17 11:23:51.291020,-4.2766561597106225,7.253650787983702,-68.77136201421365,-0.475612109373399,1.5576842358568785,-14.80905208829878,9.103798189359425,-9.08723030231723,81.9092524413758,3.9224665727471537,-3.37599320150784,28.865437319457076,-9.148061538948848,3.628263348303673,-83.33649753451286,-19.12161168264859,3.4805218712629995,-181.4375653164976,-4.250019583812409,1.5649483912312512,-54.86799314413538,17.272881290211576,-4.894425346902538,140.32814451331552,-6.195580493740738,-1.4156713576289865,-90.19631641664594,19.88332999067681,1.4485093437801093,154.6984584064288,-33.323750426497405,-1.540940347658234,-311.8475190054611,-12.0162253739269,-3.2977792780281416,-111.41967973364635,-0.14656631660740388,1.733141412693391,-13.271903770199357,-1.4759372177905157,5.250978165400762,-34.95526542205761,-4.171704884719561,7.53203517856487,-55.30761130660472,8.32389194077097,-10.902946980273589,78.74432080577314,5.019585992051552,-6.3981239743107565,40.42418409398804,3.8709578284709107,-4.108315668453273,26.667692954533397,0.9925321363577246,2.6534117015857457,-26.69261416755149,1.3849430315702629,2.7882685030193883,-43.43799112346282,1.1835482589183248,1.430559945714628,-47.72751447279117,0.7652173925697966,-0.13872723024177694,-51.23119323614528,0.061059195523858696,-2.3085730279070233,-72.68722623092427,-1.094327702733016,-2.7739957095891454,-48.46458495701938,-3.152418137407944,-4.670309096289149,-62.46553306589231,-4.402394122852655,-4.653946181826236,-55.322087306809024,-9.874602118194764,-7.596765128754542,-90.07962510721238,-127.26494646724355,-70.98079099378269,-1004.7238239090003,11.067679579844022,3.8591863692722512,81.1481296890362,6.336337531663482,0.9900500829403107,44.05876059782408,4.58833193469082,-0.11156783779444379,30.693768443030514,3.7181952320418294,-0.7838655886461054,24.25300401491574,3.376177634009535,-1.3685798039086217,21.88318635959864,3.002283078996168,-1.8310651212632492,19.698071025105023,2.491307956741104,-2.049543014061848,16.625210147253604,0.7652173925697966,-1.3685798039086217,-34.95526542205761
252,2025-12-17 11:23:51.419285,2.205044020962462,-3.767911893273955,34.12994008229004,1.1207507960891252,-3.3047698255097635,30.140759488584212,4.454441775582554,-4.653422233059674,40.345511337206425,5.83052008199882,-5.338034378029932,44.240204141703096,5.049283098856303,-2.1345639057146855,45.022509159853804,4.126297972161945,-0.9086603716964569,38.888611909276484,2.7728972058217245,-1.1304725818782237,35.06982979415529,5.177028883319463,-1.6780826363443169,42.45973625397208,2.2374060716046653,0.3695538056223282,32.47139843710306,5.270779357439903,0.20366470679153362,41.9419965361771,4.12257503417461,0.028166806754174115,38.555081928798984,4.4814114985558025,1.0805646299454283,41.78830982480335,0.46532395638831253,-4.006070986515439,29.567877279850244,1.5733836115274202,-5.225815091998008,33.72828874576859,3.1256092461360425,-5.566087134093165,39.66648579138928,4.642748306225521,-6.2358389303104556,43.91409987961215,6.076314071229843,-7.9811657354036,49.57354771266473,7.630437185785971,-8.520327924868491,54.31114106163371,-0.8120118047326986,-2.331135082602051,22.02787837733199,-0.7203091538394683,-1.5794819376523914,22.568667308866342,-0.6065756272862354,-0.8286369714625987,23.568447782489983,-0.3977629762599166,-0.04319941955170738,23.94656074358966,-0.07306655449921001,0.6668661850692582,24.427186434234898,0.5648969636813762,1.5032620626953788,27.319981810767647,1.4576297751108631,2.1825177376171547,30.085090211018894,2.6915714790067624,2.8435037532746668,34.32128286138247,4.329535040229862,3.295890489483721,40.01224742178344,5.314780523775339,2.878806601215663,42.99732222693849,5.831121406495865,1.8674914862838667,44.32752004254856,5.895024885382425,0.675047689377541,42.75450900874784,5.944117717684709,-0.4366441891429359,41.722356578757086,6.088439613524202,-1.637870812676294,41.90770939694363,6.252414735746447,-2.922415212583981,42.718839586621584,5.836970286958667,-3.9567145884085986,40.41303271623094,6.023781675907538,-5.42347896091107,42.74229385907218,4.329535040229862,-1.5794819376523914,40.01224742178344
253,2025-12-17 11:23:51.549546,3.801790883061506,-6.382078070701331,55.49552262421849,1.650207634016736,-4.758192983670506,42.25293169728663,9.687638165819099,-10.16451250178581,83.28043025740669,18.321950239259998,-16.89692589670693,131.76693790282704,4.602001757217104,-2.067022296050598,38.70139655497963,6.268280730488646,-1.524723993507524,56.225255260099644,3.56392412799119,-1.517289365729815,43.1383254934341,10.717818383497438,-3.756398513206784,83.74845803592575,2.905787961162539,0.43174824965169273,41.100663910441526,-22.782626836408042,-0.11505039644233185,-174.01239618076178,5.6413827425850505,-0.12356993496896117,50.377738333917485,26.776654408518063,5.214899999086761,240.50366378220406,0.7240823777707138,-5.698237003344559,40.92195808715031,2.025622166632794,-6.458134374225204,40.13016029515327,3.82947201502316,-6.721980817794326,45.499814342669005,6.179456244611421,-8.243253257440983,54.87320658784192,8.397386582039884,-11.029445070433612,64.54498196404701,13.546410717284324,-15.328000216080719,91.47734421739408,-1.3857653856489607,-3.4992937267143946,33.9878922212423,-1.1043554183188091,-2.043985797287253,30.852844070621156,-0.8587174776457465,-0.9228138181694843,29.41584860580369,-0.43021851714849896,0.057814464871449034,21.69571575877387,-0.0925930443508891,0.5300867199781988,16.329371022851557,0.15487381362061498,0.4528296866646207,7.743314404313297,-0.0374486506857847,-0.05693140061487151,-0.7620303919511068,-1.0839219268994493,-1.1104054996547859,-13.434653712910736,-3.1311760335391274,-2.2366053138929263,-27.89790442345688,-4.7627890761854355,-2.3515160887133897,-37.199733568899276,-4.221323312438207,-1.1728438466474747,-30.87787352015144,-5.446634450193044,-0.43597006520025466,-38.0568590965247,-7.008644508244245,0.7088619922477373,-47.307926442487556,-11.186027860775027,3.26496285480936,-73.92939781711402,-13.943812097115407,6.774963807362697,-91.14357115417167,-25.5846042547501,17.621162072953922,-169.4762405856631,-91.81128043641029,83.63067447755404,-621.911598303671,0.15487381362061498,-1.517289365729815,33.9878922212423
254,2025-12-17 11:23:51.681974,3.0660814108232963,-5.58630411401816,45.679032688522476,1.5513701734370728,-5.046857915171883,41.82057353297292,5.338215835183178,-5.953822836868496,46.2662746317824,6.033600560139863,-5.861434347992165,43.66656477751587,2.3014414077356267,-1.1666067555569326,19.157883133122766,2.193798432265962,-0.6472287005773464,19.51583795335167,2.256796862679169,-1.1397779717841103,27.19322874893647,3.306663323197104,-1.3092836868775337,25.838587363954556,3.686175151479889,0.2601221643308742,52.38545256496372,-89.01995846182355,2.059702846621368,-688.3900598187738,2.228590969603531,-0.16399741819446034,19.742506751466223,6.758638290072563,1.0604887585091822,60.85015980935973,0.634892857597283,-5.9344210376863655,40.061676678619975,1.6212572339586362,-5.650727020038477,33.10423470755497,2.2898578280405792,-4.301597285022493,27.446486815523812,2.9590130303186832,-4.177158943160931,26.34588303360742,4.0974548089529375,-5.683472339193939,31.72232634844592,5.865972246396159,-7.011575110457031,40.072385106591284,-3.0038686818268987,-7.416947577512201,66.7668709935858,-2.2070393825341394,-4.077577121590755,55.350368642434944,-1.6333087897514922,-1.878642378728021,49.77887922610415,-1.107097084875068,-0.18095195767646033,47.26873406709831,-0.35384615765452193,1.0217330653241241,38.51933915978942,0.4965538613837657,1.6075553686600064,30.379190611164923,1.0394963023498216,1.5325571183830757,22.125295206886804,1.36537110149221,1.3524922370769048,17.406171141549226,1.6225813394008162,1.113987155942523,14.747982507451873,1.561433626742795,0.7442418016124807,12.44055791306466,-6.311655812303145,-1.6661539696464196,-47.46399888565235,-3.9568623197401127,-0.24124352244614963,-28.254970008881454,-5.727301081107963,0.7012871454272456,-39.38692474297448,-25.442208711679907,8.02559066118847,-170.3304736126931,286.6340288102402,-146.44964790338932,1895.2312795425646,16.76046322276895,-12.08533065022054,112.33327360437268,18.599296440841545,-17.6606493174232,127.21992125568863,1.6225813394008162,-1.3092836868775337,31.72232634844592
255,2025-12-17 11:23:51.805234,3.3790727213841762,-6.721404926397395,52.67039829115883,1.7523455965091406,-6.701784694521909,53.23530158414666,5.0004257962221175,-5.974685550959606,44.3983198457823,6.34235542023457,-6.553831516971143,46.45724673430063,4.68589266985526,-2.7655839815824463,39.66907517918066,6.312092947188894,-2.3022946385458005,57.0713738344837,4.961225925806765,-2.9331987154781913,61.72021005406713,6.917679293259847,-3.127995662622756,54.5941868928343,8.734957702673231,0.33381084527195365,126.01448219918802,11.626073867721896,-0.42377271620897716,90.20799416238667,7.470606224785641,-0.9463156335983125,67.03743710818311,10.153548681401077,1.37066185197489,91.48947550217473,0.6805634336454948,-9.887534422328802,64.18647211510635,1.94545062259901,-7.91079316033105,44.21316757692074,2.790356371702389,-5.897004273265992,35.46424204343263,3.83545591511606,-5.9601485392693645,35.27510988986213,4.188418563083312,-6.287700289782445,33.289822482300636,5.265068223890668,-6.718783101773357,36.654272154064856,17.914295474969336,41.45209340186299,-365.77675121540005,10.14588636433647,17.43474560894156,-229.65745377063547,6.1515886754724445,6.566777804734355,-166.52410725388086,4.9435713618982025,0.9619045463357179,-181.5763576288688,1.430694665483871,-2.864050035236582,-113.62239291461424,-1.4972595265560282,-6.10267574916469,-117.16490905713157,-7.81934572144169,-12.357868633589463,-181.28459244125065,-30.161795037056464,-30.69290438770425,-398.66154034413347,65.78725796232824,45.01016985745728,606.2126307991294,84.47911591602006,39.58262421539005,679.7195128982406,45.82527256760828,11.798002164616957,345.2347080663453,21.50249955627145,1.3191048673604207,153.57302655052993,16.38167051492206,-2.005457336063611,112.77662364674065,12.825740098317501,-4.180822307852349,86.01493995385133,12.281563056085066,-6.476741213452823,81.50781992754457,8.832456179893754,-6.6279239583136755,59.495145266390786,7.968664573309761,-7.831421545721138,54.91844671701567,6.312092947188894,-3.127995662622756,53.23530158414666
256,2025-12-17 11:23:51.927905,-147.31758152086218,299.0910308299528,-2230.816800291725,-9.874583829570009,38.86885530890423,-293.27825651503,21.171801244073105,-25.711643173511696,183.89150312955613,19.68570010489786,-20.64098399474588,140.56823829540903,-238.81469806326967,145.4409137230116,-1980.0716345095566,23.940324244411304,-9.841323560788219,213.84578243111423,21.93138979834856,-14.435308059678546,269.96751233441,14.623074918784026,-7.133068423471949,113.61449837549901,14.331923333113316,-1.1795906835233692,205.36368200191606,10.805733078797045,-1.0015992843305173,83.08539182337938,15.765163353448319,-2.8082369966174867,139.8485974204636,10.820584626887463,0.7685572358330346,96.577735867458,-2.387451110167363,36.03405733329162,-222.01031347585734,-8.158967565123051,33.341890014593325,-179.56011530547485,-86.27913854767145,182.79229356758003,-1069.3989968460355,85.35107968448818,-132.22048963936686,762.110292867474,52.250191091901456,-78.12761917528648,403.1060074687848,20.702836004094323,-26.417983507452348,139.92637005014387,6.83077881909864,17.838561673456464,-140.9076382675405,13.434783953813957,27.34890730486385,-304.6545131054121,16.309088649914127,23.801890223617853,-438.9080173676433,-8.331153354517866,-5.968951441853469,300.58935127496073,2.0061402717748513,-1.4583883161108442,-157.22863141295912,21.532011658527434,64.38367093530734,1781.387401587166,8.120095785732351,10.418807902455503,193.5535615126074,9.427366018901708,8.054844420456593,126.01605344420223,11.181824487755083,6.549834305067879,103.69416934694647,7.485838971561064,2.8540319838656725,60.54792915843048,6.495939072866829,1.1766899288430799,49.11595844937052,6.468272677367946,-0.013096241677508046,46.13372528292444,6.320589865070142,-1.1239840203034013,43.27605816599645,6.976287049229681,-2.585589725769483,46.31042657163825,7.28918673443291,-4.157350188749501,47.84830088908229,8.580890476976093,-6.690546681165206,56.721884550227834,9.059120411666397,-9.117076540218093,61.13138192374607,9.059120411666397,-1.0015992843305173,61.13138192374607
257,2025-12-17 11:23:52.064249,0.4597254625857727,-0.962344499073238,6.98707167931997,0.22880376348188952,-0.9441169614521915,6.921963142302497,0.8285634590293249,-1.0261507165237058,7.107106956201296,1.019153621653112,-1.0856991899196509,7.163611057144705,0.8228465659651314,-0.5354156966721556,6.88309566979124,0.781291456003678,-0.35260811049241164,6.965248463738769,0.5631974673707388,-0.40029917022433964,6.930075556412269,0.9143658215181896,-0.47214135711736477,7.036362507541892,0.48584340797462144,-0.0681701938608767,6.956792386884895,0.9390145096303054,-0.11919579089055546,7.077052141471929,0.7844944810844418,-0.16734911986638762,6.917261805795109,0.7897802885221631,0.026413145775589668,6.944319207408742,0.06851571188685612,-1.1375854032329744,6.85783324140223,0.30635090605415277,-1.2936615560454467,6.8558369310334415,0.5593105438408645,-1.211471455940995,6.938913466354562,0.7874396134508413,-1.2393835302638898,6.982306766720246,0.9311989667505234,-1.4118957561256074,7.097249431776065,1.0954682525116437,-1.4134149442843154,7.281918415244131,-0.34734302752113644,-0.9174732804181325,7.039776050963822,-0.31607117889170955,-0.664346891868055,7.047022356923714,-0.2715541851273358,-0.4175908266446382,7.068835031178119,-0.19788001439038674,-0.17606671632551182,7.010576179670889,-0.10314085244392655,0.03247755630702289,7.013188634328986,0.0741119029869605,0.2248914997344313,7.04469322544489,0.29019707465608474,0.3522670552331307,7.0448129187530375,0.5257536810187179,0.4238185305867878,7.03270646198118,0.7687812528998493,0.42053046244191317,7.075313009532098,0.9061553837837826,0.31422390224245994,7.172626307128287,0.9943322371669072,0.1468755189986718,7.277950743265304,1.0595385439024114,-0.03250494040982521,7.299393550576531,1.1139072434177677,-0.22758651933378515,7.330760785238261,1.143089605413842,-0.44645243663596196,7.3065429076987085,1.160484432816448,-0.6808864291782208,7.3360531743914885,1.1518619083391275,-0.913286372494063,7.362156714985233,1.1188001783057693,-1.1345118648244639,7.2977665725635905,0.7844944810844418,-0.44645243663596196,7.04469322544489
258,2025-12-17 11:23:52.193350,3.7320406009048703,-8.158030733809262,57.697929291761334,1.567672236868118,-7.087554283914016,50.49918158741957,9.198559607313074,-11.52985150329445,77.86514793801204,14.028242788832836,-15.002624670670206,96.59618693169743,10.427810905777484,-7.429796975577742,88.22069298066384,11.591659661314402,-5.74757578729856,103.30883884940272,8.514086501172407,-6.651176309417901,106.42389783683255,19.688979005803215,-10.637797649586608,150.07781215113084,10.29383072372014,-1.9675415335345192,148.79903349969675,38.849013243044084,-5.857795571061369,285.79269760321324,25.40325131861251,-6.529853052269603,225.05097815046352,38.59940209858476,-0.03893534852594002,337.6999150103016,0.30310182887130666,-8.080704596759771,47.556153886520356,1.790528613818442,-8.447818393849534,43.6761254876303,4.121949902878717,-9.447902362730577,52.61419129824461,7.909604292059738,-12.924074052629141,70.6723139745004,9.08494666820519,-13.943749374168014,68.41800168368776,13.795592061833425,-17.55437510361346,89.19800894407787,-2.680536073128654,-7.167910024207421,54.928530308788325,-2.9200713596432952,-6.233805175464034,65.3699106413607,-3.842679091552141,-6.059207017664147,100.18140345947496,-3.2310767066392434,-3.0977658557616214,110.74519193065446,-1.8148279172234532,0.16699124666499687,115.41792551868512,1.6259114119107565,4.873244310238677,164.3725640984785,20.134482275807596,23.58653846161038,488.1983290841596,-75.5850962468614,-58.652166109951544,-1000.8976851152264,-37.560869630271945,-19.674079883520008,-337.14927684588963,-22.446504935004647,-7.4847494453344074,-171.53590810287503,-31.983950969655666,-4.509679609866313,-223.47521992911413,-22.51578654166218,0.693515981300294,-148.27973174820653,-43.99207523719171,8.820818654742276,-276.34148222359903,-92.5833347735757,35.49500754699134,-567.6018727861015,-577.070980437999,330.40499565212195,-3499.8928897499377,61.42292709248787,-47.40482976536244,376.76317906160347,33.781392084282515,-33.62952252133989,213.1185753220344,3.7320406009048703,-7.087554283914016,77.86514793801204
259,2025-12-17 11:23:52.323078,1.478678764009115,-3.3737385898652175,23.244451621737326,0.6953527422404875,-3.372453132884627,23.40713019468379,2.675628840516583,-3.4387419181118606,22.614867468257213,3.255629153773214,-3.5462755443947107,22.243604023020513,3.14474381209107,-2.3774701198087165,26.775445617755214,2.9284893307595814,-1.600402551878527,26.211145419903502,2.05034609074812,-1.7454503870112215,25.6659737017797,3.3574305770448905,-1.9274653133899657,25.453143685017068,1.8199362005645905,-0.5008654550775481,26.45642473132586,3.5268103614639696,-0.6768136780348808,25.701906187079896,3.103780923494164,-0.9435852948055797,27.34406879762769,3.2501839668575654,-0.15777153255761467,28.208711787159277,0.11432498178827985,-3.8479998958235773,22.15129915379447,0.9119256222149872,-4.539120979490413,23.16358440200851,1.7963852222960022,-4.261575077407927,23.30012010231388,2.589975208657126,-4.307125620564481,23.088835636920724,2.9492496255000717,-4.5798446348181985,22.121596551868723,3.262135988775796,-4.197353005966985,20.985821037166662,-0.977558794794778,-2.7886428163520223,20.449679010985392,-0.9128984764505591,-2.124204691662598,20.73711413043902,-0.8207726956513013,-1.509956636910354,21.946081526364832,-0.6522023888997813,-0.819683898700374,22.428467295490147,-0.37023010384072447,-0.1676975040867398,22.608235776410698,0.21922692101514418,0.49104806716139404,23.59494873900391,1.0183775990323365,1.0062993267959273,24.791357982596264,1.9485853858246605,1.3218757177215243,25.625457711095535,2.936842202205523,1.3610533711143786,26.02687855757815,3.3809517199346675,0.958014660318574,25.30521739010966,3.530359532231412,0.3491381342950893,24.187302098298954,3.769891475176645,-0.25561356075709196,24.113501309071996,3.789956497156123,-0.8749993433279558,23.276051038026665,3.8490382580576634,-1.5666630894014837,23.06989604307587,3.7344404013209123,-2.206335800106696,22.172480026046685,3.6290536698950033,-2.8598384879087098,21.85249638282546,3.47072822701897,-3.4891528373511247,21.477433985315898,2.9284893307595814,-1.7454503870112215,23.276051038026665
260,2025-12-17 11:23:52.452243,1.1450269637172859,-2.6586923837906578,18.864790202474207,0.5041361313577636,-2.753526205962651,19.67037623483942,2.16186521537488,-2.708881998269175,18.387914831098083,2.6711811384377,-2.8094908730110513,18.219387629737124,1.8908626457667481,-1.45406103015973,16.669192887270555,1.8168393727289636,-0.9857493742331297,16.73926682910361,1.3336985627851672,-1.1439311542144512,17.488032075759648,2.156843011603465,-1.208515717529389,16.68037636114139,1.141781813989001,-0.2982992232187254,17.68326164280709,2.1952057535190415,-0.39690742208767693,16.183875188944203,1.7859168302090158,-0.54030574225837,16.313799488975658,1.7933728469488135,-0.09765202928558712,16.115387944939513,0.020911632300620108,-3.4214661013226495,20.262312518188764,0.6963836512285316,-3.822224271254393,19.86357194843056,1.405943473813811,-3.404289451755385,19.015334854706907,2.0878622488662795,-3.4622297323492854,18.947232634461823,2.5816905789388893,-3.9417299155240304,19.426404549676263,3.108066943046286,-3.8451949570506567,19.893165736841183,-1.1353026887725257,-2.9124357711332856,22.483178727245633,-1.0064540936593926,-2.0775448285918716,21.720096856851324,-0.8674266134531434,-1.3645658608940021,21.567885400541762,-0.6686012820543159,-0.6552218762833333,20.886816459508747,-0.3767319106054076,-0.04181778272842213,19.832187916589422,0.12462440057020253,0.4762393319554582,18.668474945924043,0.6863741169770469,0.7952825438029552,18.03471101530801,1.2598090740068582,0.9339215437140509,17.242291186686643,1.765514820982472,0.8695295905085001,15.998434437280778,2.1187416066338334,0.6588065816115702,16.0689420920955,2.4324215440571395,0.31865523913117005,16.73309694552742,2.640108921031529,-0.0910247034217874,16.932458417937585,2.8527077220498605,-0.5541449460119736,17.495918978990108,2.931816711151724,-1.0851703122691299,17.534715508348796,3.0666983140613953,-1.6739598500645734,18.118997443881693,3.1639121176709613,-2.3463640056718953,18.94718622852633,3.1444958098116804,-3.0111159108098833,19.33113953263472,1.7933728469488135,-1.208515717529389,18.219387629737124
261,2025-12-17 11:23:52.584058,2.865101641309692,-6.822697413512249,44.86190566075808,1.2875027418643499,-6.869801718388282,45.404768552538215,5.017091994427762,-6.456919991676296,40.89218522821201,6.259260866954053,-6.716325368469584,40.88919096461396,4.670244341468375,-3.9425184414191348,40.71597218071495,4.4551272154118235,-2.7549218296338607,40.79244261159913,3.142639981789631,-3.0428469464874897,40.790747955272266,5.108499373520371,-3.1493699933065065,38.96012916544114,2.5566383900738257,-0.9972207153882715,39.66829102770737,5.029787359291944,-1.1913910378189696,36.793405511681215,4.303590277458498,-1.6248976424037882,39.45002005046936,4.184728318954288,-0.5226908946531046,37.73671967199201,0.1815788630463466,-7.894843323620399,43.58869502765434,1.8651930331897737,-9.8087167568828,47.92141289234273,3.539675316847952,-8.665207979450207,45.459249557096626,5.094714207093347,-8.543284597943357,43.99740764882668,6.405562418168791,-9.738394789973297,45.45344517029304,6.7644331924936685,-8.274752796148114,40.732198660535325,-2.1857942627912186,-6.756922415244954,48.05529850680635,-1.955618549058335,-4.896361999406936,45.923325453571906,-1.6121260632969123,-3.2222256464605477,43.76849789881565,-1.3003914374597583,-1.8143782325212108,43.615480205547314,-0.762279903411805,-0.48821909498456306,41.510917943350755,0.22445466228084812,0.6900703611260179,40.24735876526846,1.4022027289491943,1.3979341682356543,37.982933185531245,2.470166039277533,1.6420915576355275,34.34445721177975,3.6668833038345796,1.6457757798626536,33.75467937571769,4.437628304953738,1.2016309135412409,33.70464887891319,4.741972457847673,0.4375751410817849,32.16476451973659,5.283282961952711,-0.34904070686108885,33.195637733286205,5.472749387963374,-1.2282631486760012,32.57275219728233,5.8153266603055025,-2.3132264897852752,33.6843388575215,6.291806427695604,-3.5775196466787937,35.79614939079872,6.45652807680642,-4.876727762882296,36.94421336922319,6.322598231834364,-6.0948838432791845,36.95283881619212,4.303590277458498,-3.1493699933065065,40.71597218071495
262,2025-12-17 11:23:52.722231,0.37598536253601034,-0.8867800726905943,5.745788305461321,0.17621912475441084,-0.8877368842167966,5.7853322021487585,0.6992438307434834,-0.9097326355059281,5.705659698556607,0.8709833694932488,-0.9479417839849354,5.713314512881332,0.6531927403173949,-0.5611716468738899,5.663085451210164,0.6331398884111782,-0.4047938700886517,5.7535566822522375,0.4580239644752915,-0.44678790533576856,5.811633873722253,0.7577111873487287,-0.4801794432518174,5.789393130255627,0.3935593932629479,-0.16536031922169028,5.923313824359099,0.8000333013056511,-0.20256148469136803,5.8752464491921215,0.6387437628874839,-0.25560730612740845,5.805605923887614,0.6539741245674489,-0.09489435193694415,5.843135022616985,0.033779676743391544,-1.0387073670341924,5.713245560621644,0.2289049413366025,-1.1680814607646628,5.644765790651023,0.4448657148924942,-1.089023691543138,5.647208602317763,0.6514081004184589,-1.1021358314376941,5.609681938788462,0.7924203439665958,-1.2168147336876787,5.612231645422324,0.9326524361702386,-1.1534586035304222,5.646359490629147,-0.249857214621486,-0.8400579498149359,5.916329188260865,-0.23203815953394144,-0.6437641833114806,5.958144721977097,-0.19632228107789546,-0.4495268268587472,5.983282248464564,-0.15278102467853705,-0.2638448912791455,6.0180467514233245,-0.08588397162409335,-0.08365597058482681,5.996276508057239,0.0556048666589913,0.08644983144197436,6.035708463142345,0.23883907054355985,0.2035529748275067,5.998964137954544,0.43765744406026574,0.27149359242507143,5.956136905505394,0.6453775288081165,0.2743106615602756,5.907413905786864,0.7803309556606001,0.19923389661532062,5.951025715415018,0.8676643140507964,0.0723728709116612,5.941358527024769,0.9386742801526715,-0.07138053983822325,5.949620410970066,0.982107167144763,-0.22747858896056783,5.9248260316147325,1.0064997263320279,-0.40943738879721026,5.899097202868205,1.018555470424454,-0.593201333733925,5.858442627119544,1.0113240286058423,-0.7791639989354964,5.842443326948979,0.9794844749197605,-0.9585863261452314,5.787173587400778,0.6453775288081165,-0.4495268268587472,5.843135022616985
263,2025-12-17 11:23:52.852963,-0.07426143572786856,0.16959246818422896,-1.0776062013826209,-0.03932755715894761,0.17515174585012266,-1.1198587432537161,-0.12621643974737987,0.16338120713913298,-1.0103685290812299,-0.1502526807935799,0.1623527111045306,-0.9736497417839978,-0.1304436119343796,0.1185563714571112,-1.1218216382186625,-0.132697372676943,0.09012717085489756,-1.1951945947719025,-0.09904450742145042,0.09937447823205259,-1.2252820148138244,-0.15101419797034682,0.09818773817545073,-1.1433179962221363,-0.09354950237033,0.04265520665401256,-1.3849075802390052,-0.1712991449222011,0.04511748265841861,-1.2524953887287054,-0.13970187932435735,0.060996854153735985,-1.2612388738934335,-0.14968271010521952,0.026653246321316697,-1.336378854002241,-0.012763488874118545,0.202073429510438,-1.0895805467402484,-0.045840577756489774,0.21201892926538826,-1.0090902428630366,-0.08190158927895774,0.19515259131083798,-0.995663891101803,-0.11371911851045644,0.1908047075459038,-0.9563777993166593,-0.13050594444478764,0.1979465305774015,-0.9093573475750585,-0.15142121388837992,0.18584844920596835,-0.9085502986036212,0.04519269537671979,0.17899061024215795,-1.2472054486707909,0.04545378197558351,0.14700472626038688,-1.33290833341143,0.04146517128989703,0.11103059660449205,-1.4222862440483677,0.03483666992854737,0.07117829516048896,-1.520313354648223,0.021798738391051387,0.028442953285423955,-1.6118581766803957,-0.015277377638086965,-0.020246591723333512,-1.6810751523584497,-0.06580388928022514,-0.053488397587994986,-1.688336755567593,-0.1196060406559846,-0.07154205106547763,-1.6492335543419783,-0.16965122823265927,-0.06922974164442364,-1.5629773941300096,-0.19213136097842068,-0.04894989788248866,-1.469757862197875,-0.20142687345140814,-0.016843761056737138,-1.3709210600585833,-0.20396872331652674,0.014527804298741193,-1.2826636401768088,-0.20136023307554407,0.045265623817666634,-1.2028585228060273,-0.19475711459814463,0.07751618201189013,-1.128413644662644,-0.18706345899220317,0.10682133626233228,-1.0628031525614663,-0.17714604797975536,0.13293517296328156,-1.008172748766792,-0.16508399104961632,0.15771744287917108,-0.960673808593091,-0.1304436119343796,0.09937447823205259,-1.2028585228060273
264,2025-12-17 11:23:52.984059,-51.040958503631046,115.2681207938902,-722.5200888219567,20.742210531694187,-88.31925599940149,557.0148953950327,-17.230695531928326,22.222003137059204,-136.1914929862543,-39.542123543661276,42.77341718095944,-254.01209344922714,-7.050753413666552,6.492843944325088,-59.64798054885802,-6.365228288424374,4.409533746394467,-56.26253484464618,-7.0578924983329365,7.149645148234192,-85.05086533143947,-13.784226909984906,9.15306689443084,-102.82109953684781,-6.454200787481227,3.1642033316040745,-91.64232763796706,-15.114271817702063,4.326289544949882,-108.83991137171564,-6.046907925507085,2.7965403462144187,-53.60587037732575,-7.549862739015733,1.6127973805328437,-66.12390344470373,1.7970804070536128,-24.000273830005952,127.76885803294117,11.184085603524473,-50.235506337293465,236.64304941913147,-25.536806264562824,59.91598196630617,-302.5248088817771,-221.87714585753096,371.11010724983043,-1845.1139157932917,-926.2660138404121,1398.7079607205408,-6381.303332023596,-84.24099872673187,103.36314389562216,-502.03072525926507,-1.852207737753718,-7.83559997816115,53.72593074694377,-1.3597678947929999,-4.8042355617019,42.39537514155131,-0.7892875806877154,-2.357496071466139,28.894912567391163,-0.3949561562171361,-0.9365145722212004,18.58954027854048,-0.12984682013608767,-0.24043918127582167,11.089903783019146,0.033862423018268153,0.02130969579571641,2.9963875531946917,-0.2452971574096078,-0.16577506244511925,-6.001621095045584,-1.2982484255368114,-0.6680836281719725,-17.374968053592315,-4.042825072661725,-1.4599991717747551,-36.54972399678074,-6.607229191891242,-1.4067355825452115,-49.68581904422522,-15.991882034376,-0.9221656484457162,-107.37278845996167,-15.146903044923091,1.3980733646937826,-94.28619268789932,-61.18080842904796,14.966703264112908,-360.97566329309564,-605.1438381394456,249.6762456721244,-3476.737990035242,-116.92412744664024,67.84131328545,-659.1703547811854,640.6902581943818,-486.3264862480518,3619.393010815779,101.94420990872716,-98.24991118095326,589.126172742474,-6.607229191891242,1.6127973805328437,-59.64798054885802
265,2025-12-17 11:23:53.123123,3.8637612765692464,-8.402644711347078,52.1512570617419,2.0283303709892966,-7.904075922881793,49.364949316242864,6.516936733903518,-8.242179433803662,49.99064834223604,7.570930085805184,-8.041148438828305,47.534613249492566,7.067430321152449,-6.4788656200677215,57.98163167225537,5.957445233226739,-4.130226854428575,51.173264832774585,4.552940253105728,-4.588753995773867,53.12885875625188,6.962682349423735,-4.59912401248509,50.84590726614752,3.492961797807381,-1.7217901915156073,48.01660855597489,6.808624691701533,-1.9521295595780646,48.21922238809845,6.032268293040169,-2.82635938480123,52.073525232955916,5.9141650104894286,-1.304447559472885,50.656419036855034,0.9110664324229195,-9.487529683345132,50.30806975077498,2.6689427215567454,-11.073171539789438,51.95934860782011,4.715761350094238,-10.610397603434066,53.100794102797764,6.255636024680361,-10.177959799875298,50.410617416179626,7.060877591519854,-10.371051503197375,47.27923326137139,8.277481968102878,-9.907788630000834,48.0806553154594,-1.3433972867395452,-6.351893359776663,43.53532704541293,-1.259654553720038,-5.0489319477812655,44.57571119267192,-1.0158969817466812,-3.4273675569185773,42.33060908015619,-0.7525627497115458,-2.083186519790773,41.97335656709809,-0.34228794422664244,-0.8430717408252824,41.12793698910717,0.574303388660898,0.3454501127539685,40.6344148753908,1.8072066337340393,1.1592232351834566,41.25581488521747,3.336010656322037,1.6493346415853674,43.01411653873258,4.862000934041459,1.7223752289688135,43.19388320668301,6.024183120824164,1.2598595728326707,44.59150806152009,6.640433221053064,0.37651973580214887,44.13522002444369,7.088100892682231,-0.6504556307823427,43.57973132107769,7.612368359150526,-1.8430179752265499,44.533222418425616,7.980130766715252,-3.2463246925827014,45.324006033564,8.304409156936307,-4.746306779786773,46.169772798105164,8.071044676828643,-6.024612852714422,44.909361978921176,8.384426289186207,-7.931612236034617,47.64638253415916,5.957445233226739,-4.588753995773867,47.534613249492566
266,2025-12-17 11:23:53.256187,0.3348873052325024,-0.7084459490635949,4.354129169108748,0.1955951240497354,-0.7113430579713963,4.382612959029896,0.57331984487145,-0.723236540891853,4.330943791795749,0.6976348384791219,-0.7449752956108255,4.32942977462613,0.5433332333075851,-0.49200786675386116,4.374098998920275,0.5271395826514268,-0.37001760705649467,4.430301199640641,0.3913775339185603,-0.39289542415903106,4.425498703638443,0.6156798602693278,-0.412827045311089,4.420102115939361,0.3417800422244937,-0.1834840092012195,4.508762726984567,0.6486370665306033,-0.20251660576637098,4.506134941337513,0.5302242993658433,-0.2552226050205406,4.465270553908265,0.5442434299116129,-0.13269519113595837,4.530300672448481,0.0942450613677222,-0.8276535196560565,4.353157396696816,0.23284902685740444,-0.9173595273593872,4.288527389021205,0.39134453972106226,-0.8605434444343902,4.290633529005454,0.5413506522275247,-0.871854062421881,4.285445409106361,0.6420388761882728,-0.9422818840837458,4.250478245838169,0.7387485290958579,-0.887168761138167,4.2545618817307815,-0.11684653282287345,-0.6657293746931241,4.430837252656588,-0.10582482779156663,-0.5260427067267812,4.4609954592138905,-0.0864134391705412,-0.3905404064592865,4.496503529579206,-0.060656437211790044,-0.253863349408069,4.528867601792562,-0.016157057866249075,-0.12640342201303614,4.546885423660494,0.08564301700277788,0.003444219480006574,4.585055203267518,0.21951847003734964,0.09284398753557899,4.607887371669705,0.37535785468943444,0.14303864067597458,4.634913131436401,0.5359145723204799,0.15151415932603246,4.629052249556826,0.6378645820763864,0.10002904817494206,4.621873730270555,0.7072893768458477,0.008825758415872399,4.614454036054195,0.7551167119947759,-0.09881650174486072,4.577059931562787,0.7863087635319743,-0.21341204185111382,4.534009706393077,0.8049863188896278,-0.3461991037975193,4.50595544228047,0.8077703490238316,-0.4769879481152476,4.440853046467394,0.799407724873821,-0.6096638119650221,4.396643983844328,0.7726357938009065,-0.7373534121112058,4.344649479836925,0.5359145723204799,-0.39289542415903106,4.440853046467394
267,2025-12-17 11:23:53.394216,8.123769431078065,-16.407061139134683,99.83906236857133,5.054883507911739,-16.631906917018075,101.85159018433639,12.932480928459707,-16.161985324086253,96.14558799021351,15.163648754591817,-16.22934953820516,94.14590450618019,11.939250105851333,-10.775362650741506,93.40950509605628,11.573811256187081,-8.110792406442908,94.498736734341,9.936759805175829,-9.765051740366525,107.02934810864188,13.136458501545643,-8.876907131097457,92.87012126259683,8.758658082846882,-4.639789302112581,109.84636722977295,14.755814389026648,-4.72267902499061,101.41126654953783,11.645282158518809,-5.66107364346856,95.20830309109583,11.801677661894042,-2.906892596163297,96.00428308318749,2.803842393907544,-19.511975892856743,102.18830315850653,5.57703906803555,-19.924598280593937,92.84363891648694,8.712925027014833,-18.363971805069447,91.20448931876162,12.301058933027914,-19.485118414081796,95.7080545843915,14.234875680078595,-20.72698454934186,93.79257586614547,16.479430881971066,-19.839658071404664,95.32015752718067,-3.2969479162786106,-24.141218621491618,159.58340016404625,-3.1455127916037977,-20.189541330526055,169.49994407135725,-2.4555068750079174,-15.109336799051645,172.571804496635,-1.4949772175215885,-9.879651868387674,175.78912472291103,0.21829494371214084,-4.479604768726089,163.11964807322897,3.311528212504654,0.2779372159087874,141.2347616930639,7.2690366127951,3.0074247276309287,139.98164384218137,10.414530080327575,4.018597036459357,123.88152814541536,13.00848924172518,3.73055029475471,109.7245918447073,14.957872472447022,2.396783101109557,107.21353090996976,16.11418715260338,0.27899134474753,105.10984594321151,16.95721397541934,-2.2174229412793696,103.21584503657755,17.53132997700089,-4.794488774540004,101.65446944775677,17.26236781243492,-7.526149011421016,97.81688371948513,17.871283490814463,-10.713761132342466,99.46077888759511,17.253482322011987,-13.318751592986063,96.09556883611256,17.68147622636542,-17.072898177853617,100.53343330392147,11.801677661894042,-9.879651868387674,101.41126654953783
268,2025-12-17 11:23:53.520902,0.8622479041777688,-1.6746239770991926,10.156284444741821,0.5371736768373684,-1.6563479294972716,10.112917909334332,1.4044474854241848,-1.7165949167269172,10.163140915582826,1.6981731046276136,-1.7863087612506194,10.299316613301746,1.360679646744023,-1.2005653882861438,10.413198494829011,1.3170940513591762,-0.9027083413936473,10.502132548497498,1.0032407993557644,-0.9430300336696351,10.40013315234765,1.5086425770307714,-1.0015939136362901,10.440429653725602,0.8978003928278233,-0.44946259919162107,10.76695544397183,1.6008890035875822,-0.5007921050504504,10.729148598379084,1.3284952309920275,-0.6316814138236113,10.607331466408583,1.3630815493227222,-0.3274538670643282,10.834815308302048,0.30696939218702834,-1.912759095281765,10.029721281348424,0.6238686617582024,-2.1325503302653717,9.887247671946241,0.9872929111701634,-2.027095835638653,10.032074582351877,1.3355755625266357,-2.065773681514495,10.093200358233334,1.5748390295613774,-2.248182120212492,10.117959211656167,1.8228580941152803,-2.1489941314403485,10.322754614706044,-0.14528768508732084,-1.568605427399302,10.346904320381276,-0.12723283248918585,-1.252207784586704,10.560635050207928,-0.08496199955632351,-0.9419630449486879,10.851918785328003,-0.02483886894678384,-0.6104452970856308,11.0675507594537,0.07930904166104501,-0.2944787768505473,11.227644613384456,0.3217162708048731,0.028747552784956942,11.291692827548994,0.6408748866673166,0.2540048839564181,11.283154164142681,0.9929823421355057,0.37498986217936026,11.244835196506218,1.3607581738892314,0.38764251026268,11.13991445876036,1.5859599456439626,0.25725077787687417,11.082688881671373,1.7353418176025701,0.035809774924800586,11.051490421284207,1.8283734222343213,-0.22358178114186647,10.89393882994367,1.8925890240869645,-0.5001836016021518,10.743420880044987,1.9086453266424332,-0.8162347440194642,10.590897117069106,1.9087676458497678,-1.116579736412754,10.40334679719443,1.8860508102732922,-1.4272065713317865,10.29222885056468,1.8347443563933898,-1.7336300479969935,10.182641993998661,1.3355755625266357,-0.9430300336696351,10.502132548497498
269,2025-12-17 11:23:53.663979,0.8395356652361369,-1.5926331327205479,9.559256381901072,0.5425747346230606,-1.60967692539321,9.678831203069345,1.3458794937199017,-1.6126665746536775,9.532468850499402,1.5934315324289108,-1.6311843976370042,9.41988443657181,1.3058753668675271,-1.1234829731573008,9.75845471197398,1.2481717751307964,-0.839803879712462,9.721762652101235,0.9565489769954911,-0.8946243222028801,9.689962689448393,1.4202171538597068,-0.9304941721446075,9.641249975672864,0.8463935708109651,-0.423595533426027,9.741887527407966,1.4674405543932494,-0.4469793269071422,9.60978383016062,1.2471813001558834,-0.5859075223138092,9.73511888621663,1.2561485097867784,-0.29110058555543605,9.702964989884524,0.32276200906765784,-1.836549790657085,9.533504232308642,0.6310764799111712,-2.0815525621440827,9.561693382049057,0.9765695832537472,-1.957333155278959,9.633687170288086,1.2869406515812367,-1.9457197490021119,9.474384293828608,1.4929516547534674,-2.0702312110954786,9.332174003872305,1.6999901829389827,-1.9274153485079875,9.344909708211981,-0.07364990550114894,-1.4507829673904635,9.314565550572803,-0.05293418753726734,-1.1418901668360297,9.355880988992116,-0.005515094798733455,-0.840026658712009,9.39438822034308,0.04671109381547822,-0.541919928122881,9.394859455154974,0.13399013135417673,-0.2645145255322376,9.369729773324144,0.331007171268031,0.0053187496425733845,9.504491304067386,0.5899685613794197,0.20276687438933588,9.550122266866193,0.8963200607875028,0.3210273211362106,9.678136282256082,1.2197609573089996,0.34456759642690626,9.699064328054181,1.4162287660881285,0.23867769995838287,9.647351236298753,1.5579715515078567,0.04775501667721647,9.655747337097653,1.6324507449674075,-0.17861528701451695,9.514513719016131,1.71096620945466,-0.43248371230661997,9.518771032078044,1.7468673969558164,-0.7211838677464725,9.500407448164175,1.7611820653660841,-1.0063654831699549,9.445877268895686,1.7497792811705914,-1.298252098225525,9.39742754580103,1.7132019531021478,-1.590892223979388,9.357177478671423,1.2481717751307964,-0.8946243222028801,9.533504232308642
270,2025-12-17 11:23:53.786382,1.0200648563252006,-1.8511362012119605,11.059752892168266,0.6632054338722084,-1.8554859821006755,11.113596998278835,1.606270220392985,-1.8741125728191474,11.098952802540374,1.8964825790308668,-1.899497415462233,10.975466504166047,1.49748130753049,-1.2683494292844122,11.00859189412508,1.4644374218624516,-0.97063033311707,11.147111899510191,1.137919179356831,-1.036437164441142,11.112622310611464,1.6602908991223106,-1.0758504785070508,11.044274278859412,1.0102027685661095,-0.4976199969073781,11.160193799551788,1.7467557673579022,-0.531255140522871,11.182414587969845,1.4449933682083327,-0.6729788295038701,11.027517109285421,1.4818616492027983,-0.3449864766075928,11.138102505949304,0.4323733097068656,-2.1532814902504733,11.104784982950227,0.7767754101550047,-2.407155155762898,11.046636147774532,1.149510316850279,-2.237678440029363,11.010193086340465,1.5315543987825724,-2.2521583930930302,10.97801745470389,1.8139809649402643,-2.4426603875497017,11.027518757812393,2.0523454862318515,-2.274996001307101,11.052254046997396,-0.0015880918442865465,-1.7931140434712178,11.340935077315583,0.02428279750979033,-1.4198184996225447,11.428028208509904,0.08297098749697362,-1.0513870585205778,11.505179480798436,0.14811345443307647,-0.6904821431287325,11.532645106569777,0.26602907734355563,-0.3510707097456953,11.671824876663017,0.4850061800448819,-0.01142591951307742,11.55968759639943,0.7842655924337514,0.22455010631185604,11.491802461303388,1.1032052228127112,0.3611373651176773,11.30241682963982,1.4695749923079664,0.3851125535151189,11.295721059369004,1.6940529690080397,0.2585494693469868,11.205966991383137,1.8413580047016713,0.03477566026913969,11.151977973563723,1.9568937874315722,-0.2289098264342887,11.123852096968202,2.0529545831832685,-0.5279862111119669,11.190165433309247,2.0977557485111307,-0.8611971349930562,11.18610471700645,2.1194838304117143,-1.1969723395833405,11.148106292470608,2.111219865360128,-1.5417030594959584,11.119103494377093,2.0572470238823626,-1.8749982134024794,11.011602086271026,1.4695749923079664,-1.0513870585205778,11.138102505949304
271,2025-12-17 11:23:53.910343,0.45336815228097377,-0.7768106061036513,4.661253833649647,0.30335701121327374,-0.7798879165932889,4.688130797436217,0.6955953364783922,-0.7867065520982238,4.684512473673061,0.8196539169382046,-0.7988284610895068,4.644597907711584,0.6658229234129929,-0.5434806100244014,4.724632429098169,0.6411403090169349,-0.4124719977019746,4.72633064259084,0.5076497543402312,-0.43929791218221287,4.72514907921444,0.730288113065366,-0.45826084102877496,4.720168234373091,0.4525318769084579,-0.21113259612419896,4.733142492763994,0.7547433851694765,-0.22751196081532554,4.738505770462784,0.6446608751028813,-0.2892308363998227,4.737820378023373,0.6519669478810252,-0.15169491594977708,4.7490037585747515,0.2048318695212012,-0.9012158693866111,4.6594428039845495,0.3504543506139255,-1.0112167634774363,4.65228880428068,0.5112773769291096,-0.945748232068145,4.672254768180525,0.6692163724438274,-0.9487249498463145,4.650568024061166,0.7783931251603693,-1.0205121814119291,4.6288987401844075,0.8716233871685183,-0.9465570724803299,4.620568658387088,0.017449550600535543,-0.7269885971865914,4.618986608150174,0.026914030919251566,-0.5768532765884105,4.643728347520339,0.049538030608023295,-0.4289411780622643,4.655085683152868,0.07659512578531237,-0.282987990594674,4.676013812594065,0.11904617430212412,-0.14856786252567966,4.675910689136059,0.21347008999853925,-0.010774268260513208,4.689554529467204,0.3388209874490495,0.08465209835804151,4.714715315382432,0.484484083201608,0.14482386590080698,4.749236884822003,0.6387607681551006,0.15390081109308112,4.772423214357502,0.7338264518255171,0.09869514014754042,4.743297321664081,0.7981808914242052,0.005275341051176607,4.733686149391298,0.8424742235153304,-0.10340056663236132,4.710847025158342,0.8744595382113924,-0.22491852376550653,4.704654857963805,0.8913815026519527,-0.3651610367676404,4.698201864530851,0.9013873718346193,-0.5032385422662984,4.685153520750878,0.8952239637932308,-0.6431019573184217,4.657471712525904,0.8801267087416932,-0.7847410311504968,4.6366080877993054,0.6446608751028813,-0.43929791218221287,4.688130797436217
272,2025-12-17 11:23:54.050350,101.74507832474949,-170.11596764899218,1029.5432732130032,-30.580736107095383,74.55987166458496,-452.43691732896184,35.42529195634715,-39.268166767969284,234.5064233231369,959.904271413987,-926.1155827776973,5389.909570973959,-10.80921015620317,8.592638948932436,-74.74297969461719,-4.092962104879002,2.54888111890792,-29.413487650957844,79.10978121979255,-65.8023533787806,713.137920999602,-13.134036971699514,8.018470090629155,-83.0435598731366,20.730679894402122,-9.303658993564978,208.8777591721393,4.962281078564509,-1.4609032637777017,30.46651320817551,6.0044443085489645,-2.616517020558884,42.95365760643036,4.817713813599801,-1.1083080033987531,34.16707819480988,26.283055924403325,-108.74549600037004,569.3453493461551,-80.47288227717942,225.81715089073134,-1046.8786523815372,-36.339284117672214,65.61153488868375,-325.2539790040966,92.55407593208422,-129.58577675766062,635.527983051942,-113.5731422140208,148.04290017914002,-670.8828166795016,29.885422464368762,-32.28715906158055,157.43542960645254,0.4835519573876428,-12.793256871103779,83.42811450182332,0.6117003890740741,-8.59361406666826,70.6728280643109,0.8753189539410257,-5.845858738452953,64.53726761157986,1.1279337356464425,-3.3861895740488177,56.60265686799394,2.542544633964941,-2.8538314409699255,89.2371587289575,6.027266280490392,-0.390312004474025,124.72662663412757,9.07898987059421,2.01101806785153,121.41764635632137,23.195024976757132,6.35072283497586,219.91018716303148,-454.7165947012859,-102.70333540012216,-3298.3924449689653,53.95821483376254,6.926577520778291,341.9897333009821,214.20968602040696,1.507357233380539,1248.9762725470903,1231.2022919820904,-146.85873138807437,6790.916338047847,-9.194544210381268,2.279195456819808,-48.67931754638541,52.96340672745607,-21.19567670550172,274.86368073638886,18.15669958403276,-9.921144228142978,92.94394096799941,23.661461792266504,-16.698424655686356,121.58927766557281,73.06172333332492,-64.53762249711048,381.6633963890674,6.027266280490392,-3.3861895740488177,92.94394096799941
273,2025-12-17 11:23:54.174691,34.73112814683851,-54.65702889015591,329.587271771499,82.26781432196717,-184.29226231673334,1111.732091563948,41.895507440420424,-44.754812371067906,266.80717506697437,12.237238528307273,-11.354739524828329,66.28907477133545,-199.72372909146753,151.76970363264022,-1327.6700795349182,24.74105768372,-14.719965688871884,170.7992258556743,13.89604628050967,-11.08843742767633,119.8409374208533,18.582569223671705,-10.897225084624344,113.65906682608983,10.3934629240356,-4.485147460429351,100.37901986904332,12.8953674975677,-3.58947731520918,77.10977318718686,19.93290258968312,-8.309480236974018,138.067914269176,11.910871504386213,-2.5389535343419256,82.20908696639431,31.604795597543003,-115.50966029955117,599.8668758901724,-36.47409332958043,93.50355815731419,-432.60362458672705,-20.02987082278868,34.12200530535903,-168.77648524136652,185.58144206146545,-247.56734186677738,1213.7350153646485,97.98234617870355,-122.3666534311151,555.9187553213599,35.52504054737104,-37.0399491924453,180.47674712878083,0.7495126907900511,-11.663173308953473,74.60057711027228,0.885668631518993,-8.940975312036121,72.00005851346185,1.0484122448547695,-5.861054292809272,63.33308885633503,1.1434846375592191,-3.173454580583512,51.79819982655674,1.7500320729278316,-1.834260051919425,55.8495545254934,2.432896396820205,-0.19108974604206197,47.75023719326111,3.673987675219562,0.7785130727514639,47.48438641210736,5.773934585384039,1.5366168303076306,53.44271691286226,7.580050084765095,1.6768050330470716,53.80401163545735,9.013057352126397,1.172987860768605,55.84131266804584,8.929672041066278,0.09835752862804407,50.952548709849005,9.847688111558767,-1.1073805362547091,53.0621629479413,12.422729247765837,-2.9922386652328266,64.20290576142752,11.248600587891257,-4.33263823058884,56.80216733948043,12.54208926198792,-6.6106591013714855,62.30364777162312,10.161323813228217,-6.907002802604876,50.49419935729943,11.64226292901644,-9.90670548419256,58.78203372481899,11.248600587891257,-5.861054292809272,64.20290576142752
274,2025-12-17 11:23:54.303525,0.5776840136707013,-0.865261891617288,5.2383731531231605,0.4053400431977574,-0.8559225701790515,5.171879119279207,0.8596267887415091,-0.8871750963242275,5.321212557490815,1.0285238028506212,-0.926793960619527,5.418513629521233,0.7753545352131533,-0.5657354961886694,5.038941158573028,0.7576959703990477,-0.43822505448709803,5.09898801738685,0.6143007177606458,-0.4756152289934921,5.103541352058263,0.8706674541026483,-0.49862473898582493,5.185574636502073,0.5588840506963069,-0.23923761461585605,5.184994078317722,0.9034704296913503,-0.25859432058868176,5.2697423543218465,0.7568525406864821,-0.30816951754584077,5.096984556314556,0.7661813086079812,-0.16740972022290737,5.14030339855624,0.3010447433521075,-1.0030904879480502,5.1893643625411086,0.46136858316152213,-1.1125379848506332,5.16190452232685,0.6348812311917768,-1.0415644463305427,5.179343304534102,0.829998770185374,-1.0644731386468678,5.254449694740004,0.9793619500664579,-1.1811739684084686,5.390610825872692,1.1116092920746918,-1.1172593394197112,5.514556513861884,0.09932731876097149,-0.8724334024717066,5.405781042965443,0.10830355388478821,-0.6935734863772632,5.3978895333737,0.12969748468815856,-0.5234895339518476,5.407465864200405,0.15901276714776688,-0.35810488954720715,5.414329355802095,0.20488351254568016,-0.20252021871849174,5.436910363379231,0.306996995231628,-0.051816993061141126,5.398414940956894,0.4396977656079703,0.05820734206471084,5.329166325225814,0.5914447999724582,0.12532379337514693,5.277757119668709,0.7548087319626388,0.14050717511510588,5.2216121481671225,0.8763548642819071,0.09183524053259083,5.311009630763734,0.9696854359083503,-0.007840130928761136,5.422760282828205,1.0470968413336275,-0.13151273181368506,5.53169256309361,1.0969492993666057,-0.2707257989838808,5.544490498675788,1.1228739020755387,-0.4325722866987944,5.5474937049731405,1.1409605087168144,-0.5929053008499654,5.544753788543693,1.149854240323758,-0.7662229534207451,5.5744605901911095,1.1434032627741455,-0.9486573889498986,5.621632036045793,0.7576959703990477,-0.49862473898582493,5.321212557490815
275,2025-12-17 11:23:54.428582,3.2600361210967277,-4.472137551666389,27.411543075713166,2.3138655577420257,-4.494041336403042,27.49240186013512,4.7850376978163,-4.513944400046851,27.368314939497115,5.688360114445778,-4.620536966490794,27.380154224563725,3.99242877990126,-2.885157041095902,25.56181043343561,3.722539246664365,-2.0779454359204057,24.320328214908056,3.1230902236356304,-2.3304755041030343,25.18314578235002,4.439614640161074,-2.3962634037665542,25.136781855009446,2.7166289886315433,-1.0359252488851558,23.934723010007595,4.380870112582878,-1.1130640791326079,23.88453243923259,3.714478764922841,-1.4498139967302566,24.307677517733694,3.6437992924456193,-0.7128313372141658,23.532052644001077,1.8100039166321986,-5.343232924419101,27.95841444485425,2.6603096201647154,-5.947614935975751,27.73386655231248,3.568258239253584,-5.501156957948348,27.435264487778586,4.629135776160394,-5.531852076187272,27.3649614654916,5.633138141479092,-6.188940386178,28.332638067797113,6.239527227937733,-5.564979751584986,27.948863029078293,0.9230567507043836,-4.436147661581096,28.113841495269845,0.9201638283719747,-3.413902714240144,27.446350575057554,0.9904255306632934,-2.4582245696294227,26.7140607899565,1.090476332141018,-1.5713446962253996,25.93066473606566,1.269020882411796,-0.7717627735099087,25.09581610491276,1.64968239802336,-0.07494736470445568,24.174727205212033,2.1852074224993934,0.40678707468105324,23.694844958945705,2.804087052653965,0.6870491515196826,23.18736101928652,3.5028124307073862,0.7498118869788413,22.944423136816948,4.105976150149881,0.5544443213221389,23.140754189067554,4.634030322536652,0.14985350228481997,23.65681841532564,5.104190167862281,-0.3823136414308053,24.2437596030127,5.522817018136049,-1.0627627050909942,25.033330577727796,5.821533726879764,-1.864459226017525,25.82940865583632,6.084695772058559,-2.714314109542439,26.588739565824227,6.310133315739653,-3.637804565767943,27.360411477925496,6.433411412101886,-4.624442834506034,28.063660160327284,3.714478764922841,-2.3962634037665542,25.82940865583632
276,2025-12-17 11:23:54.552127,1.7475987141934113,-2.304414637991927,14.2483501530577,1.2246972584241107,-2.2805760505290813,14.068419736557466,2.548940297879847,-2.3164226181315497,14.156405281357731,3.049816497301301,-2.387668771330979,14.261708330171892,2.2101617376721587,-1.5372636731828146,13.745750825819938,2.223749763832149,-1.2008754227679148,14.11549120567385,1.7990024674476648,-1.2918722577132182,14.091718587209213,2.5810581540208126,-1.3481295115315841,14.20156765076397,1.6616739155669198,-0.6070130511696065,14.26898320331614,2.7600380196900276,-0.6779306484988987,14.63496682096311,2.215557057627317,-0.8329611412307544,14.097648137521793,2.280194529629716,-0.4265209396872257,14.326141084391496,0.9530177547142337,-2.699001956694148,14.212633407514696,1.3948158292521649,-2.9945112155116105,14.026004712452645,1.8739639457570922,-2.7861902595489316,13.950683657022825,2.4259613813071446,-2.802669517061636,13.916145289948185,2.8730035944353136,-3.046153127471398,14.030898268225425,3.233623263431926,-2.7784941901045546,14.060497184140553,0.5152879995203767,-2.336914081528931,14.987593788636403,0.5267747628970597,-1.8379205108704006,15.03612447073473,0.5819139426944749,-1.3597325989597504,15.120523850271471,0.6590913209467145,-0.8826659253933221,15.162535303399693,0.7916608058452708,-0.43339993395411364,15.239567608223071,1.0540865700942674,-0.010563001852955422,15.104575429771108,1.4192640110387165,0.29055512213069534,14.976676585280638,1.8167525571471657,0.46434913205368356,14.618354551396504,2.3008599313253,0.5118742241926328,14.655008773733176,2.682405433032721,0.38324338337963054,14.68914766928972,2.9982779010119383,0.12693516289443887,14.855092666741625,3.2558575487279033,-0.2018266000131773,15.01723979484753,3.3794055265782053,-0.5951409676953231,14.856702192960894,3.463205179647815,-1.042511102604082,14.910359961639948,3.4913476382484743,-1.481157319715956,14.811442300565203,3.5007357108292414,-1.9282120887370162,14.717980249026656,3.4619265623229247,-2.3862340464434406,14.645003855005662,2.223749763832149,-1.3481295115315841,14.618354551396504
277,2025-12-17 11:23:54.688535,5.7044754021822675,-7.241830349100203,44.923734514480934,4.320562023851096,-7.80407549747497,48.14948417652805,9.87012198630386,-8.691331715236918,53.286618990188664,12.816893842291533,-9.70853949913578,58.10589877149977,5.628885596134979,-3.768496987811003,34.560165439398986,5.669579120524193,-2.8993843595663162,35.20075198631312,4.548938345652292,-3.1316698493058626,34.856703054537064,8.389639037226942,-4.200151516775809,45.049499326193995,5.1477970909017285,-1.7426524117697548,43.141799619609046,9.359686483339845,-2.1365342084247056,48.0972231203292,6.3380219647109435,-2.22802327823624,39.598009958646614,6.321585563528151,-1.0171987644749867,38.86827108083761,4.496026846444965,-12.16638244755565,63.87048842676174,4.9394667793084786,-10.337734463665011,48.23286004349714,6.087822426313356,-8.85283721852015,44.24091984772435,9.774446109309514,-11.04793851613465,54.76737413947249,14.153071528891488,-14.665054143013991,67.22483486511818,18.380569778153973,-15.341308996324203,77.65197429850251,19.609684529874787,-74.9371972123844,479.16952177864556,8.679328725540165,-25.576932849726298,209.24247819108544,11.658417991552065,-23.297027859887848,259.4469534866088,8.07055356424829,-9.32293251438709,161.99613505774073,11.899166114852902,-5.649446519265135,204.12237079184717,8.891583446389433,0.012348324547697123,117.6429974639689,6.295666439071212,1.2920813999406282,62.98660471699677,6.79204991603651,1.7973714708036075,53.057356418806584,6.62521162884081,1.5390009929943733,41.02073041672923,8.569288855318595,1.3334867625802704,45.636415464501816,10.954956647048144,0.6085320605525711,52.5403370704554,13.826770762690302,-0.6255785340592149,61.478795148104766,18.496446480673224,-2.9201643041901444,78.49088549675226,21.624732123217747,-6.056461640551199,89.62977236560762,25.1941227199296,-10.129628403276335,102.91033876833085,23.816020265228435,-12.51898230979564,96.39519349834464,36.338915196431685,-24.103034725064486,147.9425311060372,8.679328725540165,-6.056461640551199,54.76737413947249
278,2025-12-17 11:23:54.811246,24.076002880361536,-28.84257136331026,182.19749015589124,20.072245084515888,-33.599197943581565,209.59445482049784,29.524144129510173,-24.919791912552242,155.03219651821163,10508.30838912935,-7664.31660206645,46524.11787645266,11.796716955596356,-7.618745118908862,71.43652923827356,16.64857230442749,-8.264958915313985,101.96985220455873,21.417226375020128,-14.285980031063641,160.55634438044672,23.34165628949089,-11.268826987932798,122.88516222741087,33.64138342330028,-10.881963095368866,271.7186314753677,29.703308596567354,-6.561715339659088,149.79643028447015,20.443323279027666,-6.982294229442367,125.50914810387331,14.532661854428582,-2.214498835001753,88.03948234737845,15.931572390141996,-38.6189554836814,204.3440330203234,18.809446913840763,-36.928097402798244,173.94012044306223,16.176232376372493,-22.472742809566963,113.6287845733333,25.31233336926637,-27.476171163915925,137.59568082609334,40.06703965488041,-39.94451518939894,184.7254595514207,205.6008978275177,-165.09506792354298,843.8448057932021,-6.322072441093237,19.07259620503074,-122.32166330541462,-5.941699760627685,14.031504211524595,-115.3891555870973,-8.1966341301578,13.232609755873606,-148.9985407096655,-6.249705530101743,5.995653390610125,-105.61537968654648,-6.89489686308525,2.726343822917828,-101.78471753323616,-11.091655762989124,0.047083250292050356,-132.11391994739643,-22.255362198470618,-4.000026188415499,-209.85981471677138,-65.42940575146659,-15.762143345084798,-493.66428692960096,100.57760799867583,21.608162190016944,613.2934040377447,-375.98788929395954,-55.44691334438754,-1973.4694544546392,192.66215546035073,10.31249270028149,908.1608248166153,-229.384670764311,9.21791588767301,-999.558600600351,-70.00970133376833,10.381235395689178,-289.5704916115608,-53.6300166514948,14.104488442840633,-215.95080167866135,-39.96678933385258,15.270102107037866,-158.33314283472882,-25.457791475680352,12.738249408850224,-99.98507006715053,-18.58250623839785,11.743498001729462,-72.94149999603523,15.931572390141996,-6.982294229442367,101.96985220455873
279,2025-12-17 11:23:54.943401,-0.14317807749925657,0.165280308771251,-1.0492616212793346,-0.09892670476898795,0.15796187583301075,-0.9882817936643633,-0.2268640865457203,0.18591184991219373,-1.1637429241548227,-0.2902112482970541,0.20509097053234013,-1.2511902975677631,-0.18475007413845496,0.11565002100408192,-1.1048092534773861,-0.18309043752930368,0.08753823915296091,-1.1017291233926336,-0.14344100858212364,0.09241208502577342,-1.046787234067071,-0.22415673209655762,0.10456459703292002,-1.1577843625576756,-0.13173587244476095,0.04005984327910342,-1.0292380468969287,-0.2369515355085931,0.04960472739018298,-1.1729554077709614,-0.18243439907734516,0.05978041997368233,-1.0992863334478975,-0.18406883982918598,0.0246597196515403,-1.1005086098713162,-0.07921437525949343,0.182233993157774,-0.9626977804893931,-0.11377174437438792,0.2147578040248707,-1.011030724837288,-0.15597074648675197,0.2114571939481073,-1.068185382400917,-0.2172101520160855,0.2300796658486729,-1.1526892227764425,-0.2734798448056349,0.2662690449770578,-1.2310091463835229,-0.3246857892105185,0.25390095859609807,-1.2998975291089716,-0.056093902171334045,0.14559791719043877,-0.9298501558373586,-0.0558107870788215,0.11359917812222708,-0.9285391862171466,-0.05844236368742914,0.08302411967437297,-0.9306155905759004,-0.06339249715118461,0.05409101277996456,-0.9365913350824892,-0.07223040453587315,0.02610287735603553,-0.947903872840509,-0.08839574950909543,0.0017172802882343624,-0.9694255933177929,-0.11219125890802047,-0.01783200542270365,-1.0015163858777048,-0.14324013995543036,-0.0325730708669254,-1.042962861238833,-0.18453303326926715,-0.03907168238802335,-1.0986259739641346,-0.2252018733019183,-0.03248934892859555,-1.1537378598904753,-0.260694130604811,-0.014269828260222942,-1.2028530633394101,-0.2926182346126714,0.01071122631337175,-1.2464216308384584,-0.317507421586184,0.04495320721391614,-1.2814239651091928,-0.33200148306660143,0.08419186061166062,-1.3024343516215724,-0.34162123534498484,0.1262730932493679,-1.317634795255094,-0.3482805809811781,0.16849245977816288,-1.3279733041600446,-0.3508100255249535,0.21384858029993264,-1.3327543956130377,-0.18406883982918598,0.09241208502577342,-1.1005086098713162
280,2025-12-17 11:23:55.067904,1.4484975000823284,-1.6018568806532252,10.233227052095627,1.0718127641200619,-1.6210658227979888,10.195451998458216,2.053445182216445,-1.6287312797528433,10.299645229656804,2.4267569339362334,-1.663750910837685,10.262870736101354,1.7489337740556337,-1.050796974783196,10.147028163746842,1.757913596589468,-0.8035160213036208,10.261743127535903,1.4487486993017913,-0.8970447537346676,10.246027890550607,2.0421830889095043,-0.9194271818905035,10.309696591548654,1.3659312949678886,-0.39194741723750887,10.32600893139624,2.1360219207299456,-0.4221991718560137,10.385085466651585,1.7545032955277156,-0.54707328788471,10.300709844232385,1.7627754326310454,-0.21159309000280854,10.273322008901612,0.8984770352539386,-1.929372781908142,10.194050059249632,1.198495122432699,-2.14537911463409,10.121188613213329,1.538181885071617,-2.00574862761938,10.172961357407955,1.9705282617576574,-2.016576194515028,10.176071416319601,2.3229216349393806,-2.1930782798070316,10.211660805834091,2.5962096722783534,-1.971206198747067,10.209424584473057,0.6799935268382757,-1.6096704543412694,10.292095679745564,0.6756786307643108,-1.2541099133563811,10.265924581779556,0.6993364507190404,-0.921878461050785,10.306519880139252,0.7542336564127567,-0.5991268248156579,10.375986824494811,0.8408031897900635,-0.28207036549216763,10.353370892049114,1.0023192823212972,-0.017900049331352898,10.417576964378643,1.2161302148043782,0.1867237043539227,10.387695193871084,1.4648031568521231,0.3289466299061485,10.336199998726725,1.7756316707431679,0.37694944067814,10.345506989211865,2.0586194073815434,0.2999845863381375,10.385908649286899,2.294204073620655,0.1376931040394601,10.44289453111726,2.4997796877259204,-0.07427039829291657,10.545934332158005,2.642777996531552,-0.35089028053650306,10.568434091320643,2.7290847517375534,-0.666463779834197,10.611542391546324,2.770182189116503,-0.9887621037790828,10.562082705109699,2.790026804803984,-1.3107947961600959,10.517365981297955,2.7886316071798554,-1.6569153316862646,10.474021270994227,1.757913596589468,-0.9194271818905035,10.306519880139252
281,2025-12-17 11:23:55.200830,1.4465690478743718,-1.5326034687889734,9.900226867374444,1.0859365346787149,-1.5574308012556,9.920033696410318,2.0186564728860183,-1.5449620992438893,9.867227526495725,2.380361401861065,-1.5806017399383667,9.849384122715588,1.724117003007201,-1.0128108403742524,9.81995868883513,1.715242897997773,-0.7605675889484188,9.800349234175489,1.4317045523070309,-0.8582354323612412,9.862492958778162,1.9966626325492192,-0.8716309906345135,9.852164708689969,1.3538211997585237,-0.3735127288657749,9.9597043641447,2.0690635284399077,-0.3895306294616291,9.838443974923143,1.7163364028745451,-0.5200769022891419,9.848729304268213,1.7140213781724416,-0.19847689388460527,9.813595758177831,0.9160629279701029,-1.838630881087424,9.84195894552352,1.2020723466170173,-2.0526644552981077,9.807430466429699,1.5264219252115507,-1.9124066779391353,9.811230966892591,1.9374173227003697,-1.9175316774280784,9.775215219881137,2.2838430292243213,-2.0856585190695163,9.818667622290512,2.5646591971789,-1.8872419098820987,9.879326383429461,0.7095948863924488,-1.5252160651954656,9.885840702544893,0.7026673892479331,-1.1990050593991615,9.921773515055538,0.7243887410241262,-0.8875558282549207,9.946996204702538,0.7689430926084525,-0.5712636428408586,9.904190620921488,0.8468116620049247,-0.27643097445571124,9.902676114910445,0.9962139129366406,-0.023062211322008537,9.916966291725146,1.1938501857717607,0.17340511837144687,9.906342879602557,1.42986091584533,0.3087089757393067,9.889016295066437,1.71963894660533,0.3578313811223115,9.84688071027115,2.0020945940965427,0.2891208571255091,9.91712828564241,2.2223352656343534,0.14395398985902494,9.913081133245475,2.412455518082653,-0.053287995147920465,9.929677119569032,2.560333358271745,-0.312398629806113,9.974846273999594,2.631173313309048,-0.6013462430129267,9.943215547009174,2.676342802625653,-0.9062468820394882,9.921034959891994,2.7192724176974195,-1.2218227099686465,9.960755720517394,2.7254703266762554,-1.5549524715000083,9.943509271929175,1.7163364028745451,-0.8716309906345135,9.889016295066437
282,2025-12-17 11:23:55.321418,0.39070675703644114,-0.39846269560001696,2.598055924978364,0.29242469589389897,-0.4005129330315502,2.584989803760075,0.5507211112254359,-0.40732410846993883,2.625298334111922,0.6516079984112234,-0.4178490604136639,2.6304941445806493,0.4691731005598509,-0.26673011828142074,2.6104159159726756,0.47084872402729366,-0.200553286617681,2.6358370054641287,0.39076161000455223,-0.2235994474426799,2.6303258560305736,0.5487860026365924,-0.22903427035199467,2.642791762682911,0.37080281034275564,-0.09156671406223348,2.657587490367622,0.5768894487542839,-0.10095742804332328,2.676755662361702,0.4727626502468327,-0.13533720305025893,2.649614041713946,0.4733759036180381,-0.048544344358977205,2.6544528119338757,0.24602277872086734,-0.4736434958148001,2.558224812210275,0.32166243871492867,-0.5309784767473601,2.5592767937193748,0.41103663002721724,-0.49921684551063006,2.5815456742657137,0.5249638803985491,-0.5063630056629028,2.591209993592232,0.6189824966144918,-0.549384869535526,2.599939135111347,0.7002194414732492,-0.4974046378959559,2.6282102183267537,0.19398717209974883,-0.3946559543142284,2.600142589280905,0.19285633589981485,-0.3100546651993671,2.6189700736373855,0.19913399392931544,-0.22862386513807667,2.633172899996595,0.21142430819413768,-0.1472245882294989,2.6478792352785905,0.23355632457561037,-0.06878807104442919,2.6641504771052484,0.2742188015508847,0.001387570437457879,2.671025532700149,0.32999040317069217,0.05524888764678254,2.6842122896063647,0.3968939984145845,0.0934939273727853,2.6898854839895496,0.4791554793961914,0.107885436313429,2.6879716301373278,0.5589416841659731,0.09153589584158096,2.6999982756976033,0.626606332416671,0.05213761347483815,2.7222615146473896,0.6822199304950282,-0.003000448706535649,2.730017982426144,0.7228078184799099,-0.07406722005220351,2.7329811915549316,0.7442548407729129,-0.15595895377754457,2.731583876539838,0.7567514081027817,-0.2417214134848417,2.726091854581575,0.7626455840289954,-0.32699826274070504,2.709483184820279,0.762655123465932,-0.4195010814560344,2.6987063838134944,0.4727626502468327,-0.22862386513807667,2.6478792352785905
283,2025-12-17 11:23:55.458266,25.48762772081757,-25.651334308890277,168.65396462692942,15.2992313250517,-20.555408345688022,134.3269291030864,55.73980701077551,-40.3490711607468,261.0742570446878,287.9908026329705,-180.4687456267119,1137.633417459774,24.547590178981565,-14.092629807779621,137.15918430114,26.166574219343623,-11.039584492052239,145.29012412224202,34.55020210165695,-19.46262969947626,230.1684197425771,61.567802138289956,-25.15997446401198,292.2388558266228,18.08377782404421,-4.400030490938782,126.91504173512931,41.04320095723745,-6.745541915982049,185.43196001244934,28.27443662333317,-7.957423819451828,156.57813664406166,27.20382950595927,-2.8316213673247765,151.36311996263177,14.644416019782168,-27.859612964156934,152.6054845384134,22.90213355647745,-37.515615370532515,183.5743689136361,33.25951357362351,-39.98188137066753,208.98854217441456,149.0617137528675,-142.72230812418277,733.1803744426944,-204.67956998605106,179.34462118603443,-848.7476602986671,-134.99697244765596,93.61053414979479,-493.66382662571846,28.74591194463148,-53.476859830476315,360.43197560396806,11.798112513457381,-17.34964914252736,148.5448959801606,11.814053815587702,-12.550691379291774,145.07538253260736,13.489806434528582,-8.891043581456788,157.58650700972566,9.842563526623678,-2.85412085539023,105.46891054284038,10.7790302833655,-0.10940220738775126,100.68244301855536,11.0044664007309,1.688527702118392,86.54232011200729,14.729231772575522,3.3994764393504244,97.44254060993835,19.465160336058194,4.460341518125285,107.3914661390139,40.35093274984005,7.087404839254429,190.0300222669373,47.0353534137326,4.70401743517287,195.89683541247305,-2751.2637730316865,-42.15323875621253,-10466.092324739835,5293.209812549187,-418.3029568911922,18913.06206058958,-126.61928315440046,23.00498260270868,-437.5030138886727,-156.80273790174806,45.3128638500591,-530.749122138241,-75.40852476263842,29.99387302964603,-252.56500067613123,-89.2688086768125,45.95525547263327,-297.80535173292566,19.465160336058194,-8.891043581456788,148.5448959801606
284,2025-12-17 11:23:55.588306,21.90486534242871,-21.14451510798229,140.76722164150942,17.820355322016027,-22.858037502176288,151.2288711499808,21.252165777611303,-14.904951828775175,97.4075110693241,25.257629836792873,-15.323907306761932,97.56725541280434,9.478841050455038,-5.254746270679363,51.85963981431837,10.027964192210892,-4.072561004913519,54.548312742066514,10.210821501981776,-5.528973897896556,66.35625084672215,13.373724423937718,-5.271717597074522,62.1994219177822,7.097055931548766,-1.6471999159185013,48.567068346444444,11.676155119339116,-1.820437084868193,51.87181088255642,9.147565892759134,-2.459118136073209,49.62275276339395,11.214768799418444,-1.099760222995262,61.2067388442039,26.57433548660849,-47.862624505110524,264.4352683032455,32.718769240968754,-51.24058596261442,252.71745013139153,24.125691958005504,-27.991419985210616,147.50195995813056,28.805686024862375,-26.673022243649857,138.04081616771765,31.31835648554011,-26.613445284653157,126.69919497820523,32.64761302202423,-22.017951590461806,116.67146808373403,13.989417124332041,-24.27645722080477,165.12799283013348,9.32389060103294,-12.917828794605356,111.54933166247699,6.8108291367854985,-6.826213388753043,79.74841252417745,6.254808680523248,-3.8721277096605617,69.61898614916026,5.821212047070504,-1.5849086365714702,59.86453025183947,5.8140126783375985,-0.05023718019657438,52.59963892729198,5.961901662129245,0.8925294239981776,45.79902155690808,6.17857595139873,1.3992014345437085,40.099070820364894,8.931222207233187,2.0207782150657216,48.43940996928809,12.351720364051944,2.177325295496432,57.16310398943469,11.700115376252949,1.1964877886630882,47.96145847738239,13.018563284820596,0.2700532556311477,48.54179765414449,17.7410638565335,-1.2887440861386303,62.227189385346406,20.57008495672228,-3.5334651146840437,69.61248067779798,20.290396733028228,-5.641596747032856,67.25912939536828,22.557791954132053,-8.662723593353688,73.81166729050159,28.98326542447692,-14.43796225635984,94.54060299299027,13.018563284820596,-5.271717597074522,67.25912939536828
285,2025-12-17 11:23:55.720972,9.950020043485098,-9.24060766224689,61.76832244754289,6.788130397089535,-8.28436084572448,55.039848877675105,30.741730199956873,-20.893756990758096,137.7187625533606,63.65302771539655,-37.60724526130758,241.26112883929548,5.893603558758354,-3.0845931370413098,31.441458102719434,474.31747968632453,-181.3760975450182,2510.830493916733,1.320683765245956,-0.6735569379333448,8.310848507562685,20.673966671874147,-7.793926354279767,94.1559035731864,-5.583940956038711,1.146397825159525,-36.88653158003701,129.04684007732249,-18.699273984604492,561.5454169340641,-8.63710650183014,2.135545313816791,-45.55737308297077,-8.158308255141282,0.7210963244083813,-43.18724194932122,5.85883073935478,-9.986636977351546,55.14202137570979,7.2464019295075826,-10.878890817358323,53.61847279052433,6.9421359800675715,-7.788745161536103,41.17859699718174,20.011944978751156,-18.02819388863971,93.58514016326968,19.101064484668278,-15.884259539084393,75.84490074158651,95.87235918876848,-63.293772478428274,336.815044588759,5.967164423162159,-9.64683219822818,65.93736817692101,9.86584350605218,-12.606620380640262,110.23190942158146,6.9881519042228195,-6.360569851271511,76.44757354031344,4.061462676921417,-2.2391236350715755,42.12244228219775,5.871361109141025,-1.366048942699738,56.35975084275345,18.044922835455438,0.20880795177977435,153.83565989535174,25.27732277771402,4.011363660857523,185.1290693318106,-12.91809254716256,-2.9974006139842886,-80.77085300102347,-24.4364523022197,-5.531504982994014,-128.45015393629257,-29.8042070111135,-5.245311058872133,-134.75263987276645,-24.19322804717167,-2.567490229513457,-97.39299698226154,-28.835377913998588,-0.759822023195985,-106.01332267583248,-27.41058129207507,1.856190169729504,-94.83345728148626,-21.151801827210704,3.518305001966843,-70.61475096250366,-25.816122908237894,6.943536633622729,-84.4790194566417,-32.44557691474816,12.142074848127574,-104.81357081755444,-42.317223010989835,20.699059983242964,-136.20604355024363,5.893603558758354,-5.245311058872133,53.61847279052433
286,2025-12-17 11:23:55.843629,27.208008740657387,-23.854382216884684,162.70327301846032,19.67169861781246,-22.614878513187865,152.47946497323977,39.21143189964313,-25.083784179753863,170.4267229315602,44.7548047760841,-24.909849833912084,165.33297079165055,24.823700470587145,-12.138805633834481,128.12488296564212,28.370111948663713,-9.939193066492827,146.10926385209117,27.19715506358711,-12.917138165196285,165.1769504968771,35.636331936882655,-12.303287873574343,157.85020978115918,22.19303798478242,-4.032575626064508,142.79881907344767,35.08805898604475,-4.280538675911803,149.49167310858027,27.534627268211654,-6.087526178344923,141.95423883353365,28.934738705746437,-2.0356804869699943,149.97483173606668,17.87931760631304,-28.68425014228733,159.65948112988,18.758731888931987,-26.81735174103785,132.82498477360346,22.82035401631743,-24.459889606820315,130.18301753752652,30.298895582561748,-25.899767812805155,136.96538998380794,35.24581385195135,-27.83400997367778,135.34060892776282,48.95236421002966,-30.551324423375508,167.6240287847366,22.77976098104804,-34.566723127202245,239.28215259033053,25.17546437466492,-29.757657278695135,266.66988980585967,21.099375902274407,-17.545366226919747,220.09709745641396,23.66207224061833,-11.642198501555537,236.95633686106618,27.897991564831262,-5.111075771747442,258.60830199850847,29.36098332105269,1.3906667425358792,241.5726112102308,20.50143520777212,3.826546009033947,146.07887410225487,23.216906460119937,5.69304995933868,141.86419395302485,26.935761335714695,6.507018798924062,138.992617636231,34.042097684473255,6.535849574328433,151.90683955100144,41.77917582944362,5.102234720823789,166.22136254254534,57.75485573617019,2.5428465842649626,210.0282319296573,71.10120207528729,-3.3850832314430237,243.3354094938452,88.61122075512995,-12.83032246027492,292.71662990100305,82.21084284142448,-20.16198826230517,265.8317123933336,103.52953946036003,-35.98647129674554,329.6005361733168,92.13303303426146,-42.27981931049767,291.42582211465583,28.370111948663713,-12.83032246027492,162.70327301846032
287,2025-12-17 11:23:56.347322,1.424233743480858,-1.1932484295362256,8.340906350723799,1.1132502440829473,-1.221965780970611,8.39653359757915,1.9017451908272036,-1.1657362901987842,8.142598590757494,2.200956346918901,-1.1759010672101262,8.023481340261228,1.6161366040734881,-0.7471238916755338,8.155838873425576,1.6348055388302796,-0.5314344951639923,8.265503484504052,1.401763356131631,-0.6215660192662782,8.362375096454194,1.8864690033912865,-0.6082888646947652,8.22975754430132,1.3419851205075854,-0.21388023322920283,8.46958050743455,1.992004523845945,-0.21082415822970177,8.37786204042048,1.642458717548528,-0.32443212364095486,8.311782936625981,1.6454547830492865,-0.09051153928691957,8.407306051006017,0.9752267465026903,-1.492345677364352,8.439546613892235,1.210203849676315,-1.6580874968934534,8.315919219129771,1.4700444088059401,-1.5056439715980445,8.160870618078253,1.8167273226519982,-1.4938468289997806,8.044020581886835,2.0869300190993845,-1.5852677503450328,7.857262727232061,2.3404357956793627,-1.406663460772064,7.911936274537774,0.8390649749141644,-1.2101027579193586,8.642931199505059,0.8315432960941102,-0.9287561284921699,8.668922452344239,0.8547361629285329,-0.6602904275542305,8.735672246706537,0.8910383049862399,-0.39198782315574804,8.791202431579093,0.9612696667507883,-0.1311099961226061,8.807751288650888,1.0823132584394302,0.09404420023573816,8.811642256188637,1.2434578052786185,0.2586053714623394,8.686333168760452,1.4334260293224146,0.37693407348036534,8.606752104489468,1.6636655613804134,0.4255519706478269,8.456211529920559,1.9207454157874346,0.3992332978807732,8.475360604447948,2.1374221576638623,0.2969255081733628,8.423125650296162,2.3395780448029853,0.1482678211459094,8.455413436820939,2.473205533239832,-0.06534563047650017,8.41835791429993,2.5509988434244257,-0.3118190144431541,8.38812599230194,2.597190499948462,-0.582030891037944,8.35494905790075,2.626374058610917,-0.8514859396834947,8.323860729330512,2.6244284199330488,-1.1435634742475373,8.25033351557278,1.642458717548528,-0.6082888646947652,8.38812599230194
288,2025-12-17 11:23:56.470817,-41.72394542867319,32.98574309463046,-235.37463449800663,-40.37793229233318,41.41097281249266,-289.06963554555534,-93.499578887906,54.68691025264344,-392.84473801537837,-384.50039378718276,195.73545458969983,-1381.5378935765823,-15.884335090526108,6.9158683113956165,-79.0404147433757,-19.768989808540763,5.9420555099674806,-97.95901400403531,-24.186193941139706,10.023403653698175,-140.00896968379067,-47.893818701285014,14.383969686543315,-205.4671088870565,-26.135060377345365,3.7962834211247825,-159.85915137773105,-75.69631381703982,6.836821854539971,-312.4025073588281,-22.008143947649106,3.895031007888683,-109.31352918550252,-24.58316199051866,1.133712148766691,-123.24737476959879,-34.86696918180106,48.98290238375268,-280.6031481039438,-19.653817261106695,25.07048947135019,-128.14654116428412,-25.084681721273476,24.297982313209737,-135.2413435927653,-37.057762480868,29.143130940308563,-161.10248987941014,-58.4404761985587,42.659418054472,-217.6428603891173,-505.2115460797508,290.83387086133985,-1686.5385896954338,-237.18289582684898,304.036904533385,-2198.1840783236903,-42.79144267123387,42.81283454222739,-402.4289133667152,-37.76982004149989,26.473858267625758,-350.61144315320036,-38.59537010795537,15.511212712063635,-346.60211632314605,-22.327603719854185,2.9222439770519384,-188.10156905038002,-50.929048190333965,-3.864620946150722,-387.438576589573,-32.74087292519237,-6.509824183034896,-218.51293652352743,-39.11747654298089,-10.136935799501092,-227.98422918817673,-35.053867374316376,-9.13203561583215,-175.40358935114355,-55.79942817938765,-12.116103605951084,-242.1454992696289,-81.17668587250083,-12.293533809966288,-315.18654846204674,-105.84365364494738,-8.209509716633718,-375.41461797095957,-272.5420185755152,2.481961563166783,-908.7440406671474,-8366.183843474942,860.0322634898206,-26886.870637819553,452.50894894456377,-91.44508253894607,1419.4002190624226,192.5178736755378,-57.866544307131534,594.3012263125801,106.93756350601306,-43.784899893924546,326.9984234319017,-38.59537010795537,6.9158683113956165,-227.98422918817673
289,2025-12-17 11:23:56.590827,7.561682039602539,-5.713801325188714,41.649636010265304,6.0000886619493174,-5.869748376045223,41.61664213733263,10.141220851403833,-5.6915381510937815,41.77154952583298,11.442739868585495,-5.603787923188923,40.355180288974374,8.253876512701211,-3.301178547258895,40.464015629417204,8.160017237375566,-2.2161791446724326,39.82827804512732,7.3352313204657715,-2.8272044162078367,41.611291216632324,9.162752023612635,-2.5694597707421853,38.71062068712909,6.6966946996285674,-0.836658630801291,40.22950719394436,9.550121225554186,-0.7345652888383247,38.88522707976635,7.995035019415829,-1.223166535630517,39.116550337619586,7.742344731530064,-0.2091286048558163,38.37806983104372,5.445653272109568,-7.266445360987772,42.159173229974684,6.986827378213281,-8.43262476685344,44.111208680910586,8.357355252871114,-7.697258535450368,43.942472859887964,9.98247587720805,-7.4938530111511525,42.48310834108639,11.716726272174004,-8.19849127172827,42.78825946358629,12.479023890134245,-6.935600281600257,40.90800321955782,4.854300268244198,-5.930517230645932,43.09715149811949,4.6991469121017335,-4.447821590474963,42.38113707224017,4.634464942502365,-3.071379671475681,41.46623051850921,4.681408452915468,-1.7596554388525902,40.612254266974375,5.0589207470468995,-0.5538690649614454,41.41091359379892,5.252619949917552,0.4464339241712246,39.03971045689236,6.102251361315325,1.2780626083230286,39.9909613010149,6.36277147268546,1.7119642518070841,36.637925693801556,7.634792101078467,2.0773150941889815,37.78229650710555,8.831565065053052,2.0116884295052295,37.965591507777,9.619294598041401,1.5547738027366742,36.988014113795764,10.690626288934451,0.9399094163278654,37.59684574184455,11.216865999156715,0.012000636484975472,37.00879582565111,11.922684862820967,-1.0986981194166008,37.850433895471255,12.501857108403737,-2.381516697551364,38.677450033404455,13.013617988072896,-3.760352145683101,39.55625189705472,13.344514055769457,-5.292533386440177,40.10624964648631,8.160017237375566,-2.5694597707421853,40.22950719394436
290,2025-12-17 11:23:56.714346,2.5032550239502798,-1.8031726732403623,13.503872852500827,2.000751793542741,-1.8525718568542744,13.47741595801099,3.2707025638586993,-1.7634181042745485,13.290418380828333,3.8002782518416156,-1.7852833389252891,13.274586139642143,2.691165904442455,-1.0076436076515967,12.951855082511894,2.7521131761609126,-0.6876233286629699,13.228819112551104,2.3993123662328784,-0.8679660252208351,13.336685100813916,3.199852929724677,-0.8276536271036115,13.353427489355456,2.33489442014956,-0.2444563460405395,13.715122917210696,3.3699482786568753,-0.206267595694297,13.567029086034854,2.743462646626703,-0.36575619843439605,13.20892264760344,2.768118732556589,-0.021019574693765204,13.490366426469313,1.8162120083528148,-2.2899428400563626,13.577659540538482,2.1386339562305126,-2.4641714237276933,13.105659695760883,2.497623586416156,-2.2084555540277164,12.831306017922618,3.04468460145542,-2.201038303833661,12.741513343012237,3.5348142423422724,-2.39810506107764,12.754618139203291,4.048549066029424,-2.1716257932648784,13.152586526258139,1.6447268458505147,-1.8885777546475517,14.024747912004424,1.6425172315289205,-1.453488015239023,14.238863428117746,1.6672466290356918,-1.0173022213283807,14.298867158463697,1.7359902212164793,-0.5852870112166271,14.471420092236162,1.8616776469148266,-0.16354203290354927,14.706937718993947,2.030858838619589,0.2098997096379204,14.642817007889679,2.254885553249288,0.4924155332163061,14.441357298102718,2.5164790905560674,0.7165162323297621,14.244944139665048,2.8726650876139224,0.8126593275170597,14.004441674756317,3.266353164624962,0.778973258644316,13.890778665684529,3.672094053847075,0.6401256101763139,14.011175759394131,3.9612798720202083,0.3967016927861511,13.860753637198632,4.19124980005351,0.06607028412165102,13.757903771152462,4.316442610633814,-0.3330123708245894,13.627225013304642,4.416942498829275,-0.7737269087224163,13.586959794055796,4.481104891544399,-1.2225972949656885,13.522062136099562,4.5338969297246,-1.7234782215584914,13.542790398391562,2.7521131761609126,-0.8276536271036115,13.567029086034854
291,2025-12-17 11:23:56.855639,10.53504673255414,-7.361438817853866,55.72335514770897,9.054981352551494,-8.12388255267469,59.76636879240263,13.688692854203357,-7.137363369396539,54.739360675128594,15.7206650166319,-7.139880674316907,54.00177806321455,11.301591093131087,-3.911777334456241,53.8495309042698,11.328495530762746,-2.595758171937279,53.85247827382261,10.177185359605929,-3.4736242741045276,55.88516117593298,12.639712520143194,-3.0781533636829947,52.10222663600349,9.401106631407778,-0.907310986275873,54.41322387233855,13.076439851666647,-0.6791245810059151,52.024185404580834,11.276075269458811,-1.2821085027572134,53.835674270197984,10.888610568158233,0.0566358761600528,52.430666001063294,8.234339953386863,-10.066163568568653,59.92953181966882,9.55969574315363,-10.61247678415683,57.3447983617912,11.294538823957868,-9.616572551870359,57.28487861296495,14.04274343917452,-9.755121357926287,58.0201727987305,15.596123086511705,-10.22540328371662,55.49713269724884,16.710935242533075,-8.68240564118716,53.30664536658838,7.318554960135441,-8.160516692876238,60.215052928849666,7.205436265818687,-6.237073570753585,60.19376028302933,7.26101290360261,-4.367299743956384,60.07039750595076,7.207536526933129,-2.4627561623899834,57.90012108622785,7.161653071513227,-0.7662580326320283,54.427271790575055,7.757693052032786,0.6233796177974347,54.18141624114152,8.170284090034858,1.63536845906783,51.079896473497044,9.148320835969066,2.4929902212740394,50.86617689010864,10.279015767634986,2.8621083447084015,49.45148005075741,11.720903433820846,2.791121972583337,49.27247975036994,12.684956942712315,2.1921856937799866,47.80033814131019,13.772214491130034,1.4082179606290945,47.623197333992266,14.636703613276092,0.3023329732777943,47.41897116471406,15.982247100817702,-1.1041753934498826,49.72063294523531,16.34789903990692,-2.7090117356900727,49.456614483115544,17.05844935305162,-4.47289459180888,50.55325216679028,18.151684190174663,-6.694723134935129,53.10615739440663,11.294538823957868,-3.0781533636829947,53.85247827382261
292,2025-12-17 11:23:56.989555,0.5519797104610344,-0.3696185966021306,2.860380201397523,0.45091176069700456,-0.38661665158748976,2.889276285180146,0.7143638620406173,-0.35856520417366233,2.812149738425697,0.8234448696081859,-0.3607821214863902,2.7885745939122373,0.6020129738436463,-0.1948019307916821,2.810662147973483,0.6012512296406721,-0.12556270949787138,2.803537308501338,0.528063751349595,-0.16813134382232964,2.8388121156322796,0.6873814299569585,-0.15494599065798742,2.78915733817552,0.49762477568740615,-0.03808626487949225,2.8283336389056632,0.704298790500469,-0.02583645409763872,2.7651258436665533,0.5959535228803599,-0.05671528229322865,2.794653449099214,0.5865848420751093,0.01339596672441279,2.781442918546658,0.41068122070807667,-0.48069000873064616,2.899895690443814,0.49244222669518556,-0.5253349237789925,2.8812214971483776,0.574115237856202,-0.47240245660531416,2.8520366224677813,0.6956704547457372,-0.4686278472628735,2.822533637391801,0.7965960560944455,-0.508737231284925,2.796591554022131,0.8813282152641668,-0.4442322134242326,2.7779574486979666,0.36720790221176586,-0.3894427202705482,2.922901441519591,0.3605221627439495,-0.29497476165534126,2.9113035485422345,0.3625846049899947,-0.2041092578633364,2.898848972065942,0.37051378488615194,-0.11428393504737396,2.887851371931816,0.38683658558912837,-0.029790759368533894,2.8682876606494747,0.41773169945272426,0.04328762518607197,2.851029482713962,0.4609643642548868,0.10295623562890492,2.8301709617050985,0.5111476955157641,0.14935649168220444,2.797359583047071,0.5818205667720983,0.1727763555970778,2.767204306249008,0.659046712482373,0.16757187343190316,2.7402605205835244,0.7303630797010221,0.13923733924428283,2.728721197262694,0.7923292751706381,0.09458257852918917,2.7190771126053184,0.8449152849003256,0.031563143895599825,2.71790192271337,0.8834545756409028,-0.048324696829833924,2.723776186810256,0.9127044273952775,-0.13774303054323705,2.736398554607651,0.9353324589400115,-0.23241383562038162,2.7473980361495607,0.9486051737550324,-0.33780053802215165,2.7526878136588335,0.5959535228803599,-0.15494599065798742,2.803537308501338
293,2025-12-17 11:23:57.121199,3.6377604289332948,-2.368465623979066,18.662789735621384,2.959441594137023,-2.476476956501614,18.73026213130753,4.598670521907646,-2.230009289400246,18.007386415140612,5.260609959556005,-2.233764376879321,17.791550027269583,4.121084386128394,-1.2431470515574192,19.053916064832897,4.10774733242157,-0.789428765503738,19.012759560396002,3.6137209379654216,-1.094385338125618,19.22008148139841,4.604969920633752,-0.9742318402084463,18.6346281082211,3.4644486306344104,-0.24890099265625837,19.435946924583625,4.820611693183897,-0.14979072411096495,18.994768896573838,4.117614970537802,-0.3462508754257567,19.19166977592909,4.116460806294406,0.11868785851065293,19.380304914354348,2.680961897156108,-3.07620616842096,18.739829125555783,3.1853260829477335,-3.328685633013265,18.41014736031415,3.705798374209193,-2.9547018102361,18.16608740823485,4.474888870137092,-2.9209708739261933,17.991697720494876,5.000317820172644,-3.088659516824474,17.41390327794986,5.541713831399315,-2.7068437036533166,17.429908498846192,2.4041586308066027,-2.531887472576621,18.97347700899423,2.4430691449069073,-1.9597130682558255,19.4559635965386,2.4880467593238254,-1.3626687457684845,19.514021572998924,2.6100987478194524,-0.7931891750713095,19.931720618200394,2.7696361481313496,-0.22379413636470957,20.06865002464881,3.0438210133511983,0.2627042933792825,20.33778179728462,3.3579788139581153,0.6657406480782055,20.26849851478566,3.6874407245042007,0.9913898424257995,19.938762416424755,4.13974095495194,1.1564125214518384,19.63298149208888,4.617078694395879,1.1222530103521098,19.276003720678865,5.004715894881653,0.9211301303227861,18.91400733110368,5.326123917348813,0.6302540929220832,18.568042883756746,5.529928334360434,0.2202209471076876,18.09639275967954,5.682992336354663,-0.27546121326149214,17.82085400454472,5.773925783598912,-0.8256577689299551,17.57396947062246,5.853613505416451,-1.403574090141077,17.39666666951289,5.886390855166185,-2.0278944427444396,17.230894425716194,4.117614970537802,-0.9742318402084463,18.91400733110368
294,2025-12-17 11:23:57.246580,-139.01986898219084,87.09809293070275,-702.2925321632963,-202.03636974325565,163.2698968473886,-1254.9602353063524,87.78920460935392,-41.156902768246326,341.0885624403597,-2423.349905851815,990.4342989219757,-8133.673634905541,37.972176119340844,-10.590842081168907,173.7309800713351,65.7633392757033,-11.261205337546205,301.97974634832383,128.3879110917262,-35.96341404195621,674.2514165443049,314.2868377263281,-60.58369754554239,1262.9809407821087,-205.85469744974353,10.412192214162106,-1145.7623951966032,-144.555345856474,1.4808878148158016,-566.1909168960306,323.6030351165554,-20.355691139735296,1498.4908697974008,659.9794977485689,33.50951477192919,3092.8621366728457,-252.2517298198915,278.6666717534307,-1718.9427289651012,76.46660925923041,-77.35785484029789,433.11536722600096,36.68121731827065,-28.42553445313808,177.19401319010922,55.13827400154558,-34.90536026762684,219.04843709776162,76.53874519275959,-46.12042373476932,264.4475894480737,224.25236467471626,-106.08845433059716,700.649366571875,-38.489069742055335,38.970534010831514,-295.4820903968001,-43.45500734558888,33.11853405397185,-336.26064662835336,-49.22828972610331,25.560691484083772,-378.28160915972416,-53.756446996455765,14.797596313497351,-402.15367320279086,-58.44106628821407,3.1495506689008854,-416.84148775364514,-34.5673533684733,-3.9382988711693017,-227.53156134294133,-38.51841640590788,-8.710959735206206,-230.09845479638605,-67.24876422401671,-19.89588690072179,-362.4336494799734,-78.61249538059282,-24.04194379996242,-372.07356060157514,-146.55872861749066,-39.306002063367664,-612.0925454690417,-132.13998380646416,-27.36500530532534,-499.60825368695373,-120.3897715295545,-16.79937442870233,-419.86125453746416,-1004.460139830158,-57.67436559768539,-3287.3772897849494,-135.32133277635583,4.377527263861147,-424.10447363048945,-118.87281665021816,15.20313915920144,-361.5069465093539,-234.4549868332815,52.96084687459303,-695.3515593930483,-169.18048252754105,56.08956447971771,-493.3452499037925,-53.756446996455765,-8.710959735206206,-362.4336494799734
295,2025-12-17 11:23:57.365339,1.944831462082837,-1.1845248334152882,9.724340321770944,1.6139541320862987,-1.2655580422514112,9.895110886320063,2.4872428601888545,-1.121015983121274,9.579708785737747,2.822949442993176,-1.1177752470013462,9.410111403511719,2.087431596678243,-0.5351216372865711,9.459034767768888,2.0838952340458907,-0.31898847827794263,9.486610957655419,1.8554900358313233,-0.4867283800279232,9.65241475773428,2.373109275578189,-0.4247342126052842,9.455897685296648,1.7545666352583342,-0.06824133059650499,9.712617142966518,2.437693106057091,-0.003213237263923865,9.49208176144216,2.072930902635288,-0.10122682374578504,9.526761549551273,2.0454235191907193,0.13075993426462795,9.535678250847806,1.4907447280030104,-1.6009058833270975,10.01102680792536,1.7554269972592749,-1.7200590878508186,9.797080746146499,2.0381703569119916,-1.5213769372922672,9.71217823257846,2.4251351297437305,-1.48216524149404,9.526297275481914,2.760238192586868,-1.6099763410486254,9.436950638035093,3.0275556252878886,-1.3857451863823194,9.382315140184778,1.3317766643578106,-1.3112674482844806,10.054446157898164,1.3148313600543229,-0.9728784789138217,10.022747216760285,1.3175318058310324,-0.6601287393273547,9.990081008749227,1.3415713994923835,-0.3502668950997119,9.916692542532124,1.4025908953014794,-0.06036280212912293,9.900671781015571,1.5046906283940225,0.17729916980746033,9.807079221994584,1.635642566088263,0.374314110658402,9.696132520888797,1.7940339793319435,0.5421562686317911,9.608570695415466,2.005221611112807,0.6241943678410977,9.433678939049615,2.255585288493868,0.6233590373144894,9.382592786799636,2.4854460723390903,0.5336052636811643,9.366497774526495,2.700701147330833,0.3965936349017569,9.384657085385273,2.8638824265801652,0.19184193629713125,9.328620042978432,2.981702064061462,-0.07425881094681809,9.304171223165195,3.0625320629518944,-0.368430737634294,9.273694478052636,3.1467792436787216,-0.6806758478440064,9.292395715460348,3.2115481200829454,-1.0320080457109864,9.318960272812872,2.072930902635288,-0.4247342126052842,9.526761549551273
296,2025-12-17 11:23:57.488522,2.397413856261579,-1.4133644031162589,11.894905033881138,2.014217731892983,-1.532318380234096,12.191640638207591,3.041554301480884,-1.3315719928179222,11.68128248013724,3.5337813009226906,-1.3523919518354075,11.766727284459762,2.407384022545164,-0.5663244258281814,10.87046834773993,2.5351089317403175,-0.3431567973833741,11.485939321830392,2.3050320060904186,-0.5641365752589542,11.893912112247229,2.9429229155648535,-0.4814525751803879,11.67894413144371,2.325282112661834,-0.06911541839772352,12.743377517634183,3.1943452982376317,0.023159667046517077,12.391448219312807,2.5488010657709186,-0.08966529755677898,11.64442678655907,2.641403947214635,0.19474736935076106,12.227363322413169,1.8159818378383512,-1.9007234245668247,11.997605742673748,2.036317845738206,-1.9393736725508093,11.232459857439636,2.3185270745726103,-1.6875544202841397,10.982107972118905,2.7710171996741817,-1.6481769165642357,10.858793429251174,3.1770305609261325,-1.8133549209534638,10.872603251992428,3.751086304661814,-1.6714852386698256,11.613392710945444,1.846002771057828,-1.7587929543676193,13.636861679301386,1.8531788182060804,-1.3210850324656147,13.82022960607793,1.8849616188037916,-0.902094572130686,13.948673972545203,1.9681130159414002,-0.4805613299081203,14.180132736058214,2.0671737491728885,-0.07622912222680392,14.209813221789515,2.2250817445984765,0.26616063787925587,14.168686780022783,2.4183324978284224,0.5543213748620204,14.084349069899625,2.5887006668762265,0.7816552341482084,13.687811267882317,2.865400968535825,0.90498113304225,13.376690656633777,3.2440233128196017,0.9135820467699791,13.45131761748484,3.5946959392483153,0.7918282240170343,13.541629608196267,3.9220836330718156,0.5966593212989172,13.647837441770685,4.16633455926917,0.3112519187627125,13.627579561372709,4.261921259242438,-0.06620100484158112,13.331698399763484,4.388687487710024,-0.4784608033731392,13.312648333563448,4.442502296874549,-0.9119872604370589,13.143498409501856,4.458700715223729,-1.3841844362977966,12.945810221862002,2.5887006668762265,-0.4814525751803879,12.743377517634183
297,2025-12-17 11:23:57.613637,-33.36562454241373,19.747516331866507,-166.1859496666169,-23.43337224497497,18.157209187628222,-143.7082944821705,-77.35083932105302,33.95320855114147,-296.23738660877063,-442.05356853089006,172.57514632372732,-1461.2449953101368,-106.9286666826995,20.66998007966837,-480.0418756398875,-56.87314332428039,6.496703740820713,-255.25841515765876,-22.520571510023643,5.226447866677436,-115.78444713747491,-64.15731214803819,10.027582030683256,-251.89166768382594,-18.64940153775123,0.7711538007552009,-101.31971994471658,-38.049682464869626,0.1632382368512319,-145.5936068143627,-61.2487798358043,1.1092301172433636,-276.8595998321417,-65.29746913392425,-4.752519269949246,-298.19648808241374,-8.681641448502816,9.276943768856322,-58.5799304707251,-21.852545524513562,20.645919182028965,-122.25597274625976,-32.05091010300315,22.688225448948607,-152.87233687635884,-262.31732732627285,151.37204642877649,-1028.149252354019,151.22946437630125,-85.19471149489695,517.4893350619013,-395.29029825084154,179.96983994135724,-1216.639143033371,-6.5667648867012565,6.796058682629753,-49.5515994355266,-8.025986746804557,6.301464845649245,-60.80505997859826,-11.196580939661125,6.077975653654298,-83.48159779597354,-11.76914057776732,3.6140919755495116,-84.85701950450455,-12.341354428812,1.1975673265294704,-83.93684561516496,-14.806744797657968,-0.9159599729441192,-92.8726891324101,-15.880745310872992,-2.777876294760719,-90.96237537073507,-23.594974116320632,-6.10941527199576,-122.71345248837609,-24.479743461058796,-6.863566152714536,-112.1894328808695,-32.126937264633796,-7.808446697731564,-130.76539299892542,-25.317884776223057,-4.569359577636747,-93.76109081278108,-31.869492559788608,-3.554086151545128,-109.33836336633377,-49.42609587339582,-1.7142504981037001,-159.70420458367855,-39.18027979643652,1.9654021832078197,-121.05490119843614,-60.843988770602294,8.766653761546902,-182.4156478059558,-71.57648337574904,17.06669034772449,-209.74951956860863,-116.34637539454299,39.949398112387094,-335.06154237421754,-32.05091010300315,6.077975653654298,-130.76539299892542
298,2025-12-17 11:23:57.738528,40.05673482594111,-22.969258918554512,199.62925172700986,25.44516992171576,-19.16631946299756,156.32631417021733,43.72938371963681,-18.445613782279505,167.27192271716453,44.762408435036974,-16.76262793549873,147.7191220261836,530.6637513046771,-92.30725021099556,2378.9409024740144,85.28727117592486,-8.328487919738452,382.7611029875039,46.973120711111505,-10.241397919120384,242.29027313995906,60.363553271900464,-8.543575925911131,237.08909360219306,29.59200085115274,-0.876496758568964,161.35375783661397,39.00028657549851,0.28085064251034614,149.7167431487945,58.18022150592948,-0.07720435660311196,263.14813560755596,43.45800959291144,3.9108388599910104,198.72607562876468,21.536138175269397,-22.701306507970248,146.1381655695273,52.54776457068232,-48.48189006091111,293.68726466030967,96.5403941329342,-66.61409589582246,460.8730426663488,87.67568027966465,-48.90699110997125,342.82573068264776,83.95709514255397,-45.73819838678309,286.1109860799907,46.56980429652665,-20.4905458590036,143.04910543235266,12.65410395160005,-12.951410560789244,96.0044811788585,12.254415392168728,-9.470141133884992,93.34334803106528,12.047691179162078,-6.347855014330071,90.06317234832485,12.453110243208139,-3.6475360813982167,89.93215766911594,12.565739003540266,-1.0883886630215962,85.52695865043903,12.858707712399687,0.927590323373079,80.83211623813817,16.118216794630573,2.973484294037751,92.7865781033066,18.69431369831352,5.074437890974912,97.61385574567353,22.685307715259277,6.600400500028582,104.4457052762664,21.62883173052434,5.470771550735413,88.27265335281152,20.868631925017002,3.908987491477286,77.73625630080512,20.32602040706093,2.4378886112832707,70.13386273672229,19.9432280190373,0.896281888505475,64.68590441197942,21.17135983294985,-0.8717117336194131,65.68285913504683,22.11909385362787,-2.9442220756548547,66.48014390207956,23.03903859081973,-5.210760345308912,67.63076166396637,25.679754407665005,-8.485404774290316,73.999576510328,25.44516992171576,-6.347855014330071,143.04910543235266
299,2025-12-17 11:23:57.868137,151.42633766225026,-85.52538280352768,758.3249590240841,-141.82813378813518,106.97090396658344,-877.527273375385,184.13925064775975,-76.19050343680404,705.8884378754617,-306.66778557656215,112.78497857590467,-1014.3508320431516,18.79809372529403,-2.780000228336149,84.64779537556693,41.72362204035086,-3.264782260451373,188.52480075712384,161.30491910046925,-32.975723422850045,839.3433987500648,109.60396107199884,-13.990468780393213,433.23368047286783,-45.25666905182308,0.9878188891645464,-249.76644735502254,-63.349428833506884,-0.9903419906276376,-244.97007599681916,68.77925193246739,1.0628763829130372,314.15305291141345,-228.58168676614372,-23.845222018801906,-1057.4182895082313,-60.369094926067504,63.93084243829276,-411.5518979945088,34.85718845963979,-31.57371613747356,194.9495465942753,28.682940235023487,-19.17374667743365,136.93206977622054,35.016254319282694,-18.90762821159151,136.8796751558441,48.84830076883415,-25.819163252225284,166.1597108163322,-152.52333986930273,66.05781058870741,-468.8475001496859,-9.251969216302221,9.773735102965928,-70.89371279006181,-9.588229258884873,7.735382540964771,-74.08125031785802,-9.336035751746628,5.221929810354754,-71.08100488014236,-9.312377632636595,2.9738414908582254,-68.53565796231673,-9.471322913822737,1.0279588911702169,-65.88914199735822,-9.826977797208027,-0.5403374243342771,-63.26620363971471,-11.691287336852854,-2.101659318729203,-68.78236445618492,-15.055091317214496,-4.096723398546521,-80.03567494845547,-18.867691230607036,-5.580703595807453,-88.25541411530119,-18.2921181860176,-4.644140859430768,-75.77383390349715,-17.11544781485192,-3.1442512918176226,-64.4849220389142,-17.051251267963323,-1.9267574913468954,-59.39810615500425,-17.645954801565917,-0.6184906204298335,-57.6774719290513,-18.325232078561015,0.9290392142812784,-57.1851777210454,-19.536782129621663,2.7893552960318964,-59.0208754967252,-22.07600371406507,5.2026519981059565,-64.99810866312612,-23.26118559147716,7.854766609219255,-67.18518660765504,-11.691287336852854,-0.9903419906276376,-64.99810866312612
300,2025-12-17 11:23:57.998897,0.9230188832537142,-0.4992372954189495,4.673070201021611,0.758126463574874,-0.5413940148387855,4.734954383847689,1.1853594567326922,-0.46706384759371244,4.583538103943292,1.3617093371806275,-0.469116742708315,4.530784461477995,1.0151744231589963,-0.158784302596503,4.632348508347301,1.0169710727046484,-0.06721512884845346,4.646621599783769,0.8892007638866836,-0.15589859395744696,4.6758533256932795,1.1555233888048246,-0.12607825445289336,4.613715184508744,0.8475536848137409,0.02666624518825566,4.715590135767741,1.185824778419334,0.06269759413056787,4.60841097050353,1.0070129897371094,0.035826870337632516,4.649064566960697,0.9932730004654459,0.13770394641581593,4.636626597729575,0.6883344076130604,-0.6968492252866922,4.740970313048935,0.8249539923660277,-0.7405396555102549,4.681387545136087,0.96275746242955,-0.6401674638445279,4.648580050100839,1.161920299478633,-0.6238322891960949,4.590632111302403,1.3192745998207127,-0.6872860972063395,4.520325041019898,1.4528847876302105,-0.59286248890006,4.486199817914737,0.61595227679665,-0.5843147903438433,4.772433305277283,0.6151174779427289,-0.42532099249037514,4.789179833162191,0.6245327427386949,-0.27459604740394666,4.793931130235232,0.6458460684686572,-0.1277597201713926,4.804864978291126,0.6834356054115995,0.00919429351148244,4.801190108150758,0.7376565741196537,0.12865205530876747,4.786520061748435,0.80518538159989,0.23047267607823071,4.763043214290001,0.8837739481742063,0.3183819560855741,4.7160984149560745,0.9928129838163441,0.36793087454502427,4.666050542223298,1.1151813782060396,0.3634462936438981,4.635578127418908,1.2274126082008143,0.3120219584588134,4.621195521030442,1.322403655865887,0.23905959749833575,4.594578618707209,1.4012865323351584,0.13785803063688606,4.565535172693566,1.459791402928746,0.014472059610420064,4.546266749499341,1.5001987965841053,-0.1287952015446355,4.523333084488279,1.5334389531458343,-0.2815170551929695,4.505719199950896,1.5503630839913987,-0.44698199838278,4.470351471816118,1.0070129897371094,-0.1287952015446355,4.646621599783769
301,2025-12-17 11:23:58.135153,2.6447218423393273,-1.3945855572021715,13.521159143193403,2.198882674788568,-1.5571656260798616,14.072909343358095,3.3310764609488306,-1.254744845659797,12.884370162603613,3.8455669973014426,-1.2541196703504192,12.748554843701141,2.6526343805608166,-0.3624671605643117,12.157726094157,2.66628431703855,-0.11226440645679041,12.261575333686721,2.4129572964945316,-0.3713288007991892,12.864806474207498,3.067143010729937,-0.2694636954932493,12.253654043718297,2.275212635783552,0.15638041211685053,12.910192849347405,3.095723786936615,0.24555108862304226,12.0184535412886,2.5897046760434197,0.16439366504083752,12.024998596351072,2.5871675882950296,0.43656166330685997,12.15377047018948,2.050336200835983,-2.087931720282782,14.497982851998637,2.3980819431450984,-2.1402347941425903,13.807564500441908,2.7229432942188927,-1.7744499535028848,13.254432542943963,3.2685701035081354,-1.6983538985164333,12.939058031921245,3.74979348688308,-1.883479662632446,12.839466107880643,4.199095756844034,-1.6320095676689614,12.917979492722118,1.9019263982697387,-1.8428570265527744,15.354111825099498,1.8593689941794653,-1.2937463498320012,15.208382911986881,1.8413050667177588,-0.7867231425028606,14.894761232990607,1.8753797725647128,-0.30557713672293213,14.722438957091073,1.9212725735119724,0.13197682137332747,14.223493745040573,2.047961669418631,0.4948110762861696,13.888148664734812,2.217773936326232,0.7910580457586378,13.545636114831424,2.3664323589921814,1.0010587144052208,12.881419046807977,2.605434270811225,1.0996410538204933,12.334525117696066,2.95122986325458,1.0895156048833232,12.26916621885389,3.2870050612619814,0.9623742045903129,12.34468143547678,3.602895472034736,0.767612093089398,12.445483596577187,3.8086514902612056,0.4759868517008048,12.333852848346071,4.0667746056631895,0.13620508048382385,12.5937579799582,4.246453956696083,-0.27507872647084713,12.74559264770045,4.392161067565243,-0.7168720511165315,12.854596519127032,4.525370216770978,-1.221924648888881,13.013663273339331,2.6526343805608166,-0.30557713672293213,12.881419046807977
302,2025-12-17 11:23:58.276632,491.53988988197534,-251.78310606502205,2518.0489829210665,-55.0359504298905,38.5551408249823,-351.90181351017657,17.171380956638092,-6.167869058249869,67.05440457534564,11.166777405296337,-3.483454355683937,37.47335548420238,27.17156389798665,-2.8363640274092234,124.4816237947657,4803.658888595607,-78.68956547784076,22084.91638274022,-4465.32060598054,592.7752263518478,-23774.682230515464,30.319154685098173,-1.9631273322680698,121.68245805453398,-14.930486736810522,-1.122264515718764,-84.15123755490325,52.70036578243885,5.128951303946046,205.85243570915446,452.2824174869043,39.66169016831516,2093.8301609166024,104.13267601594481,19.18271566341696,488.8629002795249,-48.39890748855102,49.01490226427693,-342.5493166289103,53.99528849305302,-47.204032696621034,311.7430475085914,22.668741259879535,-14.23771763441085,110.78427689358914,13.694294989072482,-6.819848735346044,54.67378673457254,10.163230523139834,-4.931108160834405,35.244647299748415,8.432437521822488,-3.1872419491331097,26.328650690337117,-6.598221106110575,6.562781171308478,-53.37386237168657,-6.898295301399514,5.0098988307108625,-56.588809490463085,-5.944844337623483,2.6914725186219526,-48.03105122215328,-5.874954835618488,1.1072565923497675,-45.923396111780065,-5.896794291012953,-0.26043818285535175,-43.41033224658287,-6.633535369427456,-1.475419979660464,-44.73315835748284,-9.011122609827254,-3.0642587430136183,-54.77171146674718,-15.416992397622112,-6.385907991987724,-83.57704086147348,-29.45807958082463,-12.427162754991327,-139.42203589977288,359.4152602155693,133.4995620597116,1502.8536283567562,51.399588013176135,15.180897894128275,195.23418312996137,58.53474263028581,12.605456809094779,205.1096107249853,52.1787044093927,6.8240239349990945,171.7173146659004,56.08005066609774,2.1409904327401947,176.77835480635403,43.32190251199242,-2.5831505068702993,132.5209994636375,24.65518425788277,-3.8666524742527524,73.55657907222461,16.522593412293062,-4.362117781988209,48.492372826186774,16.522593412293062,-1.475419979660464,54.67378673457254
303,2025-12-17 11:23:58.407290,-1144.1305849642563,570.8925374016268,-6022.95718008929,504.3408918488608,-348.7965206882815,3354.445675440216,138.261129654831,-47.92873061362476,546.3719782946863,-96.89307663437374,29.070408455948883,-328.06786471103527,103.43093580200363,-8.663615147612575,477.1002896794876,307.7466353135869,1.4923512218416701,1429.763848537159,-443.7375658691396,46.69803536324861,-2400.305850063498,-222.75586468996093,11.132474350754586,-899.4707850446093,-276.7223782684423,-30.354418981227127,-1598.9631283838798,-53.841242064238635,-5.927725186134172,-210.91490034542724,-240.9120688345296,-26.019202792596126,-1123.0982282137957,76834.92140044174,15720.529241569346,361776.6166447346,-65.16943043177541,66.398390376998,-486.3552641092004,79.62413044854047,-69.30202394795283,476.00055545104357,50.53461629106516,-30.978849834785887,252.50412444441636,44.63731258029587,-21.484323342766675,180.97602169020467,59.671296075904564,-28.086731971395047,209.53592651625294,139.13844049827125,-50.89330125106896,438.3068044133379,-15.686810807892542,16.413404241653165,-139.09497326543692,-13.138458373390252,9.704392688974895,-116.91666126613717,-13.829161959972648,6.020625320149169,-120.99246745828202,-11.665076948403586,1.6584250903076652,-97.82252569754398,-12.476937432737257,-1.2954641625861343,-97.5495196146387,-17.47729965251839,-5.028523440086018,-123.31460590910423,-27.688406865793926,-11.031240215259148,-172.9488347228233,-33.271974501773244,-15.202813423792392,-182.46108219918207,-171.42739605799304,-76.88706322756394,-813.813220077226,-80.77042966627545,-31.02756890713801,-336.7959850759687,-33.24378525448983,-10.008224703852422,-125.94003406161798,-27.294547682153645,-5.963841942230462,-95.65612228932565,-23.038969980311798,-3.0310054865746987,-76.00888935382076,-19.8651266819532,-0.758174081389259,-62.9274129762417,-23.63497073693468,1.377569127891947,-72.82598688656817,-17.913114772777732,2.755594738083462,-53.95552593127582,-24.48247771812498,6.36083191209253,-72.73001601258464,-19.8651266819532,-5.028523440086018,-97.82252569754398
304,2025-12-17 11:23:58.540376,0.8376082264632547,-0.404100693498663,4.4790975466685525,0.6597513855954912,-0.44369222737852376,4.486448655334368,1.1165895062585092,-0.37646782760001707,4.455049308531846,1.2986901177530767,-0.3814176647004242,4.449732405277513,0.956488449012187,-0.06379296263136165,4.4295184868617365,0.9540568586976418,0.02128117580429831,4.450022798701957,0.8174252494677012,-0.06773610514380701,4.464175278737751,1.09409530749208,-0.04111372648675254,4.445476656556526,0.7641941118758815,0.10518802670122464,4.4438356116872715,1.1323201214712122,0.14107177989274977,4.4615959365045095,0.9476649237385735,0.1197909474561746,4.431973724780795,0.9399317087753812,0.2110237095170149,4.424959408702154,0.5829436913802599,-0.592283045213999,4.510146072599428,0.7365094703563573,-0.6305953963433731,4.486200338059231,0.8836377390377042,-0.5273891227936987,4.468648137310084,1.0903701461567046,-0.510350219914115,4.461627648876299,1.2523700357701846,-0.5791346641693719,4.44361777728987,1.3898701293821787,-0.5040200385184964,4.425487530453549,0.48443332886405255,-0.5092621940865346,4.516686920142505,0.48056677438362094,-0.3499736436984542,4.5078167840766765,0.49001619629775534,-0.19817352561947343,4.491864761024737,0.5115026261719599,-0.05000884965654902,4.479057585761414,0.550800823686301,0.08697055576940765,4.455083623695173,0.6200634031702498,0.2085487352097982,4.454672135078112,0.7055331394959626,0.30899209021100427,4.441403859490872,0.806882258625712,0.39445028570184515,4.445660441112492,0.9378339174738521,0.43816967440881044,4.437472679597756,1.066298241174805,0.4244724370390026,4.441144453948632,1.1697492335421689,0.3669722335311015,4.452341927261745,1.2637083331392922,0.2883290499434621,4.4628602772525126,1.3381300754971321,0.18504983350386778,4.460079283638406,1.3854594200666341,0.058157194941442426,4.443910636727074,1.4243518707230909,-0.07984613760875248,4.447250798009083,1.4575422099266138,-0.22417167127439647,4.464559049571704,1.4719392946832663,-0.3851539813733569,4.444570753068826,0.9476649237385735,-0.06379296263136165,4.454672135078112
305,2025-12-17 11:23:58.678680,2.838410369043535,-1.2825981289369002,15.37750514323248,1.7724953029486825,-1.1206028676729114,12.279484655052402,4.8043213582666064,-1.532494898472899,19.350729048074168,6.263386383433672,-1.7542817649913909,21.547898496305823,3.1816116191022705,-0.12445269905855078,14.940740738577224,3.2806434465218195,0.14577955531062595,15.465064867080637,2.6877143073826923,-0.1416064873307993,14.85911299725635,4.274520307953241,-0.08663346223803718,17.524006832943932,2.4529490183909437,0.41209254211813195,14.439932608980532,4.324245752743357,0.5824158433472436,17.15152712924862,3.1496454216000056,0.47160600345812204,14.904041171915203,3.0038595912725974,0.7395950575101273,14.31682543592163,1.4615010993586461,-1.433455164213552,11.55580305842822,2.2813103178844045,-1.9001312724386201,14.181575443368045,3.0054859766358026,-1.729015285671385,15.436519376175042,4.662478705572394,-2.1147703728280325,19.26605056261124,6.380107599878748,-2.878643330567014,22.786045589914387,7.589170958276945,-2.6784351308738725,24.28200659575773,1.6631393755575923,-1.6343347350028858,15.687328054251092,2.097750663627614,-1.3806297355347943,19.83362758578849,2.0092971529540726,-0.6811592220575309,18.455435104707075,1.6627706153645028,-0.06896696975624873,14.520975311008288,1.8758909985730903,0.3805206891954584,15.1323526079074,1.9103297946435343,0.6955753275781946,13.670507136493919,2.1292020351835905,0.9678383722109916,13.399474158488278,2.3933252607019355,1.1846886710406654,13.23362733433211,2.850703620152776,1.3389259330165095,13.569857266307785,3.5172600548973496,1.4110066639373884,14.760374301562816,4.414727111529555,1.3901721832262057,16.902674730664316,5.217038241617137,1.197008572172524,18.52260228191533,6.246510211209092,0.8852878887124159,20.92327841812705,7.45429945227088,0.361445520035346,24.019795804793404,8.517919500157554,-0.41360467865989897,26.708557063208705,8.571927167980306,-1.255267933450943,26.268509015748926,9.04821529172537,-2.279954884233282,27.339737810424104,3.1496454216000056,-0.12445269905855078,15.465064867080637
306,2025-12-17 11:23:58.811182,8.465904550996315,-3.566023024455679,46.373098428211776,5.53637046635075,-3.29237027220682,38.57807990186679,15.684820142872784,-4.6012047842087815,64.16797543873089,19.601180619063285,-5.0094344558316495,68.50699427356179,15.588562163477105,-0.4637637444461389,75.09100822317428,11.266639246628632,0.5863199496555284,54.448262188748316,7.538878589649931,-0.32336074911561197,42.509161813217204,13.215021566468263,-0.10225174936732546,55.3630920336737,5.724919792557716,0.9485467461461179,34.375923284723974,9.772731683189154,1.404537902848403,39.82718136039015,9.417468292047575,1.4394611850022978,45.83272958617865,9.058826824732094,2.215946263123215,44.48951631236533,4.289683647368874,-3.9238682597856456,33.75739976376296,8.408279248643352,-6.586403389682904,52.432673448021944,13.495788292814755,-7.3246726243143,70.08970082522178,27.706747157868335,-11.784136267284966,116.1183436068287,33.07577391704005,-13.949751212836377,119.7142055821486,30.758215529889792,-10.044001396797807,99.69807953570397,2.579117057191249,-2.313555442202522,23.711144295913403,2.6388356513635913,-1.570529805381167,24.347519361623494,2.656359510726156,-0.8086843696671667,23.92680560517161,2.9062058611565673,-0.11584226663621576,25.143132342092514,3.0636563075106955,0.5864247218210057,24.58323263609834,3.424968423343486,1.1687069104859127,24.719940958912304,3.978853195919139,1.7142778890732713,25.519402392136318,5.099769006657187,2.426825729025593,29.04371354582416,6.476240425825553,2.960539952326288,31.914896956846096,7.438659361748868,2.9598713570717865,32.31524009297117,8.148025942224928,2.594496227401143,32.1415184153201,9.051263751533092,2.1576458369620872,33.0452522958192,10.273070592691242,1.5973000370487038,35.263008325579904,11.58189087491854,0.7545605695462464,38.02047056680398,12.69962435282607,-0.34853748703443976,40.467715353146446,15.381026593090079,-1.896113251528182,47.8395056349281,16.171955209735287,-3.650490804060318,49.45744428475835,9.051263751533092,-0.32336074911561197,39.82718136039015
307,2025-12-17 11:23:58.947282,7.3185939753569,-3.0371203946182668,40.655365209647975,5.851958275170715,-3.509120238862931,41.42942801424437,8.651962269704526,-2.4116735934821234,35.87110040716684,9.727487375801946,-2.3580439607804915,34.41690321135584,8.203635255752697,-0.04170859541554109,39.91207521537403,8.34389735458265,0.530081987277672,40.72413347369928,7.017137611352333,-0.30443437696936737,40.035311382371255,8.51335720841919,0.01575775827268163,36.02585171947076,6.62860215923746,0.9610307767600819,40.17386048724481,8.63203083110942,1.178583084493654,35.5908558355239,8.056291844150998,1.2437895252673519,39.610108002246406,7.78442694783293,1.8911175606749966,38.54966509164608,5.792303052513589,-5.387039940119617,46.35227440289158,6.760600252622963,-5.180336256582298,42.80247130381754,7.770005582785358,-4.0286206182665385,40.89707533514583,8.306625022353522,-3.2824851249879465,35.24025983362276,9.054000413815617,-3.593920163952433,33.21168287248754,9.55776401675816,-2.9395618517207143,31.337194841906374,5.234760874021634,-5.037091077776502,48.701805819079766,4.82241084686207,-3.208037105227701,45.03577601677978,5.057412257638744,-1.919923279948213,45.97240319510848,5.119273851858686,-0.5588151288555134,44.51554149800425,5.330358159409947,0.6198430864077946,42.845734923905155,5.865139309789964,1.5718656288128314,42.495874230372145,6.2407860853872705,2.2919306832372768,40.29317235387012,6.650270667242948,2.881713213089434,38.19007590317969,7.354619333699303,3.150380195938521,36.64878124297439,8.05357654046169,3.001978044317596,35.352773247190655,8.685790177834898,2.566336637755934,34.71653070294931,8.945251194926803,1.9631364383137464,33.1302214094032,9.031851880179843,1.2822584894916087,31.482509166641442,9.604862105909032,0.5360358217978797,32.03692370205445,9.566034276101313,-0.31290247282350775,30.974039729374738,9.409404223754112,-1.157958670640336,29.730927500939398,9.646955047691847,-2.1577455897415683,29.94503543749996,8.05357654046169,-0.30443437696936737,38.54966509164608
308,2025-12-17 11:23:59.091033,1.1471000371839213,-0.4588621628918219,6.476661890021226,0.9088927683306484,-0.5271483585837611,6.531213609319897,1.5197973837434413,-0.4104483393361522,6.4004658028587285,1.758323803945732,-0.413441160672615,6.325197514535107,1.296257756513152,0.0077858565751774056,6.4222702935591665,1.2928639604398233,0.0971705655136878,6.4291396429884555,1.116633214783999,-0.03551714780383488,6.480043380966125,1.4903018357038098,0.013198522096192164,6.409908363916078,1.0539413506707314,0.16481632982625707,6.502593830285539,1.5304532415380645,0.21700918155501325,6.414551033185887,1.2854473373460997,0.21031727033639983,6.438484967064781,1.2723337459775659,0.3177520656715162,6.417829625767345,0.8045898440664164,-0.7266347233742312,6.554852316074971,1.012257070945241,-0.7530985292069262,6.504810359274,1.2067488580962364,-0.6076416724082198,6.454271549503875,1.4936581516832175,-0.5764466526168042,6.42439804649847,1.7076048137464215,-0.6629838823300263,6.355885295319506,1.8890781560429228,-0.5726939003804759,6.292381387799457,0.6998883602641681,-0.6561709176261813,6.65190573622726,0.7003869938666705,-0.44970735790312294,6.668341204239896,0.7167247056705868,-0.25387737617925116,6.6500525225091325,0.7476877733636147,-0.06430256571107561,6.631376565669845,0.8110961454985343,0.11049137132547622,6.64167420248345,0.8904637012121229,0.2555892294344976,6.586415564994971,0.9918091893786266,0.37780265477377706,6.525088781001331,1.1103079351216245,0.48891339411323603,6.487618549290088,1.2683556234374354,0.5475328504525332,6.435640631322558,1.4399651384459844,0.5389913472420451,6.429703122558107,1.5701568566309505,0.4654406833505891,6.389982593421342,1.6931206276100292,0.37459955118152166,6.37912550106837,1.7966067834434014,0.25445904294048544,6.366388193199484,1.8730439732954025,0.10754328390171937,6.359454436831234,1.9226452976111845,-0.05872167182212507,6.325876620157952,1.9591587717625962,-0.23854687790648785,6.295320454291612,1.9969480264410333,-0.43908255162664095,6.295887954293841,1.2854473373460997,-0.03551714780383488,6.429703122558107
309,2025-12-17 11:23:59.222461,0.9581787476104914,-0.37182133603118106,5.530131057786595,0.7501774925424541,-0.4302188179929923,5.57199362714187,1.2688516634420113,-0.32749793025112867,5.428223859925672,1.4758977183840694,-0.333218369492365,5.392592070417327,1.084937364175813,0.030254812769043824,5.437309302411646,1.0907152455424383,0.10709368643256302,5.488976819799951,0.9425947394743068,-0.004932606793979973,5.556318399662899,1.2563878724632322,0.03377963697689274,5.484082643578979,0.8954643988728451,0.17236721913450445,5.60713189449899,1.3047266462196552,0.21164124780648855,5.535113373863816,1.0920453297993573,0.20653080422398962,5.521414060898254,1.083090108945512,0.2981606883725554,5.508637605570233,0.6571720249930995,-0.6023782157752819,5.580889295401516,0.8324873083429213,-0.6215392195377841,5.508309938496269,1.0060004141361767,-0.4988318500780886,5.486615784996836,1.238977841423599,-0.46846273077851175,5.429769269969841,1.4121999390610525,-0.5378304111046217,5.350814954017424,1.5811345784221014,-0.4686410008088588,5.352035328833294,0.5582170799232222,-0.548905952969212,5.710624454394505,0.5612883048716556,-0.36374779000741675,5.720794029629704,0.5789374730808609,-0.19281836912196348,5.714067176041815,0.6107631269695465,-0.026765485197237968,5.719215711241197,0.6626351779777785,0.12717819233837938,5.705574968039287,0.7459534240550604,0.2569017883500886,5.696805465553929,0.8451916321369715,0.3639006194361444,5.673023868146909,0.9484341626030536,0.4561384676952709,5.6093195650861745,1.091583735367162,0.5044797773923321,5.575843833537883,1.2321565680119737,0.4918077482180594,5.557762773459543,1.349679271402021,0.4260626251074381,5.544654088340702,1.4449805271891816,0.34632604473809353,5.5101744143323765,1.5292518348426265,0.23979976582035414,5.4937000009740355,1.5880625587063653,0.11296172318873911,5.474642724660491,1.6274441974015088,-0.030828615859959024,5.43922206386377,1.6663329548606638,-0.18599566067917808,5.437299486730177,1.6757061647972635,-0.3541514173892103,5.376402659380386,1.0907152455424383,-0.004932606793979973,5.521414060898254
310,2025-12-17 11:23:59.358280,-0.08436958926085383,0.0324924446546604,-0.4943205991453564,-0.06554087665028971,0.037618513381246096,-0.49715853527157633,-0.11370556153534003,0.02928795784326779,-0.4915697716423058,-0.1326340912452619,0.029912666323105568,-0.4906694694596326,-0.09864989213262819,-0.0020954422520958645,-0.49857826159393753,-0.09817166865581288,-0.009755008091183804,-0.4989325426120153,-0.08339232629176813,-0.00023853461689920082,-0.49910044124583575,-0.11243870485975827,-0.0034945770436207763,-0.4963414416841656,-0.07870801215760123,-0.016796255605519523,-0.5022374698730968,-0.1160638719435924,-0.020446651070732555,-0.4973159038005855,-0.097702035024885,-0.019360253116705008,-0.4991838604670388,-0.09756589188231662,-0.02755880698883252,-0.5015602482059959,-0.057292758449674464,0.052582499758427256,-0.49682494330117233,-0.07368765820244425,0.05514891008937208,-0.49540233817206214,-0.08903346948904473,0.04400113154373804,-0.4919323971627852,-0.1105802531010424,0.04164969106490571,-0.48960665955703203,-0.127470447296943,0.04868135485303373,-0.4886936036327964,-0.14219713069233028,0.04188986827214096,-0.48780920824317425,-0.04682886522527133,0.04559689573612555,-0.49894658841012185,-0.04707246973955513,0.029694771410095328,-0.5002370231338771,-0.04888319696431637,0.015099362750769932,-0.5031304357835155,-0.051477337080766065,0.00043597724985092385,-0.5036556893357285,-0.05632447134565969,-0.013166296522754792,-0.5053604365230028,-0.06379988491963175,-0.024932632268267675,-0.504459172669744,-0.07321647017240487,-0.03462756965561393,-0.5048630606107115,-0.08376438966994967,-0.04288735552991135,-0.5048485217194301,-0.09725031041191025,-0.047350961688348805,-0.5030157134212511,-0.11020208158319651,-0.046198430674744564,-0.5013764611753554,-0.12035191022244658,-0.040210355380427276,-0.49891768395040004,-0.1293088916609762,-0.03280088213827518,-0.4973561677398743,-0.136607034529478,-0.023105918715630492,-0.49499544901664183,-0.1416552829906458,-0.011607273921305521,-0.4927261027117703,-0.14549702548109159,0.0017646992952525897,-0.4910937059491152,-0.1480366615718396,0.015348338409710439,-0.48914115053600704,-0.1499574354849479,0.03095171233567553,-0.48761768864928035,-0.097702035024885,-0.00023853461689920082,-0.4973561677398743
311,2025-12-17 11:23:59.490264,27.52777823855231,-10.669543692236147,164.35353360280976,14.722496518665313,-8.526389114705964,114.89397978472145,473.0572793444041,-122.00161503671757,2072.3925751319834,-58.31729006158253,13.02444139514805,-216.98126776910584,143.37671728309292,4.1501752925905695,734.1436213388947,-82.379399833823,-8.604056219094847,-423.7282087611179,-168.3863794445737,-1.192990227895999,-1025.639012739544,-54.04665829711159,-1.895869341965213,-240.83912899869247,-35.98928912248746,-7.970960133822872,-233.78340967240138,-24.83561581600536,-4.416417588052274,-107.57381787014364,-78.29305369435151,-15.711216409766568,-405.39449330223016,-32.80776923153436,-9.49162848475415,-170.55348505855196,10.54390074945044,-9.898321993118818,94.94513917094687,16.47007547698869,-12.513232940449067,113.96714210792494,26.031785508401,-13.044560168448546,146.95328285485786,59.9476600123478,-22.854220126642602,269.34803571886346,-209.31622763728816,80.1023740525754,-809.8172261494016,-33.77393034717356,9.92905336027861,-116.53534643554487,16.012528306160707,-15.892993505514086,177.85824694330617,28.445574916676527,-18.020074371668827,312.9477565476906,-148.91037452406277,44.044276564460525,-1581.4346190959188,-35.5466021205631,-0.1896596352307926,-356.0586734377913,-18.77811911374807,-4.744089177862826,-171.57618153173092,-15.753734141353366,-6.26569582269981,-126.38824564815262,-13.204284167182653,-6.31768092109908,-92.2334735261214,-14.922118791173773,-7.734859425666371,-91.2246819262869,-15.818283198930219,-7.722680556116979,-82.79927269302402,-16.429003408080725,-6.89145860155807,-75.3955302188902,-18.839505334808106,-6.291420081063251,-78.85498883805519,-18.697153728849052,-4.7761984798287385,-72.55140652201916,-20.347805149412526,-3.4641057382348603,-74.26398203701368,-22.72180320514188,-1.874109568927689,-79.61988990475416,-25.531962517037588,0.2946220641404596,-86.67658067783717,-28.303451489803994,2.92504336043478,-93.96939970115085,-26.054957885265743,5.347416046251563,-85.13511380897869,-18.839505334808106,-6.291420081063251,-86.67658067783717
312,2025-12-17 11:23:59.637147,40.50868387903374,-15.62598421498099,246.1473772873245,6.601634735215392,-3.856070212851369,52.976379977774336,-111.21399873130487,28.54624751717597,-491.97546987781567,-148.0367804824201,33.31217800035233,-554.1688928332292,-57.699584771274736,-1.8964885476564268,-300.1862700580512,-164.50429986484673,-17.042756485960815,-860.1163612284851,88.72217731298153,0.4063825649409194,550.8200125021765,-30.120969377216763,-0.9599940810756865,-135.6986907069692,-223.84117195155693,-47.27316691398609,-1480.5668972488145,-40.250272499044215,-6.812775575306146,-176.7438828258428,-41.286422255585144,-8.275242968224983,-217.3653828557655,-38.22864529127051,-10.827450900061429,-202.04654259026216,3.046038389770409,-2.9093369821139587,28.346421485292282,11.005672852281036,-8.41905854327232,77.7187967014487,25.924877897913817,-12.956183929194271,148.7043598037287,49.5090729353905,-18.72480578341711,224.65082418254562,330.43272266098484,-126.36467810511199,1285.6809822853015,-3169.8536996451244,943.894645834055,-10990.397132087934,1.5581228872127728,-1.5964592141771743,17.87092108414252,6.536545462065111,-4.272062956908451,73.89107704202102,8.223780491012525,-2.6279415021808195,89.24433401486948,13.147972216273725,-0.22948327653103706,134.5536779559584,151.4522090416411,34.50086125825249,1405.6475588640774,-37.699190613997665,-14.03248078212585,-306.6868142432435,-61.95786687211264,-27.890187569819325,-439.4109378573338,-20.389136210156288,-10.090347617835912,-126.63536847627415,-21.310799606549935,-9.950507234124997,-113.09963452393524,-18.69640630105761,-7.4805275928301,-86.90472211771605,-19.342555404333098,-6.1728702962811,-81.98786388277182,-23.673021946783777,-5.6918122595922105,-92.90721415358124,-22.77317489750273,-3.594576984452187,-83.90207968460074,-26.66820281990989,-1.9198393923295407,-94.24846934517724,-36.72658401650652,0.7056153715795833,-125.6979109510144,-45.975122834465346,5.026685432972163,-153.56209856695804,-69.85694932797405,14.710902110610558,-229.46323920303257,-22.77317489750273,-4.272062956908451,-94.24846934517724
313,2025-12-17 11:23:59.763572,1.7152766926953629,-0.6572047326515875,10.615335285772801,1.2945754932122935,-0.745162541607669,10.573934987479566,2.3418247099071814,-0.603823104158913,10.527930270392064,2.755384866557367,-0.6269593419242062,10.4808493386822,2.066223326325388,0.0778298621690081,10.925908117000537,2.025318318636232,0.2271864684574574,10.75504184758963,1.6986845491736118,0.028451160920819025,10.720578475025501,2.346270801898671,0.07682913973614006,10.759633284538118,1.608654016649934,0.36074020079145086,10.797851403108755,2.40256979274542,0.416489136491248,10.713006617929318,2.0252019787650566,0.41799700269420204,10.817775431063122,2.0360497415543195,0.5912881301089187,10.92053513750951,1.1001151029616036,-1.050877857160569,10.462694644011082,1.4569606016866186,-1.1207331355305505,10.494351806661104,1.804469723523675,-0.901571274021986,10.521956430835584,2.2907598446088797,-0.8695081627821628,10.536402907458143,2.63810968594564,-1.0215164068044198,10.417063589024307,2.9336078194722344,-0.884907310506163,10.309775974167328,0.8756443325625058,-0.8895751499702087,10.300080186879175,0.8871077099420575,-0.5685111754032169,10.348915417726742,0.9399125434848712,-0.2764814589745028,10.493132304963762,1.0080565231884187,0.013510168865093196,10.568479818009717,1.1210630128788346,0.2836981143160773,10.616001430693519,1.2941371472420224,0.5053029544962694,10.709970432486536,1.4819158501717111,0.6925839402535932,10.671394873974076,1.7220225372671374,0.8633422871965962,10.838941081916683,1.9995996969162877,0.9394707682774895,10.75265776108415,2.267346313313847,0.9053662168625576,10.693650204706007,2.4551546871938608,0.7785098537491517,10.566827655506382,2.6309361840969827,0.6275834248548954,10.487187502737413,2.7864275673368404,0.43143776502736686,10.442482117980237,2.895067528322066,0.19713993303379745,10.400206123261706,2.9864459993326777,-0.06533499301234558,10.394383197610457,3.046143775337694,-0.3446701005586709,10.33935586481922,3.0794917818223073,-0.6601400163629896,10.26940062516912,2.025318318636232,0.028451160920819025,10.566827655506382
314,2025-12-17 11:23:59.893636,-16.531514853690346,6.350746242040921,-103.78175065968429,-15.16903240130678,8.832762965001516,-125.40207584239238,-19.49646185809746,5.032179682435081,-88.95661360126185,-27.954678754104922,6.3002327862888015,-107.97848435385548,-14.878027226381784,-0.734570637195218,-79.60960423364646,-15.032618859087927,-1.7668422452587051,-80.91477662583404,-12.858465108654224,-0.22075268293014222,-82.28896649394352,-18.19555331413617,-0.7314286478025378,-84.41197409574409,-11.383675279923743,-2.5907197428229645,-77.52929835158781,-17.052351324549353,-3.051524490601979,-77.02278556471255,-13.936554969356358,-2.9699090086785933,-75.41522264171644,-11.647426751369332,-3.514309510041807,-63.31581391268493,-13.527325590540544,13.097565172839685,-130.3458969821041,-15.523379970438288,11.976628373455407,-113.03636026663386,-18.866063434155883,9.445139586207878,-111.36593272625908,-23.253904584327024,8.780897035161708,-108.46245822794981,-23.510947990122826,9.10228982663695,-94.32844934063331,-26.36806231676513,8.005168785741924,-94.20819507543759,-10.686129843197117,11.336682902599183,-127.9988065800406,-8.787499042397092,6.038970919639139,-104.4859179125709,-8.738044655001612,2.853753670282129,-99.72055208500058,-7.755383401331178,0.0778065442774541,-83.02424261279013,-8.034721427182502,-1.9089995762800136,-77.85972996874195,-7.8965518898996265,-3.0469539186856878,-66.60991283735403,-8.811348742667812,-4.104770396996401,-64.72373752893483,-9.61597605643987,-4.8968705747203325,-61.458097294732184,-10.218232671580434,-4.873377372779752,-55.74935077693434,-12.669393749847858,-5.13155668740382,-60.637471615650924,-14.40968363286838,-4.5914749839925735,-62.891585148996434,-17.839833570642742,-4.261917481529491,-72.21782539331603,-19.774910834397396,-3.0489759491946202,-75.21575727609847,-21.488684509740928,-1.4275311876069898,-78.33594923061888,-27.375320466455065,0.6126508819143623,-96.7484739556945,-27.389425458342455,3.1635748044746603,-94.53290114668384,-30.799093505882706,6.698113124931077,-104.38602619729403,-15.032618859087927,-0.22075268293014222,-83.02424261279013
315,2025-12-17 11:24:00.029300,8.19489649448922,-3.1895110363189696,52.1344833285224,15.575291864663507,-9.257962761158689,130.2009435856266,45.2680230208935,-11.694169546613145,209.3312897896545,-136.23951343241285,30.994894508019723,-531.3536204107232,35.1576324099076,1.8630929929129805,190.9532170575965,27.893375837555933,3.4328212181603703,152.13900210643595,16.677235989632763,0.38229156237009815,108.28264636071091,44.313865888179194,1.9547433745892178,208.0585770288019,14.395021145993846,3.3945528534676512,99.53226837220794,45.275348473390345,8.368161794413494,207.39430452814946,18.794298751401943,4.180798129479271,103.37983150203705,15.254897363943027,4.7994323871859725,84.42260491490278,8.603344109732012,-8.488866867287072,83.89589755670521,12.191901233168721,-9.517359969134198,89.81518997257047,28.78621681462102,-14.561668279416406,171.64175654900032,45.87538639602686,-17.522785033621755,216.32580389772042,66.71089889489981,-25.938293509035244,270.92861456055346,85.34181414171206,-26.004088015278725,308.4344575106201,3.8658118577860567,-4.202450726537915,47.069080395042725,2.5171584341248727,-1.7579368148203014,30.41827382690303,2.0117343474539418,-0.6676544060405911,23.331815710972,-0.25627393985480773,0.0006118908601644643,-2.7883550445455945,10.870777887377757,2.7217724399597225,107.50172002634943,-16.534051745606376,-6.701732059266121,-142.00736678757977,8.8944587359751,4.310657861888689,66.46106754193444,13.290141312751102,7.0264154237165375,86.54649199004221,19.453760663162388,9.684117166315234,108.0678820002756,17.31798627245698,7.262210439156233,84.36137626830799,26.249828045176887,8.646082210421854,116.4323923125034,29.371193466185435,7.198170048636591,120.69101622061626,70.34349213849457,11.221652890808285,271.4621916580495,35.96428581947038,2.5308573618618637,132.94019870626002,95.66816667899,-2.131100423063591,341.932034371741,93.48290884706303,-10.948790818964051,326.7489991008372,145.4817277186131,-31.85955274741637,498.24687325954767,18.794298751401943,0.38229156237009815,108.28264636071091
316,2025-12-17 11:24:00.159864,-11.634023121710399,4.587695384797924,-75.05832812814106,-8.591458932536803,5.188458149215039,-73.63725122182348,-17.828889629591455,4.598260600982496,-83.5436868349747,-24.53833621415747,5.52841568018774,-97.12277641778763,-13.821612972176057,-0.8225254097922964,-76.33144772947618,-13.483332346011693,-1.7947336342212836,-74.76494718875429,-11.217544225070213,-0.35790642861342603,-74.1956563424303,-18.419788056484318,-0.9466837331623484,-87.73218313707572,-8.901732847261261,-2.230717137522641,-62.78226637436119,-15.356523679232739,-2.974128221691588,-71.28518680688235,-12.345469872246298,-2.9088660527584063,-68.89889777471969,-11.965991762189063,-3.915596899208694,-67.03117724468324,-7.338977454591756,7.454435070743128,-73.54633408031465,-11.533994260841075,9.195456766743307,-86.78768001219801,-15.96996952955143,8.150679844823566,-96.90775064429188,-21.100390904369878,8.088319762477639,-100.94828597174275,-26.23148630101365,10.229059523582443,-107.97762600813518,-28.987787383604438,8.830669185328691,-105.99723993374027,-4.861745099370031,5.565811760171177,-61.79538519672541,-4.723596918228967,3.4917784336893867,-59.63957670708296,-4.927367820864095,1.7012229719410947,-59.786147346245976,-5.069471166180331,0.002828693953467624,-57.54877613498639,-5.175839423235147,-1.416368983734141,-52.99845405424134,-5.97102618372174,-2.5485128422366636,-53.021323144102084,-7.374570118854594,-3.788806915079569,-56.397828801158276,-8.710485564111028,-4.813181281241982,-57.77999279578978,-9.901225390010524,-5.112260187665733,-55.82341693469021,-12.327149509716584,-5.371915214421085,-60.760880144973676,-13.660850843800834,-4.650611251840807,-61.24454809421957,-15.01026030851724,-3.8091127448754962,-62.25219890484142,-16.392380887794438,-2.7290866036865324,-63.964136956663445,-20.45386181113906,-1.5585525659677115,-76.23301306746573,-23.036395923441752,0.397278979380362,-83.32191025151344,-23.602171132183834,2.71560795680594,-83.35369489880063,-29.646525068627597,6.421665006854484,-102.68478433542758,-12.345469872246298,-0.35790642861342603,-73.54633408031465
317,2025-12-17 11:24:00.293354,2.490280457193311,-0.9571087142473023,16.239735319901346,1.8907933164422865,-1.1118398739631872,16.304477324529785,3.357728623500473,-0.8523849564773363,15.930601583071509,3.9781733758007665,-0.8950410612053271,15.95313296487572,3.0546804170266415,0.20843694213724007,17.063894271775506,3.057370639790598,0.436171783125208,17.156504514899293,2.578515379430317,0.10933428073679892,17.20634077571088,3.4933104050497534,0.19389682303079994,16.872559833683034,2.4894273113918253,0.6671688254811857,17.661368782352962,3.6906154500528117,0.7491124171028252,17.330933781093034,3.0647661087793048,0.7562787154641931,17.27535505149579,3.1118945646164913,1.0559249880285548,17.613072568048434,1.59036660401136,-1.5822945741305015,15.987680991584854,2.0704169621572683,-1.6445918059129567,15.74963193452329,2.6026664275945532,-1.333583952546752,16.00673819609508,3.274444376665107,-1.262100462196222,15.897168557966436,3.6815480402285052,-1.4430105260290402,15.35001421482959,4.186571469376981,-1.2812552785302094,15.519606758820336,1.3124132759319904,-1.427064619655253,16.533075010146266,1.3612901512272038,-0.9392720409967725,17.111521786206183,1.4339590670962634,-0.4331349358913656,17.352844629968892,1.5757928420103522,0.061097852920375006,17.837927291591143,1.7754740839905363,0.5480966352772481,18.043902799063982,2.054272306601456,0.9386406270058181,18.197674654687464,2.355138055626156,1.2641527020233936,18.06784798624679,2.7296784021344327,1.5549943053442123,18.176171819243137,3.1338396528558787,1.6683565289039688,17.766571369790704,3.5253125432506938,1.5873715552714245,17.540209945308472,3.8172286966124034,1.349787362486255,17.281903041161286,4.003881705789999,1.0639950110434393,16.77606957189248,4.126500297884912,0.7308039503688853,16.247888752579634,4.277888951905036,0.3542110860693423,16.126443786831572,4.299643637476593,-0.05293855878317966,15.757042078922753,4.355710710921031,-0.48249244886377185,15.560645447920798,4.3050799832224795,-0.9334167174611726,15.112050058273114,3.0647661087793048,0.10933428073679892,16.872559833683034
318,2025-12-17 11:24:00.422762,3.672566114512377,-1.3944617259499754,24.2506541827289,2.7244291140195203,-1.5620511107357449,23.65862437411444,4.996052965900786,-1.2858403707548567,24.12192859134304,5.818300452517497,-1.3318016616304063,23.75165911660317,4.378638124194686,0.3577732843090117,24.689874317889487,4.285455100849667,0.6706196632256598,24.25156829621032,3.55679472494971,0.22189878737908028,23.88839586138222,4.959149138341845,0.3111521448716716,24.19665236314329,3.2306854284378095,0.9523557010402938,23.01737461047733,4.811320239235841,1.0337244490593693,22.800508190488948,4.189166579130456,1.0942253405399502,23.791214310153077,4.1507765030392765,1.4914792936830041,23.67460351380147,2.29996546142681,-2.2529032397957067,23.266257727306034,3.1888849830227364,-2.526149895409654,24.471955398341585,3.973407226083917,-2.028390413285268,24.765702815351663,5.023577954374835,-1.9519826491291172,24.809059941293782,5.7908588796445954,-2.3248358664665014,24.612030649621673,6.206467280043627,-1.9504676056551922,23.498791963954638,1.7401302549217428,-1.8159266458990246,21.989568615867874,1.7554106081196257,-1.1203510240757333,22.118644020810745,1.8271271396484057,-0.45541723902935705,22.11806336775047,1.9468431858645325,0.19216705592270905,22.105956720876726,2.13931459034823,0.7784705750423121,21.81141601500986,2.4802060560655375,1.2528122649157483,22.029262211639203,2.861551859691415,1.6337735155968722,21.96718776622938,3.331126481844852,1.995715361834714,22.194157548242117,3.957016870477521,2.1764286449871455,22.49313984121692,4.373917139594423,2.0213459284000677,21.833917304281144,4.723616300759774,1.710351572013563,21.517653698573522,5.0212832173671655,1.344062534715969,21.219630323032238,5.331960052433024,0.9224761220775914,21.202575771098463,5.548378021215189,0.4358446820732189,21.18107978992675,5.881426904813909,-0.12398796440765443,21.854941660002815,6.008637410516342,-0.7262734333645299,21.81806451169537,6.162720048473668,-1.4258235285945127,22.050888898521585,4.189166579130456,0.22189878737908028,22.800508190488948
319,2025-12-17 11:24:00.554589,0.9916232136062131,-0.370343331177945,6.5979034532111,0.7623307233164089,-0.43335819001968867,6.711346842220682,1.325351330037691,-0.33945619227369456,6.4401802904512,1.5513320779451596,-0.3620362159402455,6.3741099021902725,1.168410955997459,0.10551361809512355,6.54075824679155,1.1652926730236886,0.1871712918212235,6.552472438692513,0.9843561485102772,0.06664411636948385,6.601415348922265,1.3314738635579046,0.08418627917471926,6.475581885130581,0.9295762848790544,0.26970871876450503,6.627962727060491,1.368562338726786,0.2808953751969353,6.485714310554997,1.1615628231285393,0.3031935750356089,6.55044922076911,1.1475457239117137,0.40943416477752664,6.521265126788586,0.6556362883533472,-0.6443582233540391,6.773044936065828,0.8618447005209843,-0.67344897391929,6.6810007584056565,1.0490613324740063,-0.523817560400847,6.577382621253238,1.3115512347950242,-0.5005491993692636,6.500238244171988,1.4892594375923687,-0.5949937929744721,6.3833789230589,1.648722287264716,-0.529398542534447,6.3086361786712555,0.5194912238587323,-0.5669737587140232,6.8623438279655415,0.5283793437229509,-0.35182050748058113,6.869247852060648,0.5545817342978708,-0.14707248020467123,6.894344175501511,0.5882427565159725,0.052905402901846366,6.833163637435098,0.6535265356527823,0.23094601583729502,6.793326226966295,0.7516644828643056,0.37261741326743175,6.7473467232612485,0.868125991093346,0.4835208157230089,6.699049210310051,0.9934750692866475,0.5810671801927889,6.637673842883119,1.1609425978167653,0.622567656091656,6.586298780546084,1.3075247760857214,0.5815900336152281,6.532034455131007,1.4125735187390491,0.48538129583821216,6.461278992680574,1.5093162696986042,0.37354834973966095,6.426699815702801,1.5972148660677419,0.2448799980868486,6.4113157076389795,1.6445684977400494,0.09705318674065326,6.347084784170917,1.677198324033805,-0.0635001768588957,6.290234119553147,1.7011594248145125,-0.23583580193842038,6.25069021625478,1.7164204709909774,-0.4258724247362057,6.225975091966258,1.1615628231285393,0.06664411636948385,6.55044922076911
320,2025-12-17 11:24:00.683572,2.380186570503218,-0.8924401081521548,16.180257452224836,1.7170318938061377,-0.9581685709759918,15.580147152312621,3.6988222680186618,-0.9863738601381673,18.21391001938143,4.588663028127475,-1.1290088366936257,19.146630220842397,2.7746608763781113,0.23674174886853755,15.612973614980454,3.3797371631348034,0.5279563579052281,19.102980056290193,2.6618018092255324,0.1811089402389085,18.007759948314405,4.309903469320054,0.22730012295608187,21.134359556219586,2.9469341831726767,0.8640424822357745,21.2333786767242,5.00378342658545,0.9765913411077444,23.81635730995242,3.806332219604288,0.9742024382410867,21.525165969445364,3.3682159322001177,1.166586715572814,19.225548783761813,1.3311080802641178,-1.2976295527571966,14.37153076589312,1.6474576439660118,-1.282327717036322,13.216186494556847,2.2579598483256373,-1.1292090549774743,14.468662223064108,2.741864553780346,-1.057467193396201,13.85713005533837,3.482458642137931,-1.428718747311322,15.223065613315608,4.29258128618893,-1.4391483564301013,16.733536766646306,1.4242576237775328,-1.5362405488656785,19.994499676300542,1.5300937336322045,-0.967269879839593,21.02652267520972,1.5841984577965116,-0.3339448892018543,20.73894988343482,1.85681039123338,0.2561964145202329,22.509803103175162,2.2241745232301455,0.8797890608996655,23.922753752419283,2.8249435017322075,1.485504076861253,25.900793281474325,3.6036297408340996,2.073505360303244,28.192723816710643,4.173185921465205,2.4610372544787995,28.039171538641888,5.292439922930311,2.8290079357823426,30.12826834420718,6.682057725172793,2.922788816158948,33.39814013502468,8.67597461390843,2.8637974656442204,39.69573665201432,11.682718248886966,2.7128893542315344,49.824445653389915,10.798221798222043,1.5009116612337101,43.539067765064615,10.410953060121594,0.43629298923279813,40.43203997219279,9.923261263303328,-0.572826986330629,37.520855491487445,9.890269459550874,-1.5727404390884434,36.78362413360141,7.802985058546825,-2.0896979917758234,28.705383435657982,3.482458642137931,0.22730012295608187,21.134359556219586
321,2025-12-17 11:24:00.816190,-9.988674114933305,3.7327265969536185,-68.2516735393695,-5.377227280316106,2.904446516332979,-48.213524072066264,-8.394459327595769,2.25270452378018,-42.21124351670172,-5.36221113124629,1.3312472625755032,-22.9422369870111,13.269021706692081,0.7929577743652998,75.19814572834824,-733.5687781441015,-106.08379017611252,-4165.516684636964,-64.37774839086458,-3.8827637930113927,-433.60521100419743,8.908291797593632,0.44386649653795507,44.31316645192235,-24.655572907634003,-7.072357311968295,-176.58411091758077,40.67942422311691,7.8621921400655985,195.47021114716412,-24.197176247909287,-6.012805995278923,-137.6148481027465,-31.87581771348714,-10.403122670137462,-182.91817770485312,-5.610852313890299,5.230567496503033,-59.40025684302299,-7.829517658202981,5.9958825898928545,-62.69365246513477,-8.046764076630286,4.0303038550265855,-52.094995206009806,-8.468763362005589,3.3753230148165363,-43.86409650746889,-10.124304926965099,4.248092104586786,-45.641661610486,-7.974015346891539,2.729619210312186,-32.08466103309551,-4.131760525000963,4.068246586976451,-56.80319629519937,-6.8770121401420425,3.8356594057472138,-91.95175447733133,43.86289222832654,-7.320952767965523,554.9852314572803,28.423623254695453,4.614907995025319,335.2319568432121,9.874308517641545,4.001732907660568,104.12215521826272,7.086571907438552,3.7664881860749553,64.06160381430273,9.32898257143224,5.438987528554222,72.28814667233095,7.522569156887006,4.436279699653657,50.130073156583585,7.033139104272178,3.7859709331335187,39.991893235587895,6.145786348364331,2.7445039170303165,30.841512039160424,6.3881817792104405,2.212452256628605,29.44932511903465,7.368545727971105,1.8613206058912373,31.635029284450134,7.775917313581499,1.2128986197889429,31.690914421685505,10.92082531049031,0.6221647361960742,43.041570468474454,25.733941614526625,-1.1370248631083064,99.04619713963989,23.157229672254644,-3.3890577255568504,88.04552190945387,-118.12610176553116,30.705194360192188,-445.74871636546754,-4.131760525000963,2.7445039170303165,-22.9422369870111
322,2025-12-17 11:24:00.946476,0.4618712263934441,-0.1669937385583346,3.160028149923343,0.355854257773588,-0.18194569258778875,3.169901714227949,0.6202564627904011,-0.163443030827122,3.1418225259042667,0.7193992870008057,-0.1742235512722661,3.1170238142952695,0.5559449217694382,0.03559610138440113,3.144901854192604,0.5603944835804461,0.08266019094264493,3.157643735561584,0.47551587959978936,0.03456009966439435,3.178438591909712,0.6361141849400295,0.03583418819165598,3.155059323781741,0.45370614226953354,0.13266091089092952,3.201278341669757,0.6661134089952643,0.12825516369288426,3.1713628079109024,0.5641766524450016,0.1392757126643207,3.1778819707057644,0.5616906592222499,0.18133308265480436,3.1878064772206436,0.2984470477531307,-0.2671970980285975,3.159258038036422,0.39049966887106735,-0.29171715146299365,3.1478935441688263,0.48230188734351986,-0.2343998038844496,3.142217297789394,0.5948394951183551,-0.23176541633264977,3.117978450333337,0.6786139871419483,-0.2810914616769289,3.107437890585878,0.7611430790935351,-0.2556505666993057,3.1129505274689557,0.23474743230984346,-0.2147968061243653,3.1975295168235323,0.24163123166661013,-0.1218511025564826,3.2004966289394194,0.25463867742968416,-0.031590288058672034,3.2204069690651402,0.2757851224298891,0.055107333137095274,3.224981730136115,0.30870379009825377,0.13571053779462247,3.2310653617908565,0.36046249706825484,0.20316005537841375,3.2372778397660076,0.424046008961608,0.2549720763815732,3.2361760638679966,0.4922115915636679,0.2983272189079745,3.2334311537691494,0.5747637855533977,0.3172232813908738,3.217107183927248,0.6491502291410203,0.2974630795062067,3.2075818753972567,0.7073045195346006,0.2500702164080622,3.2117954406756084,0.7556334978296977,0.193132374282639,3.194996856572658,0.7928710206117161,0.1226200494270934,3.1886200703479948,0.8131303040132075,0.043234103322101265,3.175862162212938,0.8241031180026658,-0.04145489484847874,3.1619442561209334,0.8285034271741856,-0.12815495575052208,3.14886476789784,0.8266317112477911,-0.22081822134835705,3.138428300893729,0.5616906592222499,0.03559610138440113,3.175862162212938
323,2025-12-17 11:24:01.110808,3.5721796092237494,-1.3148114751798776,24.5490606925319,1.8268171123562746,-0.9308773620544354,16.076269592100978,9.868578775137715,-2.697330977241575,50.68306925959359,-3.6524418802969274,0.9308394263128309,-16.165287712173928,7.709441292417241,0.36709872303480573,44.6274758462551,8.596603375172524,1.1873914071202167,49.188791883501,4.435318483729549,0.2892796119324532,29.708001665530617,28.439052877618487,1.426256508288749,143.05234622974947,4.8464594606575675,1.3667591571172466,33.96002420277708,14.749223936922057,2.7891631682969846,70.81852464157487,12.318536978481033,2.963724994044754,69.9231500244603,7.4942252414284445,2.372244924692992,42.74393088969696,1.4475255790533739,-1.2682296145881808,14.995629717891923,2.1063520541446556,-1.5724877907871018,16.98520339078773,2.8622578502721105,-1.4151549138011887,18.895906284724944,9.385863846334168,-3.7823046255808537,50.46822362855332,-16.405530892948114,6.992765841426101,-77.16310263555908,-1.9281923906732703,0.6613574106016219,-8.060309704213928,1.9325595314996882,-1.6105510822065259,24.412335434224513,2.044987359071453,-0.9664741786831582,25.40140027451641,2.7435904433791602,-0.3494106332342988,32.422719849742116,3.6786440852831706,0.6374555995828062,40.69160711546512,5.620381732692956,2.2678502446435056,56.459033792368096,7.312106615473864,3.9273701410327457,63.60286963184475,12.512814031494898,7.293145299264914,93.3882122345682,20.81995611284602,12.430579725149943,134.4485419004315,33.37907211492334,18.424552632110217,185.50186932385975,29.12096925702782,13.404998967461552,143.45431117833817,16.73638688756111,5.937731397208957,75.33367228407346,8.062854465280976,2.072048832757803,33.85099201601749,7.963085871706687,1.2149305194162443,31.755525766052866,4.3530797564278325,0.22011971862555418,16.906192186130376,3.5513859528212346,-0.1968073811354113,13.592398486201402,2.1444995914490046,-0.3490420340785606,8.150681141553441,11.327890047314323,-3.210012032105409,43.24705974491222,5.620381732692956,0.6613574106016219,33.96002420277708
324,2025-12-17 11:24:01.263514,2.629859197119794,-0.9545209745607768,17.990120680326264,2.1494976242634456,-1.027815368383135,18.218431349500925,3.4558535520735747,-0.975570482630269,17.96503210029529,3.96431334156533,-1.0572674438623744,17.9563158481009,3.0067638581224374,0.11112616905089495,17.373012372910758,3.1563980142345094,0.403299963091077,17.93368822178949,2.756156154000983,0.15855050358088799,18.14187165004776,3.5341681194247583,0.15063210403169255,17.841309570914646,2.6416849905112065,0.70275024330475,18.067920941853277,3.7804163758840894,0.6691765568641009,18.111774765574076,3.1553575072742683,0.7257891124251307,17.774075720228502,3.200682886324606,0.9443491326420419,18.031163388465625,1.8829718791277021,-1.5090615078545024,18.55004992240203,2.2775873860349627,-1.617197193649788,18.05264849701557,2.7309263491067566,-1.3190785748309406,17.938356531545807,3.272421140171571,-1.3376178491081367,17.88268464599555,3.6913015951777783,-1.6270906951803434,17.829714038728117,4.174998823815713,-1.5334979275180467,17.972218980953933,1.5765338021681183,-1.205152905180008,19.20640616723542,1.6207833787478785,-0.6934283620183483,19.283324658327157,1.7062221950312089,-0.18798654744631588,19.473077272080186,1.790596656310743,0.3102905349554877,19.213157565944243,1.9539476169072103,0.7753375665866903,19.167119450856394,2.258668935267781,1.1869647587140377,19.145134630294518,2.6047075148561487,1.4895888765501473,19.023708935220363,2.9218000800835777,1.7018245362947553,18.48789550309966,3.360763435114683,1.806393885418968,18.346950354063882,3.7560298547844146,1.6682712664777453,18.294279852639075,4.141468496658287,1.391273997806495,18.499627907846914,4.451679907503671,1.0245911335502893,18.592681396786354,4.674689218647234,0.5958149279869163,18.655636200840608,4.707651739050556,0.10792934416578531,18.38361677364898,4.698003400803,-0.3825499894436974,18.18173420005293,4.730393576503868,-0.8883472076695733,18.290804437398517,4.7214002348306785,-1.4420023535723239,18.39029222351208,3.1563980142345094,0.11112616905089495,18.218431349500925
325,2025-12-17 11:24:01.394019,4.1423730603365625,-1.4880507267970242,28.058008260605146,3.202966342517135,-1.5125032858183347,27.025541806404597,6.235910703209119,-1.7626939101687353,32.153768481677645,6.814998636929986,-1.8253784880830888,30.655928118047342,6.622058798384242,0.237381515725994,37.30993597098838,6.473592683550256,0.8409573143087338,36.17001060618867,4.88377325535831,0.319798178356144,31.68499187474836,6.50698933913597,0.2770597170250794,32.354033955248596,4.24257101350338,1.154257407577297,28.53538655931965,6.754230375060588,1.213808066272293,31.931842982949476,5.939288790943604,1.3636710370020944,32.77314307725324,6.041617743263311,1.7859072379370373,33.46431370679827,2.699092703231565,-2.1560996164563573,26.770387006860943,3.630341314966181,-2.5686131884301364,28.62924377578617,4.916566937936416,-2.3631213725925027,32.0219322797383,6.101704870489251,-2.495147710613055,33.0701834567356,6.991805493683838,-3.0815129141062156,33.51426110033724,7.147852245216676,-2.6365233593322133,30.6054443738757,1.8819447435466143,-1.4575629289065546,23.71699755426778,1.9288697808521653,-0.8028083112556168,23.60953047484813,2.145445658132117,-0.1750470093742958,25.152031258159937,2.2728208149958475,0.46471205543970556,24.705694589725653,2.5846457887521557,1.1139825563677328,25.45534233719178,3.084583700127452,1.7151601883100867,26.102381653752968,3.8339039338085446,2.281154865298518,27.766329038783855,4.728900577841551,2.788055274470985,29.449421844543103,5.922488852402406,3.203926489586884,31.799818922461483,6.467378342159212,2.8806268641932347,31.048605747561393,6.525745512129801,2.210848477431622,28.889119991312704,6.462647405396841,1.5002766141109802,26.836519724272545,6.101862023660588,0.7833410208843506,24.271843152949746,5.760010136141555,0.13521558126879257,22.407525274575836,5.563501244218496,-0.4571913618789722,21.426351064845147,5.28360505376272,-0.990633302620903,20.364530738213844,4.914286204188429,-1.4932337585255908,19.108143306188012,5.563501244218496,0.237381515725994,28.62924377578617
326,2025-12-17 11:24:01.527206,10.400555977767393,-3.9013313096901228,70.17946651877196,10.330632738552902,-5.244433627464049,87.4782209031786,9.943505158335816,-2.755220468721083,50.29849785479242,10.034682036235134,-2.546607167940026,44.26050955716679,8.197367060358511,0.25660170822592304,46.19899966026183,8.167216701023193,1.0732572016272408,46.00829956755398,8.880125681000836,0.546693069896389,58.4665327486804,8.832885728337398,0.47062809440388453,44.093979940599716,9.109571295942516,2.6214982549081816,63.89350132316327,8.656877259778117,1.7546059937110061,41.45485741779731,8.765280708206342,2.1294923039894798,49.36160310881891,7.882504777587024,2.450448507757707,44.75846933210491,10.823327248117144,-9.199234150383935,106.50983550291535,10.233992882745268,-7.468516147934771,78.8107962046775,9.593704593019927,-4.712372595492908,60.95723153904847,9.474945647477675,-3.837745167539152,49.92643033117053,9.87719322434601,-4.226318468073272,45.750180577079114,10.407114153164006,-3.6258223545872514,43.250095469319604,13.797234203586045,-12.319994266325896,182.0300020273194,13.99774549124496,-7.1169409986852825,183.62440205191072,9.775903981616255,-1.3540895998564006,123.57032751395741,8.864455831305321,1.7258737957059929,105.60685408050735,8.435907686049402,3.859607542446447,91.22501766322723,8.366229022970042,5.085892384763671,77.12595222255742,7.773283195384741,5.03660775540227,60.37768050338493,7.350248704020402,4.722617587652659,48.488111273012535,7.714307517940719,4.518401716795946,43.32037032180268,8.078613644388781,3.942791128117829,40.18982106461679,8.961699313935354,3.402297498266519,40.83609561205808,9.280514204959623,2.5260276427256714,39.35776891288646,9.917220560320072,1.6823396535509487,40.029819900213624,10.445989778666963,0.6566607513912679,41.05078661039067,10.737101382532726,-0.46703274502793474,41.4307530831819,11.347719274709682,-1.7094038414821617,43.53281100525811,12.333677753720735,-3.2747259274255813,47.39096985800583,9.474945647477675,0.47062809440388453,48.488111273012535
327,2025-12-17 11:24:01.655723,0.9934265797457352,-0.37142596263055994,6.831630171712716,0.8085062999922991,-0.40025542927427793,6.8867293258396005,1.3056605440125737,-0.362657162888477,6.813461110465638,1.4791906928805776,-0.3822660797352748,6.769700269396878,1.1694694948062765,0.047788577073889955,6.758235176784595,1.1810043970945299,0.16816263376987559,6.797302808605005,1.0295806872630668,0.07337997147343407,6.845901265582003,1.3195499863982127,0.07765487506749738,6.761342579521301,0.9799551505609418,0.2896473918750214,6.8491621227237065,1.3854342416819612,0.2955718314591982,6.795535327696804,1.188547645430506,0.29798798644553304,6.783871921538171,1.1731381561921492,0.37797252323594216,6.781004108163505,0.692058067478323,-0.5784013014163655,6.8643230620382285,0.8670863462808688,-0.6322476289087575,6.83732469468021,1.0441019284343738,-0.5137480504716782,6.815336917108993,1.2454916744482807,-0.5083751268621048,6.801468544728084,1.4012914158580194,-0.6132636137331885,6.766874099923188,1.5594435759342724,-0.5582885791954947,6.75477721673228,0.5452925618904065,-0.46158890742582465,7.017715810645878,0.5560642488346064,-0.26246086872542207,7.035741897692579,0.5754348540959935,-0.06343376785684558,7.020322664463306,0.6099778257107371,0.12628740574909356,7.020856959043729,0.6672935819592349,0.30348582754025893,6.98283802798661,0.7774713758781358,0.46652200164718655,6.974168542390515,0.9001148292305693,0.5788275145936439,6.902694167745491,1.0420396250331527,0.6731411211407151,6.870035507404178,1.201878837901423,0.7092822350907664,6.804170984312447,1.3481959350350257,0.6653897893906967,6.806011201531849,1.467629017487638,0.5607885034187912,6.802459633167152,1.570051290619184,0.431294118910529,6.810650800896601,1.6507170561899696,0.2813650974421888,6.831222678809246,1.6821958569492421,0.10263939549375317,6.7905664457707635,1.7118339796703845,-0.07959605210685115,6.802915548953335,1.7154685968412322,-0.2704613787812711,6.79609708021234,1.7093540341972042,-0.47113132173669664,6.788321285836723,1.1810043970945299,0.07337997147343407,6.810650800896601
328,2025-12-17 11:24:01.787249,0.10435848370177299,-0.03950520777615638,0.7237896600677227,0.08627397153175614,-0.04375662731355584,0.7442277877794391,0.13195738568911522,-0.03758332470251395,0.6967400103439872,0.14789897388666748,-0.039195649523078795,0.683269514681837,0.11663622941476862,0.004770136484163085,0.676807839270432,0.11532184603711258,0.01604084762082049,0.6692772084021616,0.10245454352730392,0.007041328755221379,0.6889577046715181,0.12864566356603935,0.007215664872454097,0.6646044007578304,0.09605362694725081,0.0281539833062946,0.6780892275023418,0.13021721266953357,0.02702304612440092,0.6474007594333699,0.1146785965911706,0.028603092416917997,0.6605452104487324,0.11269222477179246,0.035880833769335894,0.6559202816126177,0.07660379906271725,-0.0649524003040306,0.7701083382479211,0.09505573528108074,-0.07015037274863296,0.7566911156299283,0.11113777821782064,-0.05535960284533412,0.7302571383678885,0.12924857788913746,-0.05366438881555899,0.711777885525407,0.14495775170796968,-0.0643527081879438,0.7055490184987314,0.15770431659321826,-0.05756994794266505,0.6892957441392085,0.057718120390222144,-0.052346857925484803,0.7781520357380334,0.057385826106825924,-0.02946432718165885,0.7606167002069089,0.058587566616799654,-0.007627321291212897,0.7425036998717565,0.06087854066189014,0.011990315938745813,0.7247185570562712,0.06595293046485322,0.02962713822277058,0.7059231403317775,0.0749337227455386,0.044459429054915026,0.6861486164325656,0.08602548477867568,0.05457643101998663,0.6676771544608456,0.09767166785382167,0.06192394361930681,0.6508485157116453,0.11150067377745518,0.06432860177357078,0.6362114100016844,0.12321468047886404,0.05920422506845498,0.6293808974959182,0.13361715230793852,0.049331579609738954,0.6278094232860761,0.14261877970951548,0.03739838379934576,0.6287260717769901,0.15004977060210703,0.023609651236869332,0.6325292241509719,0.15593415928948584,0.007871593352086618,0.6396712571181034,0.16059509606907096,-0.00925871094441879,0.6490232643188093,0.1640099640380964,-0.02761532025446021,0.6601174058910219,0.16700239174732276,-0.04777045586692182,0.6730308121293722,0.1146785965911706,0.007041328755221379,0.6780892275023418
329,2025-12-17 11:24:01.913858,1.5190734028458135,-0.5847453980117786,10.72356820871222,1.2294158335047278,-0.6376733098503695,10.879202585017158,1.9852591931052694,-0.5722650055395523,10.598065991187756,2.2666546998967316,-0.6120462028375276,10.553939918510835,1.759598758930498,0.08004425994169152,10.25466929660692,1.7803713119659355,0.25522090901852246,10.386110821393025,1.5475297797641603,0.11458047906885688,10.52303189605948,2.013962157436901,0.1136856153774118,10.467221698659403,1.494142178760811,0.44858416183011346,10.668335263896838,2.1053542713641096,0.43740874411968883,10.510750720477127,1.7973058325953923,0.4567339120117686,10.416478884478959,1.801982409868582,0.5820964621172376,10.505487279916327,1.0436019755910135,-0.9183556660736059,10.90086427298849,1.306907138633904,-0.9898434956573924,10.684685948562944,1.5869624974976595,-0.8066338603900667,10.634598734543523,1.8834104212056157,-0.7880850013556596,10.481051658871209,2.123558186412213,-0.9549863443847901,10.455687833317484,2.384526529624329,-0.8920111022769572,10.523212591699796,0.7760016876597706,-0.7474662745803077,11.113536898106377,0.7891611928785615,-0.4293485477490123,11.07689727041145,0.8238620037293152,-0.11433956198620138,11.01891244974749,0.8799534414811784,0.1813605209147682,10.909007560230455,0.981127626199444,0.4553444401298755,10.875122673415886,1.1581961990624419,0.7042487811337512,10.873021371822208,1.3768408654227065,0.8874928300802851,10.866856900303526,1.594461078374168,1.0200891013570648,10.714591878094238,1.8592336788766473,1.0722866666361273,10.662849068696893,2.0807851772714017,0.9970374604112338,10.658790972725678,2.273389511042318,0.8287519796393324,10.733259605339997,2.4601450204286226,0.6321058601378395,10.898274549050498,2.586649846943367,0.3928274837410076,10.951829646737458,2.6495678980420863,0.11675294880508133,10.942993396534387,2.6725468389921225,-0.1727592141897057,10.887329245354032,2.7012770649140516,-0.4738095847228845,10.954502119726293,2.7031316049719916,-0.796418363297221,10.992318206946457,1.7973058325953923,0.1136856153774118,10.714591878094238
330,2025-12-17 11:24:02.054825,4.211142586041984,-1.6628139926264995,30.15522070128746,3.3661663808893367,-1.8186527418005618,30.68068954039448,5.470003356113852,-1.55445803124793,29.156911304261484,6.188266697869857,-1.6200375458844034,28.67670855843242,4.481220045739191,0.1863655466952624,26.256943069337975,4.480708612570804,0.6727751820423262,26.46501453228479,3.829141284300276,0.3038051109269222,26.495780326245917,4.868969409766746,0.33008004275548625,25.451385494831506,3.4453295213660127,1.1308265333426812,25.49142794805283,5.157225986060104,1.178863294396391,25.99319269738587,3.9647457482233577,1.069624731559532,23.28139749597853,4.004079373054439,1.390218449466857,23.80091742033285,2.9991498240035988,-2.8013220387965556,32.496909296340284,3.727265790586565,-2.947832425126954,30.932108359555187,4.647753484958014,-2.4202392045605268,31.34118639474977,5.266004754102364,-2.21649298632133,29.117921747407035,6.090133276306789,-2.732488100530055,29.695947981707715,6.912444469593911,-2.517771013566182,30.188248262134685,2.349741043023508,-2.4974010380257834,36.45245446654718,2.4673488123980505,-1.487961362288211,37.68076570803126,2.426654681702062,-0.3713572619257499,35.427881444904294,2.5280968040690537,0.5901302170049577,34.17924268590861,2.609423872978604,1.3690956100229414,31.541542273647952,2.821895835178671,1.938521116342148,28.400728116854513,3.269275748902549,2.3757491792773275,27.371065867231692,3.375977844367436,2.3822770551384433,23.610184962684805,3.759996527816885,2.379685943353344,22.20894084869697,4.536204298479016,2.397103907709349,23.77162283443367,5.762083998819847,2.345130247266993,27.70158694813781,6.566162147041649,1.9587390521699866,29.567112648745972,6.835586279085558,1.291949975964927,29.301667202812162,7.617143692286313,0.5770107606854096,31.716475734395814,8.416832136807985,-0.31811149299207986,34.41250425211878,7.907513243192442,-1.180050139875133,32.12910025855426,7.94275663459987,-2.1468613262455647,32.29316467859516,4.480708612570804,0.3038051109269222,29.301667202812162
331,2025-12-17 11:24:02.185098,0.8568186854005206,-0.3474687847129699,6.231786627587458,0.669119762202112,-0.3782217165103017,6.2861395883125235,1.1513218204375193,-0.333394939088256,6.146724601860746,1.325723611993298,-0.35216125726459524,6.128117806137907,1.037749919365448,0.0465360823880521,6.155710271050969,1.0408149269603941,0.1620953242891015,6.224292155055914,0.8847716083280985,0.07041598684433678,6.2445598103189806,1.1810329696280844,0.07996898402600175,6.216041119224325,0.8290377571308841,0.2805136456279918,6.29692113129244,1.2394029674200928,0.2861883353873684,6.270138413803089,1.0485981748991404,0.28791540295397705,6.242169946190955,1.0378883191455865,0.36737568494803213,6.2543031872693815,0.55900135501609,-0.5506724405761179,6.307518570806262,0.7364853929785535,-0.6066355735060625,6.267328039093406,0.9071120412999198,-0.4817932231465736,6.197082516015418,1.1046127674979231,-0.475331492838273,6.132705444454035,1.2531650939858427,-0.5683708502625688,6.097285473979314,1.395720832941545,-0.5099250197490736,6.064028729489438,0.39586084626447615,-0.44193048198514046,6.539691528744627,0.40350957210378446,-0.24816253063615393,6.515990972089342,0.4229824465538779,-0.05936100868039202,6.532273529868845,0.4547341055068705,0.12752595686352255,6.5232097093714545,0.5105997611078474,0.299856108976349,6.521619215693759,0.6130210251877763,0.4543993179200128,6.457304019283753,0.7417381173212159,0.5768308138925489,6.43831679009168,0.8855711978678432,0.658117534690297,6.36245426725879,1.0509375618936871,0.6968930189883431,6.3225189362350385,1.198238472537187,0.6621422796553597,6.361606812706712,1.3119522919857605,0.5624284876707272,6.345535656402765,1.415005481290675,0.44495742437614977,6.3858063155829345,1.4867675852892543,0.29479071223355535,6.36764756120241,1.5235589930684417,0.12579446731165717,6.322473840856592,1.5422964665245973,-0.050656137406953364,6.280411033697488,1.5438084125634373,-0.2325538359745058,6.244024193723295,1.5373308209508623,-0.42253274129965307,6.209520260942854,1.0408149269603941,0.07041598684433678,6.280411033697488
332,2025-12-17 11:24:02.316184,1.529785810465652,-0.6316817248767258,11.35092493664241,1.2135926572088649,-0.6791915643027057,11.468352222868603,2.0346785448058173,-0.6287144888801925,11.211282045793812,2.3509341615315247,-0.6723175483294602,11.208615718113574,1.8550589867490117,0.05266071551627543,11.306132992105928,1.8849456156299353,0.2570891250218982,11.420821563627674,1.598693331066422,0.09830049428959668,11.395151749783981,2.1100571174167984,0.10441595648749236,11.282840230076642,1.5362119353837187,0.4761082618654832,11.579177596453185,2.2349593977142344,0.4583585756666051,11.352280535492202,1.8957201090351103,0.48063239742699576,11.387593177457013,1.8902211671200713,0.6187906328866718,11.444054721434469,1.030958895595453,-0.9864604429715372,11.628104427021551,1.306990939316589,-1.0705663219344512,11.32224103008239,1.5976096705004703,-0.8712465370767541,11.259330944258853,1.936909770761113,-0.8780077818662795,11.17887209399543,2.192659170389943,-1.0503672054380466,11.123542206406597,2.463678649866511,-0.9609413771236313,11.138749406473128,0.7781239537367335,-0.74705304376304,11.616110659481665,0.7923974912525109,-0.42153415359494917,11.571738728665803,0.829481645410287,-0.10607015403510227,11.572420486781619,0.8977551198385346,0.21634368051072025,11.70687664165726,0.9985549215013685,0.5152124467923557,11.695605392054242,1.174855658039463,0.7805636013149831,11.673556543402864,1.408351290252056,0.9990992452288358,11.717624867422037,1.6522498994930568,1.147785973520395,11.629027618001535,1.9599308238300441,1.2341025694796286,11.682494565820466,2.2162582615761592,1.1545866642143439,11.627100123037726,2.415458562650329,0.9740757180064887,11.594100428473487,2.583186712881051,0.7462445786770275,11.553364361297573,2.7075460854221975,0.4737322229006625,11.53106891043064,2.7755220200879576,0.16814438187319564,11.521820557943018,2.8053533991089066,-0.1584970369473959,11.507458583905269,2.7901468418453543,-0.48811369777686764,11.43489446371365,2.7598828571391287,-0.8307882921221039,11.361829791431456,1.8902211671200713,0.09830049428959668,11.468352222868603
333,2025-12-17 11:24:02.443638,2.4319774993247094,-1.0569109400697243,19.28933622131612,2.8686955103998635,-1.7271446173454186,29.52192822238519,3.1862537563303333,-1.0417035946831295,18.475776243539844,4.219577878785043,-1.2830125706381148,20.96325377877402,2.3253407924834195,0.07036772837638187,14.88298451910037,3.263819348225724,0.4615102428779058,20.600005865892747,2.4918417201843135,0.17076592868975768,18.735676512086744,4.0955872258523405,0.1969599907158455,22.783513628768358,3.0688381131804054,1.006325914088111,24.16009061756368,5.755784148063142,1.2057706990297,30.155004748475726,3.206383660119004,0.84144976400672,20.03143997242449,3.55344919095708,1.2158337026747952,22.34963087414677,5.265005904510832,-5.602547505127321,65.98193431333627,2.4376457152800066,-2.169920198703673,23.13830667333768,2.2388546770073687,-1.3050960572370027,16.959227511963448,2.7358889901742645,-1.313855333528697,16.735975959188842,3.105313647246702,-1.5810217504722675,16.594444104727597,3.9913903651819727,-1.6549866893176544,18.82240317185067,2.1863457563448403,-2.382919982743133,37.50641915953853,42.347187425410645,-24.602357271103802,700.7623190234065,0.14146346394841158,-0.018102711177781,2.211427489448865,0.6223925316941541,0.1650951096231604,8.83348686524183,0.9889787639961507,0.5461209314957446,12.374915325352589,1.4678214020721827,1.0249555026947104,15.339403662124424,2.3325979006286244,1.702075370185616,20.131635133577376,2.9936750968504255,2.1296300604330076,21.738685677261962,4.333360395169165,2.75081580705805,26.41132447174936,6.556728729167297,3.4324137654330324,35.098461153216306,8.741284855577481,3.522571009453758,42.749934614121415,10.710063731328674,3.071250428799751,48.88554336443206,16.98736558677701,2.8721540208566787,73.76036571848834,18.718743622036655,0.9744434146810449,79.23091832836305,21.204989224633625,-1.467138896753303,88.88189240627882,16.59258147278775,-3.1805735719553763,69.71777282080356,13.679818554626474,-4.413441390120946,57.95100160358348,3.206383660119004,0.1650951096231604,22.34963087414677
334,2025-12-17 11:24:02.580986,1.4783592617809211,-0.6799454091995201,11.872813875804523,1.2187936305296492,-0.8106026267538199,13.057659116531552,2.550535148250641,-0.8424521151221411,14.743070483201917,2.4637835682540783,-0.7389340922986147,12.168484522871127,7.981660082569371,0.3412901717689475,51.67421181939919,-17.48797584896674,-2.8270876097443045,-113.46770508036528,-4.323057481233194,-0.33328156962690975,-33.94532587166962,10.70958477801542,0.6177574150435242,60.62810002694295,6.407222798269013,2.3563723710713376,54.43047628521425,525.1816043945289,125.66710082579061,2844.985368735442,-8.552569742809585,-2.5372984760040516,-55.40373430859589,4.44654731602327,1.7327032855528843,29.35540081648245,1.2254006007906506,-1.433516944369971,16.120169517702816,1.3952271871023918,-1.3222257176701306,13.359236419612367,1.529884246834079,-0.9327827716955973,11.541158934302024,1.7858284986255113,-0.8631686679909963,10.741263365419304,2.3519204164886793,-1.184038990395688,12.222490576335371,2.965374550573461,-1.199976457233063,13.684066083303907,0.8499861353629535,-1.103878735438822,15.875903363222353,1.0524927999001037,-0.7715717202950578,19.439037364812737,1.441768415088082,-0.2518361628449512,25.350360268479594,2.071049998564418,0.6255224825136483,33.47031689055486,3.057186997023537,1.9809178849709257,43.30752115733318,5.602654212797712,4.562206187197306,65.31323484666882,5.436381598144044,4.554453770775516,51.6415852351209,7.7132718496643955,6.26100588517904,60.777210435718054,19.51960586484385,14.018724622106188,127.50866560716402,29.83891763874227,17.594253473195828,169.84034675067022,51.386221006126476,23.40372413457059,264.97681766393833,-53.24275290047396,-17.57229370900331,-254.12837807344874,-81.88423494015257,-16.681940633862247,-370.2670249491219,1636.7242011435126,131.25676255057496,7157.2640582134145,19.912596637479922,-0.9047264222314897,85.6417937507277,10.106781721814814,-1.7382468675986507,43.154388996392086,7.941469045184076,-2.4288766252564753,33.87367151035427,2.550535148250641,-0.7389340922986147,25.350360268479594
335,2025-12-17 11:24:02.706355,2.0871599398933034,-1.045087972677875,17.587435695187704,1.5347841781947709,-1.168434677560608,18.150508249718317,2.9465882685618423,-1.0087827258089948,17.304020869475547,3.428984196829216,-1.0644517434258431,16.879876798491416,2.6297495798060675,0.1501838111182066,17.587839407664582,2.7553109211330784,0.4826746157707666,18.499210677169554,2.337256114211274,0.20675111512971675,19.285458819682844,3.2023603528760605,0.21244954019198933,18.56038151329027,2.2442918382324226,0.9266701395304622,20.268757483540185,3.4920193811369127,0.8976970423791956,19.511177135143377,2.7925715142265624,0.8768740586291311,18.821635198391384,2.839527673364713,1.233888498838433,19.443327333152777,1.2244009260588302,-1.6810457259040685,18.244089317802747,1.626421242793897,-1.7334851501098507,16.648788011407106,2.0990750655302044,-1.40191590084246,16.45445764160943,2.6668364740812454,-1.3718798312955662,16.170444629116,3.116280882835223,-1.6400192652990604,16.160667801389167,3.636119603832229,-1.511011656966271,16.65484200981704,0.9044991850777444,-1.5012062538969426,20.773165991229085,0.9466397945113784,-0.8473332042836925,21.088933099103425,1.0539768401530383,-0.19443145804054363,21.796532044226325,1.2105269296904586,0.46796638575374383,22.43118320588899,1.428660575979861,1.0916679321052654,22.500853895854522,1.8138647013387792,1.6659684469273202,22.937786476646366,2.2878680287918374,2.1358615836075034,23.273232698072754,2.7658841837543484,2.455305907062801,23.021563352931274,3.3170311315145815,2.550260269553976,22.606797018306903,3.811194823344055,2.388383590076501,22.45277146693601,4.263464324145376,2.068000682529735,22.71198236814923,4.4543160404439925,1.5656883733297013,21.969361774590386,4.525732664721803,1.0035371970735993,21.062859382723726,4.505302945371186,0.42737499956289354,20.23408946801566,4.4019199619476534,-0.14893749095697142,19.311106716644034,4.245145859572973,-0.6995462307912425,18.36610198938596,4.119434021423735,-1.2562135888442298,17.758558957545667,2.7658841837543484,0.20675111512971675,19.311106716644034
336,2025-12-17 11:24:02.833645,2.3698295966023046,-1.2900677747866534,21.242310511781348,1.4234276068770766,-1.2679294593481643,18.836973103897947,4.017189402143905,-1.4371343887572308,24.322177143769707,7.8328475743175145,-2.475852194038108,39.20811680211526,3.6795683654366607,0.25991576901971264,25.680562994385095,4.398338081868904,0.801569977400172,30.933880451758714,3.049032253262773,0.2238555431962616,26.924424061290225,6.53955066923223,0.41789687170864054,39.135134159125755,3.899338741729125,1.6293254201777105,37.84349820237136,11.402149842689127,2.9350505304960106,65.7680081371095,5.521375880797609,1.8122481479208807,38.98613510955231,5.927085745156122,2.67871006403366,42.4793687502654,1.018327099333089,-1.6990632409332238,17.608465000698107,1.4579071116903686,-1.7019403249114784,16.15590460749317,2.069164020665052,-1.466047190607905,17.129109831012336,3.3638071545253885,-1.7756231538954144,21.01975238336768,4.509771086158569,-2.416900732278712,23.822112851705747,7.715599991340364,-3.2673958977565856,35.727130225454566,0.8218651127557034,-1.9569219785999803,24.45855179077009,1.05193831635388,-1.4276477353270707,30.142616778640154,1.464411751216635,-0.615925505229854,38.13757645523305,2.2858063084196414,0.7231040047302562,51.46174878148501,4.344523714253579,3.377658422626285,79.97947158052193,11.989109338142796,11.33879166712409,172.34192654242452,23.23563902786999,22.174586351651218,261.231186094726,60.88949359103102,54.9535090437975,547.311806786721,81.61577734983982,63.10777564364676,588.4900087457981,-1284.228190067972,-795.655170133324,-7871.051111404338,135.50417164204444,63.51881095818138,747.1339223114597,71.49839600049806,23.975860966021845,362.9966546887992,25.07877344401369,5.165587653672013,119.14186726400254,30.247534994592723,2.4227676465940626,138.43765202203923,33.4112745185446,-1.5826922929832727,148.92522556332796,19.716888307802133,-3.4767700918223396,86.38041928974714,18.876089964437448,-5.9921180406217065,82.25133825770848,4.509771086158569,0.2238555431962616,38.98613510955231
337,2025-12-17 11:24:02.950423,-14.486486879436791,8.396283860107529,-134.7350157082127,-9.532175088990941,9.760808013487686,-137.68637077595773,-23.740202999211057,8.391104725634984,-144.0951922547838,-32.76851987926692,10.079335492599762,-161.90964134498765,-44.65911634298922,-3.9402790795597458,-323.9523994076044,-26.18337417174588,-5.13370868189859,-191.48713526533191,-18.097207518157578,-1.318267885751431,-169.51135834307715,-26.275179992108246,-1.8339304506883292,-159.9499214377779,-13.632576913966272,-5.797655332201299,-140.32562493645446,-31.811332635710553,-8.322124863422626,-187.200933410258,-25.971348327159305,-8.901414260037368,-191.3297969685654,-30.64244862418068,-14.490916162988832,-228.56047040380014,-6.485714148007427,12.899949053250953,-126.02643363512878,-11.892684328950132,15.254224974748917,-139.70674234387522,-20.93960971755862,15.66897407511785,-179.4414652772322,-32.23331417582345,17.079542906738393,-201.56297658602548,-32.94550859784201,17.285481879916286,-171.51965540401292,-31.306661067901267,12.772876680787105,-141.94332008636272,-2.5468849664523328,7.597228929963937,-86.72045168654078,-3.0598617257374916,5.5029554408729995,-100.5549783643714,-3.3315897730513138,2.2974489403433265,-98.00586662987934,-3.847105751088504,-0.6720244955094642,-95.19871178478333,-5.128707715614427,-3.527703076558052,-101.75211914562634,-7.202260431154668,-6.2715122024454395,-109.51080089616691,-8.94798627480785,-8.168166921438331,-106.0130161522605,-14.061368510294313,-12.407588570435909,-133.02315696961455,-17.02785671519547,-13.025013874114968,-128.18951914720859,-20.09145898307022,-12.276969053974145,-126.98115749969303,-19.955253543114313,-9.252235754386229,-112.7148650349306,-22.09973091580433,-7.355384137343571,-114.03228790761031,-21.619048085955964,-4.555258686423513,-103.74140951552491,-22.710513790091984,-1.8889394680239688,-104.0280722952996,-26.695339386475474,1.1722737432084824,-118.20769657637845,-25.070799628493372,4.212030873078854,-108.46138256762784,-25.99545444754741,7.934746460998199,-110.86639654181066,-20.93960971755862,-1.318267885751431,-133.02315696961455
338,2025-12-17 11:24:03.072412,1.323789125096506,-0.8496917775485071,12.875080247074434,0.8177591995496025,-0.9396270044790588,12.604581444430822,2.085668719195,-0.7933212116848061,12.965520619881271,2.577254638212495,-0.8391943031047648,12.990113405449675,1.7548616109748905,0.1563865317841878,13.220035315362539,1.7434670192017763,0.3311572485177353,13.19718195033172,1.3129710544667073,0.070725092260066,12.888561859260545,2.084543821486135,0.12083996858066866,13.038879154960366,1.172686275171499,0.48848833489171006,12.631548353575553,2.1229557669197967,0.5553611034164926,12.85146781333281,1.7008825625300035,0.5852915199415369,12.999962641797001,1.67153198143642,0.8123493144699006,12.883336835981037,0.5965290029436023,-1.3468959809796541,12.629767756893143,1.0523011380979275,-1.4629521723985826,12.987099354486466,1.4665281423677392,-1.1685804370305823,13.051311705064787,2.04869295911588,-1.1348568853315033,13.14278627079396,2.4282720253279626,-1.3307662896455306,12.927504016782393,2.7625180277715153,-1.1832406767856434,12.741578851711726,0.30253632479856063,-1.143386447591076,12.062258517177735,0.3059690671553786,-0.7269190917212981,11.982568948821362,0.3504471722244462,-0.3482220805337568,11.97334716089284,0.42635980957331554,0.014982057803284939,12.001470998693799,0.5436718458908179,0.35290919990333897,11.963671258719776,0.7378110861235183,0.6354353004040965,12.098625665984017,0.975955418814958,0.8864427007527094,12.2411138066899,1.2502966928547368,1.1202294975410005,12.410219969988404,1.614130916568111,1.2432338105705425,12.561713652329598,1.9268545643335904,1.1738088390289874,12.535918482291855,2.1564942188773815,0.9809229278836149,12.482485313892127,2.3316780469362737,0.7482933913741124,12.307647940860395,2.532012460720476,0.48783700835741034,12.409582120819502,2.674038079012719,0.1725693527673912,12.461983971607154,2.749665477763909,-0.16910678070148288,12.386706372610467,2.836195885587789,-0.5404514498696297,12.47317449484061,2.875515877577367,-0.9456542813258836,12.456215881651326,1.7008825625300035,0.070725092260066,12.604581444430822
339,2025-12-17 11:24:03.194935,0.3526004456919197,-0.2514006110672797,3.574603507767445,0.26182982174482344,-0.3502232082865099,4.317422290240304,0.4700932519261883,-0.18856407840613074,2.9727216848900575,0.5439113615027805,-0.1826910839101476,2.7703387463629103,0.280899256389856,0.026964348892947822,2.2201617534900295,0.26414533325882733,0.05468454755883291,2.1002981112324006,0.23241420440390143,0.010096124397415552,2.4175259436903,0.33141263711515334,0.021372836123621362,2.1324071860811094,0.18646487354375715,0.08151579854104624,2.1261045042640747,0.29964708285122305,0.08385874595297806,1.856150619629444,0.24391528823816686,0.09050364849574342,1.9482522460364462,0.2275777419772035,0.11981754639309583,1.828660483637857,0.27378252275918197,-0.7315810026242481,6.367488150802745,0.4366171767473255,-0.6784275748938821,5.718975172043318,0.444039187014159,-0.3856811497909147,4.108849137708673,0.5357249415101331,-0.3135272171314997,3.5208312549093486,0.6661753109339171,-0.37843977604261464,3.5756345435035484,0.6709578267180228,-0.2945434649427502,3.0972534360408903,0.13798971423359493,-0.6561037437520547,6.236464940443993,0.09763131274855046,-0.3115337633438971,4.452068925608729,0.08935124834874342,-0.12699261617504173,3.471689122337947,0.08915442268708432,-0.012993183446822586,2.8519057851945444,0.10029926804275999,0.06094609727439964,2.423490593472002,0.11965709899707688,0.1061168501698317,2.1256284489860464,0.1426765256535916,0.13720380005900992,1.907987976426667,0.16641770790927515,0.15923828154730107,1.7363296281502314,0.20130652203441302,0.16614652666234836,1.6245122542623964,0.23912260428581775,0.1544224726082448,1.5965185934545685,0.27743804400807254,0.13246590187537208,1.6286285525982,0.3172628231069552,0.10511375078255676,1.6843254587165843,0.36082651675278676,0.07112400155904675,1.7718559170694996,0.40886338531916605,0.027420002592111036,1.9048877102537347,0.46609152692151384,-0.030049634717832292,2.092319084345153,0.5357474842374784,-0.10511419463967445,2.345972301873416,0.6334059670533152,-0.21330036212933964,2.7250489809326757,0.27743804400807254,0.010096124397415552,2.345972301873416
340,2025-12-17 11:24:03.312648,3.617056910375659,-2.7171718826652995,37.481888901050766,2.423141969832198,-3.4847938050226737,41.472394121712824,5.6479903438042,-2.351255327291075,36.2739758910631,6.926185971163606,-2.3532119668066285,35.7057352733086,3.704557820353562,0.278622570087196,30.12288262400939,3.986601571306356,0.7796995758805874,32.68746380865985,3.3752869283362976,0.04500948558364553,36.42926773017243,5.338915381739141,0.30019140047874543,35.20210344561469,3.4488587456202433,1.4650650590695193,41.28894905633684,5.7486158193174175,1.616925836295635,36.38494338616395,4.016738421235681,1.466157881780643,33.097088967736134,4.189107874984325,2.183319631640232,34.89110204094673,1.7060150792950937,-4.853371487922926,41.20465928623132,2.6390082829982435,-4.27908644579794,35.38162334243767,3.520227679134297,-3.193151867092267,33.23778196791953,4.870347284079188,-2.9703539739462417,32.53053410981151,5.975807476822254,-3.460289772159002,32.462222866780394,7.7538543003138,-3.410216094032162,36.132944853966215,1.1645715401919403,-6.078107684905906,56.59514715348788,1.1913955058005925,-4.243500972958779,58.71944944179535,1.5017250133541191,-2.5174073494810716,63.83552448047858,1.884515303632535,-0.49328642844818743,65.95741458803978,2.775244058325888,1.6223774354943192,72.65511303514916,3.7077581264609343,3.37916871419036,69.6607490285327,4.751765615153824,4.704176705395661,66.80109173514701,5.173111213316216,5.054701494371301,56.00891557053134,5.747268768685877,4.837082790359586,48.0160628770194,6.92459156962971,4.616162546178202,47.44775464215935,8.93857594217975,4.433037010779855,53.58155339693847,10.010277228069981,3.5232117061270958,54.03819647655856,11.058936607240385,2.3729145760627035,54.96211218334723,11.261004653863521,0.9230074091808884,53.090307999486335,12.005140149898038,-0.622543434206362,54.51397931653883,11.95103810650063,-2.202774801768373,52.73767078425293,11.83647863477125,-3.8927975638223904,51.24295111567823,4.751765615153824,0.04500948558364553,41.472394121712824
341,2025-12-17 11:24:03.437020,2.207905150671546,-1.7150968132582582,23.418936424910168,0.7482254888096289,-1.1242735249142677,13.434488319147297,8.811592697235676,-3.742429880487794,57.097994366786914,20.995075082883474,-7.223418577795147,108.6125427986592,5.394839358409868,0.2779490544011187,44.90918138840633,6.09504014187471,1.1594516480583288,51.23201368572075,2.572631397264992,0.03789022681581379,28.696674984148565,7.564411007293086,0.43209089305176834,50.54876151169956,1.9562282341081205,0.9403249322217728,24.522505646881324,9.935312250977677,2.894138318233634,63.45315031853114,4.425930058489509,1.635788911606548,37.4023140283546,4.28673450071138,2.322123296285298,36.62631972965366,1.719333370161993,-5.374051068223687,45.43226790992076,1.4615444566058227,-2.535096611071563,20.34200301949975,2.5723697663586123,-2.467061845569459,24.77427438634888,5.751233705613538,-3.6675693849988797,38.65893489082673,14.923062517919126,-8.942027988413356,81.30013788029798,22.40348550283245,-9.90075749160656,104.41487646152655,-0.10084957794104403,0.5791224518693837,-5.663556009484149,0.09095692539061886,-0.3435159021722279,5.173787410404426,0.20340938628907554,-0.31564070334740524,9.815540141717058,0.3132816209851779,0.006421368989920614,12.2391708013549,0.4846595882335288,0.4356135706372266,13.746655691868627,0.7596282015588289,0.8797638748788044,15.191420258939647,1.2819666785641037,1.5076393254936655,18.882350144201627,2.1165850193882747,2.3412055807441003,23.7829183934255,4.402099959211813,4.070699797030309,37.84030057372945,7.576042019196343,5.495577955030175,52.822854002375244,10.992302952322415,6.058089731681451,66.7275819902012,29.104786566415804,11.574664443833276,158.3318411456438,40.79816991901843,10.463244837082549,204.21140706618033,-124.64185967194715,-14.552008239492832,-591.0723590299667,692.8738946231922,-14.053748203168151,3161.41330826187,321.90890320857386,-50.636641514507595,1424.4907764234424,276.3317222080406,-83.99511296682537,1197.601065984828,4.402099959211813,0.03789022681581379,37.84030057372945
342,2025-12-17 11:24:03.562157,3.351436736701941,-2.7375259520363184,36.28444304681869,1.8895265257919223,-3.0144681286473576,34.977719219198605,5.83206516933889,-2.557231528906762,38.18907690989495,7.6023012686843465,-2.659340358867282,39.47944843804606,5.131373720217095,0.14800693272190166,43.5373806937092,4.965210920660098,0.8248192978731106,42.39668550999465,3.3988376121659956,-0.12182003136537506,38.7627941552573,5.949737373844834,0.22513656590400463,40.32223778294245,2.988193761346182,1.228700896634674,38.6021691589573,6.398625982539285,1.7424423766517834,41.29457663995974,4.790578517874408,1.6216305558144422,41.40939432435684,4.789189005479283,2.4350777298543926,41.87942828386804,1.2749324405125844,-4.045883164032994,33.72126797519503,2.5200379577313887,-4.49809218311042,35.88326044344117,3.878989385784226,-3.8262446958215057,38.067328552188044,5.861057974021596,-3.8275935660235523,39.99136293471452,7.198403430224994,-4.3437006761712755,39.38363042465933,7.920561011393988,-3.5238663813561537,37.05282324812003,0.5650117590677493,-3.199145088690904,29.979238567185014,0.5763255812537325,-2.2497722017943262,31.151889377255312,0.6845191993921419,-1.2656716442984468,32.10314305564995,0.8423276811488579,-0.2696459920954207,32.952048981699996,1.16463663251718,0.7323927677122021,33.84733490367194,1.6053778828330936,1.5687677826016504,33.333966394865236,2.274253236336806,2.414039636848148,34.66027661051905,3.0949331421007984,3.2326700745378543,36.122425458954694,4.377499002934752,3.927031721041759,38.7152276366843,5.440435067784328,3.854803231065513,38.74099796415541,6.184403695581243,3.3079952511319957,38.001136094519374,6.907952229476661,2.681547936493132,37.74653167880253,7.386798228016492,1.8426765864103636,37.0635943149211,8.053945231814124,0.9169661872794856,38.09606042763239,7.901608854484721,-0.19691077784477554,35.96484778684198,8.242357834350772,-1.3296948434944633,36.38640623189844,8.48611947158694,-2.5944890803766634,36.68641044362781,4.790578517874408,-0.12182003136537506,37.74653167880253
343,2025-12-17 11:24:03.688536,0.35276334233877255,-0.28958869717187646,3.8337164548576124,0.20238181237491873,-0.3282402591418405,3.8377908290166896,0.5866613886000273,-0.2598292915541084,3.8369239696896065,0.7415648906637378,-0.2644356966803402,3.8366133656610892,0.44632629794337975,0.0024994938018121937,3.82786245401101,0.44450776685357646,0.06778395714593477,3.8284624701662087,0.3314197116760795,-0.013212826050760056,3.82594685067064,0.5647734559906299,0.017402295693292453,3.83661019941455,0.2890511918171815,0.12304264100802627,3.8006528889843794,0.5897846720132981,0.1571875953981962,3.81497773684373,0.4383450565881082,0.14615642709433102,3.8175219746587277,0.4308159186389726,0.2174932584377977,3.797541500768852,0.1404642878261793,-0.4577759758089811,3.8424782418627337,0.26705994848016634,-0.4855755761253842,3.848610526163067,0.3903651908708448,-0.39276122113713896,3.8455947612037584,0.5652243702052666,-0.3757203960380266,3.848705120312549,0.7048362873506956,-0.43109363040640775,3.836801868224117,0.8224937036632266,-0.3664716553280428,3.8204363507334023,0.06884349684735659,-0.39256682361391915,3.8194182385590105,0.06553930207698436,-0.2612926387564828,3.8162962504802604,0.07559845956803696,-0.13626830746620108,3.80355520432632,0.09213105168855083,-0.016832569786668684,3.798355290549764,0.12446055820048796,0.09630870464883592,3.7865578107346223,0.17838581278720445,0.19536552519758438,3.7876235076404985,0.24534220964364595,0.27738537860023876,3.786027421070852,0.32233405136188464,0.35064618648531487,3.789618718947952,0.4263108673538567,0.3903921630806049,3.7883714622009594,0.5322507869293496,0.3844217874009443,3.7954141216736206,0.6198204457877549,0.33692246200176196,3.794505439846606,0.69849887936418,0.2757580827090538,3.8051496470602766,0.764792947995929,0.19569912465052175,3.8141034668989287,0.8113582775279582,0.09528247150490164,3.819672908399936,0.8449749424920822,-0.015372054151753375,3.8195971324418103,0.8693115539047572,-0.13608240026717505,3.809034565777293,0.8895186462180682,-0.2696832073767274,3.8159937690379393,0.4383450565881082,-0.013212826050760056,3.8175219746587277
344,2025-12-17 11:24:03.815687,-0.05493178750163283,0.04495833856225034,-0.5961073482594083,-0.031184753735684183,0.049439111554634395,-0.5839166289487215,-0.09419269706398181,0.04202665423718065,-0.612818896439395,-0.12112582496638,0.04366476945125907,-0.62207830938667,-0.07338572177493877,0.0006580071809285179,-0.6263583743571582,-0.07404302604860692,-0.010011799250634232,-0.6325543049112038,-0.054094909047505794,0.002798534288313578,-0.6179267478365981,-0.09421030617997139,-0.0017753833323684185,-0.6361834958333599,-0.048178537714318855,-0.019571629009500092,-0.6277461413958092,-0.10103323033018165,-0.025475665748857325,-0.6516792593137333,-0.07398633051940205,-0.02316224510554709,-0.6395214831975918,-0.07332584438729797,-0.03574756520606964,-0.6462745158197069,-0.021081201198240924,0.06709231977933694,-0.5707872176964289,-0.03983404491815529,0.07239245925872534,-0.5752416022307684,-0.06002251697827696,0.060619053917225295,-0.5894236214501917,-0.08902496444446155,0.05936285648078161,-0.6008581249843605,-0.1119232358719856,0.06902087030524971,-0.6044799304002224,-0.13413378784336033,0.060305468204114664,-0.6182998799923984,-0.010565567253683208,0.05728218278552795,-0.5731450583932005,-0.01081162678477918,0.038707881407563476,-0.5828499529047805,-0.012760967483907537,0.02045272781810009,-0.5930702693777964,-0.015978710880014946,0.002388669467703079,-0.6040726270450043,-0.0216294934167678,-0.015372576441474913,-0.6154998813381984,-0.03085746069828169,-0.03128939062068183,-0.6274079318885427,-0.04236327882602705,-0.0450356263149587,-0.6396122698192405,-0.05616656925830499,-0.057930571343752194,-0.6515993099079983,-0.07494556388590218,-0.06580565742711883,-0.6629747985685275,-0.09428190921482528,-0.06569962973961542,-0.6704536872317648,-0.10986649833525641,-0.058071099922446884,-0.6728974882429686,-0.12344465417760933,-0.04743914946007472,-0.6729168357859954,-0.13467859604581967,-0.033388575398767564,-0.6694834857837707,-0.14162101659581458,-0.01601604010221849,-0.6628502669351054,-0.14564130048495122,0.003124696279504269,-0.6538140202031325,-0.1480299873791529,0.0232085615389073,-0.6442545643143488,-0.14886280811311672,0.04522856567376774,-0.6329504935417928,-0.07398633051940205,0.002388669467703079,-0.6274079318885427
345,2025-12-17 11:24:03.958129,-0.04898703772881178,0.03917852553922025,-0.519311286620776,-0.028952092684350585,0.044596506269056466,-0.5249464030463445,-0.07953675499513457,0.035341624891644705,-0.5105505245638814,-0.09917822424381581,0.03591465626391742,-0.5046413380827894,-0.06026377161621597,0.001965024346465854,-0.5085902026145305,-0.060080530678920115,-0.006582066979992332,-0.5073067543119973,-0.04567744964625546,0.003416842495838518,-0.5136426090679745,-0.07573204601300237,-0.00015383603004429886,-0.5051995313180208,-0.04020165948661636,-0.014415103997066633,-0.513057278377161,-0.07880722787813361,-0.01783393061004542,-0.5016512276777967,-0.05919188796673152,-0.016569070390148738,-0.5060597165126968,-0.05812575325090458,-0.0259370132307074,-0.5048232863678668,-0.020574023787178906,0.06178161032887839,-0.5304972956149987,-0.03748917009801956,0.06568467862662002,-0.5260253640066141,-0.05393491006602893,0.053346342353741166,-0.5196282622612832,-0.07658269079127772,0.05094514766980977,-0.5126408752651973,-0.09482230707261907,0.05838008569448758,-0.5085473462780585,-0.11038221853462266,0.049468359146103216,-0.503842704980743,-0.011497722214150385,0.052250392565390505,-0.5331190057176844,-0.011285677548918283,0.03476165908833901,-0.5300509348741792,-0.012691580327231179,0.018422967776144442,-0.5271930984775292,-0.015257203735238242,0.00277071898354491,-0.523636756924012,-0.019488355156602827,-0.011754254580249578,-0.5199739661009337,-0.026347465520741485,-0.023998922084711046,-0.5157198672672202,-0.03501633064838222,-0.03409722110363687,-0.5116150588483789,-0.04444004206447578,-0.042824305892426605,-0.5065842271351761,-0.05736780280481612,-0.047253132654441636,-0.5013741582109632,-0.07077288750375851,-0.04625285782766996,-0.4982307567851898,-0.08225890910058024,-0.040807929566825586,-0.4976063680811429,-0.09261671356124652,-0.03344895257762591,-0.49776963071588876,-0.10114445244232294,-0.023226838409666897,-0.4966786374770082,-0.10729750528730983,-0.010868742952094538,-0.49697171777620897,-0.11192596192200963,0.0034663522244616856,-0.4975349896985731,-0.11591884854799397,0.01861174874598723,-0.4988037459175575,-0.11908067571057039,0.03582266193388525,-0.5006690173567526,-0.05919188796673152,0.00277071898354491,-0.5085473462780585
346,2025-12-17 11:24:04.088096,0.83404037331847,-0.6722185827930289,8.725466835388158,0.4991435830266847,-0.7469024234754429,8.740809372174068,1.3683928141762187,-0.6193330494992166,8.689821602008147,1.7213083123031487,-0.6353587210560975,8.666156140137899,1.0718165113566336,-0.04005446206063317,8.824253420399721,1.0822975711722818,0.1077907270636359,8.921506035305407,0.8099833682179579,-0.06634243739257582,8.879888495513109,1.3673841103815094,-0.015557203384186787,8.962873500671337,0.7267804227987911,0.2426836629569392,9.010136616051122,1.4541846234993003,0.30444183831808747,9.091646286290462,1.076197485143397,0.2851505336881413,8.977513350660352,1.0760040902091998,0.4552208087233251,9.069308428848604,0.3468235745444032,-1.0130228078956263,8.657128132198876,0.6282053356913857,-1.0804420553188985,8.611238343454067,0.9063883133763551,-0.8901308939085966,8.606869581991893,1.2995644375832105,-0.8602642452369788,8.597628321650147,1.6056977409458018,-0.9866327460781292,8.537275518436447,1.8934485372193024,-0.8624807563881947,8.582596218375587,0.18619949344855816,-0.8807300041231466,8.78263435275316,0.18939895093956813,-0.597174666665244,8.890209202106872,0.21799545141576768,-0.3277185179955711,8.992221415985576,0.27008412867406867,-0.0610140162596305,9.05227465713097,0.34883129811196917,0.19571607348661968,9.112996420873975,0.4848093926996417,0.4201977036243368,9.180295505743,0.6541758256871201,0.6059034008905885,9.256079077794244,0.8346245556917992,0.7700116917186572,9.208730569979682,1.082508017055768,0.8554692660214327,9.171608606412034,1.3344735538586852,0.8365059992805098,9.168714780317316,1.5377000938771135,0.7288583278791674,9.143554352445534,1.71792752453641,0.5804903592879926,9.100701426970899,1.8747518161555274,0.39248804047160796,9.082893735296873,1.9555026550240873,0.16235808833758686,8.961337790513387,2.023321253602691,-0.0957046846279812,8.905912256183216,2.059982795923908,-0.3608568479644951,8.794513981275562,2.081763623559512,-0.6566404369993379,8.708007852514937,1.076197485143397,-0.0610140162596305,8.921506035305407
347,2025-12-17 11:24:04.221984,0.8691757451907233,-0.6974292661377408,8.926448309751082,0.5223832392937446,-0.7707450411323917,8.93446766627379,1.4230833769281732,-0.6520895862188477,8.92624928517691,1.778453663559197,-0.6719483970072001,8.887961323266506,1.1143170198733077,-0.04207201025196494,8.97014460735555,1.1088850940173907,0.11399202677111944,8.987211830659408,0.8404971270523579,-0.06145501463446592,9.00848647819306,1.3946403965488916,-0.00887583413508295,9.053799784311455,0.7393545283763059,0.26562381968520077,8.943239116945442,1.4614128025086004,0.3226881650891113,9.056539379380748,1.1006070692103849,0.30092138469600876,9.006351524384378,1.088416151936482,0.47806148928068587,9.01455469984078,0.3671761619960181,-1.0544630679076215,8.884000966220835,0.662743194492677,-1.1329423183326677,8.885602171108289,0.9568244318293706,-0.9394253268866704,8.896799782683667,1.360604673331556,-0.9141307426992454,8.894324812249224,1.6864070018396178,-1.0553857999527636,8.89599740440731,1.9606864301866118,-0.9158147029802209,8.853237017830974,0.1926684039535091,-0.8956112417458963,8.907760847060949,0.18999791447499226,-0.5943029183303762,8.93670935046065,0.21658282420676403,-0.3082254738301213,8.969120851329038,0.266779535953346,-0.03489198504636565,8.956323712797557,0.34609529470031897,0.22792053837568982,8.993603175636665,0.48208732646724045,0.4577809579645015,9.039672894382036,0.645767421670324,0.6446431136239951,9.061371126411643,0.8380372152534258,0.8077304953156463,9.093818808818256,1.0907158915499189,0.8867149895390796,9.063344993504534,1.3459746856622048,0.8658283377204449,9.096196728685959,1.5565790743994827,0.755930610680717,9.12937467603865,1.7314904630586945,0.5980694300590006,9.067466803927116,1.8876597832055662,0.4046848797405998,9.084724738289488,1.989941027482948,0.16400031209594826,9.057380736073677,2.057682238091343,-0.10236976340556361,9.022555226970566,2.098799683841155,-0.3799688111811981,8.931723773990603,2.125378253954142,-0.6872280543468573,8.88117527758505,1.1006070692103849,-0.04207201025196494,8.97014460735555
348,2025-12-17 11:24:04.345264,10.53172170891512,-8.119402441715877,104.64869975136631,12.197771481503233,-16.83073448671125,197.1294431508454,16.972832628666595,-7.705253456990655,104.52377234317943,22.684201603421638,-8.54722335928032,111.82743987404626,4.486810234485678,-0.2098814665646671,35.13568749412972,6.0554988332081,0.5094656080036246,47.60911656678784,10.580686086579922,-0.8839669059211754,108.45972826645377,15.895540443688919,-0.31591767960675926,100.57418487821757,-26.552601994173305,-8.477365974970748,-304.848145621833,9.926765581837381,1.9601971279336496,59.89039059113259,4.966639469027128,1.2172515682889,39.228383956060135,18.33102354875338,7.308379584266866,146.39057452163442,8.554462050729066,-22.519109519919756,192.14294614848262,10.674091091969862,-17.42618615190501,138.23225706129122,9.148989858916144,-8.707550690346917,82.99038794720452,12.835040515373535,-8.524455763344648,82.58250422340525,17.407913516657203,-10.810006776200334,90.50371687769456,18.072433206504932,-8.39761948199965,80.52947559275985,-5.2508814104228625,20.209578848841538,-205.12629079665606,-3.1758102214918913,8.12463637438483,-123.61431188293544,-3.1152986641996305,3.670608332184285,-106.84410238722117,-3.222941538813804,0.4162993257265899,-92.66402111408138,-4.253353785933315,-2.276367596764685,-96.38906327120257,-9.04578737852822,-7.320028510201033,-153.1697821874181,-9.340458158100983,-8.199142637095305,-121.3485124418842,-8.13317300884428,-6.99945192335683,-83.13840773218722,-5.831444845077732,-4.3426506187178395,-46.540044975673084,-3.145901777601154,-1.8660185092069703,-20.5571504409124,2.5368608924782436,1.1300446124221313,14.442559781301004,3.74947092425179,1.1950507179179508,19.19234458940033,19.583742334216055,3.796446828792476,92.17549884110203,35.64882362122819,2.4421106386666622,158.86663153386965,17.12404923878075,-0.9891349029786964,73.56159055354881,23.365501258955618,-4.288323657341734,97.73264554391207,17.49856110692966,-5.613624783655561,71.86857760570531,9.148989858916144,-2.276367596764685,71.86857760570531
349,2025-12-17 11:24:04.465986,72.88792634803177,-54.1443887441627,697.0761576977727,81.26560180672881,-104.70597138071719,1234.7513160518265,362.67361466350883,-160.4990622372358,2175.8238786076613,-420.20584001867246,154.5650929689818,-2022.5480284222867,95.58311843857727,-4.9805190831405435,731.0377562940025,222.55730867732893,18.236681823296603,1701.8953996655548,68.68886161918005,-5.096959398287891,678.8731067840874,-514.8590438122624,7.818814030153446,-3177.749399305662,124.81197590152817,39.2469959840928,1357.7643782324124,-476.0385591638642,-93.64837920720164,-2797.346950578834,219.31064196429938,52.53567938820874,1685.5681079964309,-642.5186329714213,-252.6145186156094,-4962.197462108195,20.47002720268522,-49.201620175771666,420.2095878353521,53.78932322044618,-83.7080140469717,663.470722371763,81.86252304234799,-75.84174677466372,717.2810780561422,127.3076214869623,-82.95557497124769,797.4538399108619,535.2750647752572,-327.0255116611765,2719.6366570068253,911.7254925794965,-417.46753778035315,3971.5905921684366,18.21690028993389,-57.00249772429887,591.2216613327032,18.505959920529914,-37.70825631197968,594.0771433311298,37.80190265939102,-35.009360862704646,1088.514317196813,44.38014421944484,-2.609949131371858,1097.1822925698968,29.636319718432965,15.025361988696398,595.7271055568334,75.47733501666343,57.98879681378621,1177.6088092734833,103.92079714678358,87.35533435266534,1266.2654900985037,144.1820227765011,119.2388147645312,1399.6745809743602,214.4488651337096,155.15856726632418,1647.0682502697578,-495.5439122384825,-287.25468045055203,-3139.357891244899,-146.5668102609178,-64.76955005433176,-810.4936284175875,-407.00805402796095,-127.53420410619547,-2020.9635622874093,-160.58566971162122,-31.38180896964842,-738.0044882996705,-161.90937992917895,-11.766116487485737,-704.4827872609364,-395.94982540508494,21.47570641449767,-1660.2538302827952,-170.02961835542885,30.10367897744263,-693.8794257136497,-411.75234156182995,129.4947089421894,-1649.578255890113,44.38014421944484,-31.38180896964842,678.8731067840874
350,2025-12-17 11:24:04.589143,-19.551509174651848,14.189427269020838,-180.6591901830773,-11.111732464835745,13.842701862719956,-160.39988550870657,-27.995623751769116,12.41020415402271,-164.9884084360948,-36.44363316592754,13.570979725003632,-172.75949001842378,-28.93268661854035,1.6415999839990743,-216.26083712054736,-21.166396621039915,-1.4819620230719197,-158.55382006354367,-18.080230540096586,1.4458713529455145,-173.31963243870604,-26.11060452549659,0.7287686596712866,-158.37984310001087,-12.613949152052474,-3.6656043064949886,-133.23812555724191,-22.3796776658968,-4.041248628510921,-129.26393083703292,-20.763241945242108,-4.660986901034296,-156.36075665052198,-19.20083794737452,-7.058922314728467,-145.007440923843,-9.712246925781397,21.731610408075177,-185.4368886511142,-16.726517225758357,25.119299498765134,-197.94568222930855,-27.029590526173934,24.467886224329188,-229.6344139359846,-31.475343478816868,20.26207902445217,-193.32567223509812,-38.78071410101564,23.605213284582867,-193.7758220741907,-38.50225780394048,17.63833704670019,-165.37635139151965,-4.942893148274567,14.069910502376446,-144.9317225000307,-4.6496771912747645,8.715363611040006,-135.58701436441893,-4.562976662987897,4.073102400214794,-121.21576794264716,-5.154836524477278,0.453040605191733,-119.04468302380896,-6.761615561174491,-3.1361226685838886,-128.28719977253328,-7.63604629425724,-5.460801062080572,-114.19950675627013,-9.481314248777823,-7.549664875182979,-111.7643663625537,-12.127273201739072,-9.642307384567037,-114.94543634252847,-14.245576238638398,-9.954904721779599,-107.37454206432999,-15.614740120138132,-8.700315390075652,-97.4206138308212,-17.925637369251387,-7.505537960283007,-97.54655498698315,-22.95457043469094,-6.84612021075562,-112.37896202161492,-24.071899109654645,-4.296805318460632,-108.96708165148551,-26.98005308186291,-1.5847616013894255,-115.63848599784079,-31.743527299537377,2.002170553815849,-131.2767997957926,-31.08697942594149,5.7969109472353395,-125.14799493698051,-36.116905719993035,11.537138292728468,-142.87810138711887,-19.551509174651848,1.4458713529455145,-142.87810138711887
351,2025-12-17 11:24:04.714288,4.985737935294992,-3.556694664024433,44.46426647494798,3.1312400851728737,-3.7018406728554116,42.545774761275844,7.651056192065501,-3.352011156750901,44.08536892517749,10.435835914797348,-3.867921593067185,48.6627948515788,5.547295789898474,-0.3941770313562959,40.41056183996246,6.176632072810733,0.3857340764092983,44.853209943083996,4.728679962592539,-0.42196895224552644,43.57936481596546,8.123080454726388,-0.2599550432211445,48.157968255149704,4.779897882105078,1.3247484983256372,48.37449719470999,8.473482934171487,1.4938402379149072,47.71912347491934,6.005747279584085,1.2744988157320634,43.96503011687822,6.304910218074939,2.2176265534987216,46.24902061805483,2.4621206922490586,-5.176560806642445,43.63241336970199,3.286090704180599,-4.782277579499998,37.23696694212592,4.917518850123396,-4.419530056476958,40.613806191202414,6.720915885494294,-4.293640379321321,40.375611335591834,7.772787824622061,-4.703557381519278,38.12902587417771,10.597688223441265,-4.813905284830453,44.78831404710032,1.7466700084367626,-4.383836102218546,45.153880661926515,1.9975009009598508,-3.277599664932913,51.02811303338233,2.1283928148675675,-1.6426766825426198,49.910971939976406,2.5604059356945075,-0.1620409283002085,52.851946640524694,3.291885528061294,1.4004611756862497,57.222756216246836,3.905011364393769,2.6359208036307313,54.322358280037356,4.621780868024764,3.5101456869969336,51.39118506160209,5.787493393591296,4.434549600912927,52.446603707125796,6.825337082964559,4.634619593099153,49.54735589656588,8.84967672995033,4.860367790004365,53.50662963419325,10.791322533747689,4.489600030863722,57.19187270211184,12.705578264653745,3.7544186927411753,60.86433857321475,14.681562487647172,2.62158777781838,64.97739164539146,14.599202515210637,0.8898052535484412,61.436211604424855,15.945736647680711,-0.9836358281935472,64.80281324378807,15.210558201603675,-2.7535436845504835,60.25516387312809,16.144965217615276,-5.0839440563343485,62.88193021764614,6.176632072810733,-0.3941770313562959,48.37449719470999
352,2025-12-17 11:24:04.836922,3.055442319807152,-2.1581389059728338,26.508912259877302,2.109366326525024,-2.400184995351215,27.10997928098451,4.614876745084337,-2.0379454519994438,26.273881599665895,5.585689138685815,-2.0759380322325414,25.874021058653316,3.2472799990882497,-0.3087054418665022,23.1273551420934,3.348501887208688,0.13288920742368207,23.764417272109018,2.739537295171976,-0.3093815535440992,24.46717499152347,4.191620747016721,-0.183959329020527,24.494587256006596,2.5704278501495303,0.6192130087835352,25.153533908299867,4.315364204520356,0.6808559181686543,24.024494257217864,3.2126172830448567,0.5849157356502201,22.966136320724733,3.245666437412232,1.0369384199278218,23.409573139789973,1.7530744842928898,-3.430540315045409,28.749229755194264,2.493562122412781,-3.501896099971814,26.943416674543226,3.1784776843221687,-2.8212224431342072,25.586562029632397,4.388408492233806,-2.813532561965794,26.060739544938546,5.1940113577748,-3.1624335367308123,25.3112608969301,6.168789243113537,-2.813847810183645,25.990013835597747,1.285331430511753,-2.8790523986909573,29.413513839051348,1.295488912666302,-1.922570918882529,29.624258622135528,1.3405660526410816,-0.9852616048216779,28.644580867965068,1.4572397442342335,-0.12807287198549602,27.7942353604963,1.6444709886791091,0.6201873277741561,26.95380836671312,1.976433929183355,1.2139251578806296,26.190842147478495,2.3666401222796036,1.657116116141307,25.362987155511377,2.7945010286863976,2.007398660044784,24.624301770433746,3.306537608753877,2.1143019389438926,23.529943830332126,4.003810860540917,2.100529262271029,23.906217599013626,4.71507609130447,1.8904823067400456,24.765444690999786,5.294794524239338,1.5176011386519384,25.147846384082584,5.908685235801024,1.0299995709134315,25.98908690713643,6.341982386123968,0.3667151872051378,26.571524140418713,6.6417305346298505,-0.4099080057689556,26.912632619207766,6.966046804644785,-1.2582565202114322,27.51869640973968,7.425817048911182,-2.313045966829655,28.857082926256197,3.2472799990882497,-0.3087054418665022,25.98908690713643
353,2025-12-17 11:24:04.958899,0.39634043298689975,-0.2766237580357722,3.3351290429474716,0.27598757730996654,-0.302821263958954,3.3613011061471316,0.5829955358606215,-0.2624351111601806,3.279379860937438,0.7014618072801662,-0.26661586527468023,3.22804446365371,0.4809688116863594,-0.04017319725157638,3.349427586174481,0.48465163950911994,0.01804480811859572,3.361567572768697,0.39080585861829065,-0.044134870649235144,3.3740143414784316,0.57858778465298,-0.02899954095335329,3.32456695785941,0.363576778413515,0.07555076597484614,3.401609510980222,0.6076087177151832,0.08797629705793644,3.3381807551567353,0.48185998418056797,0.08587622518652434,3.363641192480231,0.47769931899524126,0.1448387071559578,3.3691282600549823,0.2220532359614789,-0.4094247162125748,3.3690735024579075,0.3208355774909947,-0.43565367245201797,3.3343234028169744,0.42112437812859327,-0.36490491770903577,3.3116142611341677,0.5566973108386905,-0.3562897364412124,3.266630107939421,0.6610908493913884,-0.40432156226684585,3.2104370728314087,0.756475376306523,-0.35225268854801595,3.1785189092094672,0.16545382851556556,-0.3438307822945437,3.3883399165026247,0.16980912682068097,-0.2346173848732337,3.4118234466412836,0.18031940612277764,-0.12960924308899155,3.419909056684188,0.19943050270117724,-0.028057450205484533,3.4201458032122996,0.22900923147545407,0.0661213491467278,3.42942920069056,0.27806024508402233,0.14596807395631753,3.428809703983406,0.3371041561685277,0.2111040039911574,3.426676595063891,0.40380148425756046,0.26659728276023603,3.423169673706248,0.4896938851321976,0.29500596014318825,3.3987205599223165,0.5765803095221537,0.28500689783804006,3.381345242242054,0.6496956775833188,0.24154471778188596,3.36292503930343,0.7093725512938885,0.18493919489582936,3.3301395712735764,0.7595670307024197,0.11343656846248608,3.310716096702425,0.7906869365299452,0.027982208671228553,3.28398599651991,0.8076899162112491,-0.06575309335546047,3.2497562427991875,0.820489024533463,-0.1639750467539774,3.2204359148657407,0.8269567784925728,-0.2751469037208169,3.192357637149001,0.48185998418056797,-0.04017319725157638,3.3613011061471316
354,2025-12-17 11:24:05.087845,-13.605426208853997,9.555309102736386,-111.14385617934391,-9.650573009516691,10.54176410695618,-112.49870588044743,-19.313247607968805,8.817513527693132,-106.66510586977107,-21.146116228082438,8.227977538813038,-96.02739470344173,-15.822976719742055,1.4908595107693943,-107.5475135270094,-17.70147592139757,-0.4271099649723266,-120.48273665757114,-14.355803653062415,1.900562453495303,-121.26045092863804,-20.680488658144622,1.310533274397493,-116.94283643108818,-15.21140777314155,-2.803277834303914,-140.69438890805952,-22.402068823588962,-2.921693166028787,-121.63779508516492,-16.663341439473996,-2.6380355191383993,-114.15161560216806,-18.182134381022635,-5.129112203958554,-125.57115254185443,-7.636674892608015,13.673941487726875,-109.82235738359424,-10.698325516988534,14.152927973098226,-106.41215885559812,-12.896151984743062,11.025025016712563,-98.016450675847,-16.646130451447515,10.574076953122216,-95.3176731534205,-17.533758823938157,10.682356293763805,-83.50384677228045,-20.101163837577907,9.468843417807125,-83.32400121703411,-6.360855411155286,13.14593926445092,-123.87238493658317,-7.305573196537686,10.272337899077012,-142.2215504729928,-8.892861430419645,6.769574232884819,-164.86550704700323,-8.177303355959578,1.5481390787727318,-137.2929354051875,-11.750753051968408,-3.0179475216859495,-173.38096138602418,-13.045522967299515,-6.570209337677173,-159.35540276732962,-16.098692966890173,-9.90125633999835,-162.44949672114151,-17.387692704903312,-11.416952134146639,-146.39194312550183,-17.78775715690695,-10.531073365763376,-122.20952191963923,-22.44022623571013,-10.902159211275094,-130.4304323966799,-24.833078940377007,-9.018402300446057,-128.00061471885448,-22.527545666306597,-5.56091952743884,-105.36468459020004,-25.063228220676883,-3.444224718258733,-109.14149999570111,-25.352884651725006,-0.5940376585495744,-105.2545739877744,-23.512079801024257,2.2185346455257924,-94.41860216852278,-23.02484052174744,4.874314146347224,-90.16283646328023,-23.824076801656595,8.095589612624813,-91.64336809665276,-17.387692704903312,1.5481390787727318,-114.15161560216806
355,2025-12-17 11:24:05.219880,-0.13600093766092441,0.0962685732025297,-1.0919337741313493,-0.09583107762996892,0.10456654022674879,-1.089879323732594,-0.2044971741636437,0.09378009421390851,-1.112267584629921,-0.25323206418231403,0.09885071651737386,-1.1363471451466511,-0.1462501192355814,0.014583819858669193,-0.9776106970969736,-0.14251025344992177,-0.0018871177212276646,-0.951460672225733,-0.11729628591019955,0.01716208944679128,-0.9702551656943325,-0.17679008685866646,0.012580892703483901,-0.9842087321663353,-0.10141759842378167,-0.01585297281162167,-0.9162417802531437,-0.17486347548783798,-0.021037090024381415,-0.9348982710408544,-0.13700408001341335,-0.020098913261093827,-0.9228761940515957,-0.13230566579983058,-0.035183443306261684,-0.8993673714373845,-0.08182585469442416,0.14511429295570544,-1.14389973870535,-0.12074596498345284,0.15959045453008233,-1.178991826007331,-0.15366271361087347,0.13126318915985005,-1.1502949243400047,-0.20687533794407956,0.13132989164552686,-1.1685069759499331,-0.26037517381481556,0.1576987896186876,-1.2255059480791093,-0.29465715496858047,0.13807238219555398,-1.2081763835960793,-0.05861515050340599,0.11971783284097891,-1.0978714540988057,-0.05608215215376946,0.07799921378256561,-1.0366021878699574,-0.056308236275255566,0.04395042678264544,-0.9867292045783679,-0.05856855978122322,0.013162971069429914,-0.9430361510548424,-0.06450870687754168,-0.012990266958707721,-0.9071569824657663,-0.07466859936871681,-0.03378069620165526,-0.8800678750565449,-0.08793551865352386,-0.050060943950885776,-0.8613121314387733,-0.10290752720800352,-0.06412494136314512,-0.8463712796466513,-0.12482915173801601,-0.07157079384831314,-0.8436898393163119,-0.14908458573148917,-0.06998919804282817,-0.8539197010896381,-0.17241044349481818,-0.060388155830406784,-0.8760714913644221,-0.19529284926350526,-0.04711953576021035,-0.9028120143345377,-0.21793998993518243,-0.02882376309145158,-0.9372420078572385,-0.2386710539666456,-0.004676690767760887,-0.9796164331043944,-0.259026973630886,0.024859623545449006,-1.0300887348909467,-0.2808158833887965,0.05949445810605877,-1.0885679979131258,-0.30478190887392403,0.10363450836644428,-1.1603157900583134,-0.14251025344992177,0.014583819858669193,-0.9796164331043944
356,2025-12-17 11:24:05.350657,4.299956493202483,-3.0664531445329213,34.213779541612645,3.1515335790135484,-3.4467398724597866,35.66389882866779,6.125827136660579,-2.85579802000965,32.99269190913593,7.408930743473648,-2.939472454263014,32.90685843291975,4.011617247382856,-0.4946052702004347,26.64094107900785,4.268806449323604,-0.027662925523735938,28.408197765734364,3.688126661163354,-0.6062755223108455,30.450473543025726,5.430693064107665,-0.47248964890826955,30.064638984648,3.575851621268811,0.48733800507308667,32.3232956815628,5.831770573166213,0.5831777566347449,31.003281351698277,4.281092939512819,0.5402897854401046,28.765902510559048,4.281599819763311,1.035940490266149,29.11665253021447,2.6092305512868217,-4.574603967030104,36.06566732652533,3.421336762235718,-4.496960349144958,33.056012805844226,4.188712176259991,-3.6096839929511977,31.033698994225514,5.524316443933989,-3.534868547057561,30.813642395113675,6.818652279706733,-4.159925752831687,31.734233356542674,8.191329621809743,-3.8766704511245935,33.21669214725775,2.352936388883041,-4.710473773049929,43.48216756327282,2.2554759004230047,-3.128890283762154,41.58692698802752,2.2522469127704747,-1.7637886378631917,39.57220335307647,2.403753121181538,-0.5729415218098081,38.872972064056,2.595412282104863,0.4755308287433923,36.893114085352416,2.9418867968617826,1.2931959193966607,35.032894965628934,3.277698568520516,1.8097976590959473,32.36456092671403,3.6293103105761313,2.194083922851671,30.10959453688815,4.2704136860413255,2.345388423380968,28.917204007273384,5.1698208642308385,2.324098641094844,29.659386190315452,6.067872939513801,2.0111702284585458,30.808452176968068,6.957661246424039,1.5785655430095322,32.09920787340553,7.82697073802075,0.9325693624711807,33.54988242147165,8.61231216785131,0.06613525191306359,35.20063711043525,9.066962448987589,-0.9707499397570337,35.81662974144127,9.46459611803711,-2.1012354971871057,36.41306441167541,10.098999749224102,-3.495752124639587,38.21436723460481,4.281092939512819,-0.5729415218098081,32.90685843291975
357,2025-12-17 11:24:05.477537,6.454029576641339,-4.748110588001779,50.897992708942986,4.56993836323761,-5.165473353334509,51.08793399800486,9.371550438589102,-4.511041040597634,50.421760479541334,11.626268732216188,-4.769442658634318,51.67104109045076,8.974042649808865,-0.9664307158072262,59.120816893280605,8.931901670327209,-0.060466740626071554,59.00322273523347,6.92626826038925,-1.213149763164613,56.56510023118588,10.126372807621147,-0.9605112670765898,55.848846948605576,6.183885668629935,0.632911557597416,55.25978467511384,10.183148439635277,0.8576269150641876,54.00272224456094,8.515932824278106,1.02354415934893,56.8255157495765,8.884978674632736,2.0490207566426104,59.98320491077313,3.7296443561127472,-6.623341910615447,50.43737057858664,5.23937173971036,-6.905410122346316,49.93564165685767,7.098315883967305,-6.118286793106061,52.26081286384451,9.320657485932045,-5.9879160647801255,51.87534604661534,10.89609315336765,-6.734758373406591,50.79251931421102,12.502659328192266,-6.0853735985355115,50.84155277694677,2.5446384713690557,-5.339177748515644,45.584683146608846,2.676470235333513,-4.004450785248778,48.076338558426386,2.954741361226584,-2.6236664758539914,50.57980504104122,3.2340314519799502,-1.124957852142037,51.09633342582815,3.6932335352087913,0.3265281837715815,51.45791018371194,4.581469121529229,1.6691648086802535,53.67748714752296,5.506324888356315,2.768465340106843,53.691438657748115,7.043137450948312,4.0418962886996805,57.8412941205259,8.582839368006626,4.568868217400433,57.88613687101928,9.578822378297554,4.13155699324882,54.778719554309774,10.290058429011719,3.220412959135585,52.2816239439648,11.213662725348174,2.3225572869028572,51.908149975089245,11.968480082076695,1.165424089342277,51.49768439096791,11.916338351400453,-0.19933910102458566,48.83710340448817,12.207781224498847,-1.5992203246573367,48.355449883302825,12.373594310659621,-3.0444836923353904,47.80244492301053,12.402921666491991,-4.6288705669943395,47.118936633294496,8.884978674632736,-1.124957852142037,51.67104109045076
358,2025-12-17 11:24:05.608327,2.90234551084236,-2.139510566170459,22.746273109871275,2.0862047949413096,-2.353252143159781,23.112499150097904,4.1347645805737745,-1.9970050251423284,22.12102538116156,4.935152756637423,-2.0474140730109527,21.805617516557948,3.384127428968791,-0.42639677699663414,22.152414856219284,3.433614892654073,-0.08824156062635034,22.507332453796685,2.782229912842752,-0.5311517874761491,22.50909722272194,4.0694863958362,-0.4314979814619262,22.274685605054657,2.5278465324798303,0.22342915543297273,22.439234948225128,4.192434542706568,0.3171539610377926,22.09337824057252,3.3255610037585353,0.3486396668248311,22.00991003610568,3.317700260186926,0.6954220122487815,22.250476724231206,1.7407413561505811,-3.0991078321413847,23.455940126061304,2.389465858249265,-3.1426931743266664,22.605504945675197,3.096266446918208,-2.6842522889865537,22.64241993202651,4.017366723784726,-2.6031602880803013,22.24925604149052,4.724090025316464,-2.932830252171805,21.865575527209874,5.426496634081736,-2.657526628504878,21.91779834094369,1.3051996312028151,-2.6823420734817334,23.18517040817919,1.2993822760743365,-1.9026790884635387,23.04895117215876,1.355626029368373,-1.184264391533204,22.854348157769717,1.4545419322346422,-0.4997558162227662,22.703372154115524,1.629413230990588,0.14264914277252003,22.40963770067386,1.9405637774807551,0.682909684028384,22.455851056130655,2.296361957628029,1.128525207623312,22.228670909991006,2.7371356260560535,1.507863829464141,22.282175068602236,3.2686581874737177,1.680387792999729,21.91280258573519,3.8311444398492336,1.6083500292001194,21.768063453770974,4.361194252383517,1.3383285433124692,21.995468419742863,4.768370028386748,0.964436880857369,21.905512265537897,5.119439320589281,0.47977977725591564,21.85231480620423,5.401676676603602,-0.08813276392013024,21.938155653894547,5.610033376730141,-0.7285102543179011,22.034713819228426,5.6562661956333296,-1.37867391591206,21.658039971419836,5.766727087174169,-2.134575264670015,21.723031575171653,3.3255610037585353,-0.4997558162227662,22.24925604149052
359,2025-12-17 11:24:05.728609,1.7047499645161115,-1.2686900687673597,13.280175700003758,1.225660880342162,-1.395018382497269,13.499929762905877,2.4309033792415944,-1.1829012897022868,12.891226308628488,2.895324844396472,-1.2087917084459194,12.681578702291866,1.9271255696280971,-0.26043561211094785,12.555995060889803,1.9485896720510631,-0.059240370764751096,12.766655830387855,1.6038795576279496,-0.3255697824493485,12.986132180061048,2.330223256933383,-0.2561958445172568,12.718740677610421,1.4805714080315175,0.11265861822924267,13.208514868391623,2.429709637408259,0.1751519602004393,12.775001041645865,1.9236951627595027,0.18310991807070762,12.72652683693612,1.8728537039565973,0.38318193386649835,12.567480635352975,1.0277858046409467,-1.8419393232894363,13.793445577373948,1.4256206955677615,-1.8786924034490617,13.29749227251715,1.8059630879303086,-1.5737731374331656,13.102361978068487,2.3501044633729395,-1.527241628273763,12.89103877936528,2.7600233707094404,-1.7171394832983686,12.65269703948179,3.174567037014668,-1.552520256687187,12.716234339041057,0.8021448018876747,-1.6681237920025629,14.15511769514594,0.806046666682144,-1.2129815888666473,14.310946527245623,0.8336339107698157,-0.7642868986533198,14.134961447898075,0.903036283521947,-0.34455003032222986,14.241665604130072,1.0175630987688753,0.058804898474697644,14.155821980005827,1.2132811290687904,0.41026992305189314,14.199334004286547,1.4231926496675404,0.6880329159566149,13.941444095207325,1.6273569171403333,0.8970783893472792,13.395728463088806,1.932450531648572,0.9894395239033433,13.029963140586801,2.2592560562919637,0.9420968422008601,12.86422573300536,2.572497695800899,0.7898670252745472,12.982389192964142,2.837286483052421,0.5719307192362164,13.000348716307354,3.038407051841635,0.28225804458964,12.901086925353221,3.2016837511326455,-0.05250987122129543,12.931230348789736,3.3258554709556623,-0.4284773857355286,12.970325633086468,3.4101303594051275,-0.8356763234209321,12.957310154061496,3.471672314914478,-1.2835516893213736,12.958626530688866,1.9271255696280971,-0.3255697824493485,12.982389192964142
360,2025-12-17 11:24:05.849611,398.8982209727048,-299.7239497820315,3088.5129703076136,214.6282405499127,-247.2485628128739,2341.56237811775,170.05380550305128,-82.41528670990994,899.751936703374,125.57510231534658,-51.92175093859088,548.748197431861,127.67963655408104,-15.234572526244309,830.0141592989017,72.31837651974007,-1.817647825554686,471.9506369214912,55.67322059435512,-11.207263653769234,448.00059963594566,152.42793383741662,-16.212846069309503,830.523828933434,50.28353043736921,3.1639972505734972,443.54801135763927,95.37086805009939,6.887546345004207,500.27864299037174,71.61400919866395,7.170371420007073,471.9103539715574,70.53681103766482,15.108398312390381,471.55954161979133,183.20490361579692,-333.76625584301263,2430.463364746132,-142.15219783436433,188.2381752896022,-1319.3867259952337,-191.71833974374098,167.67249614650046,-1389.447378722383,-247.1186947401172,159.98838107716185,-1352.256903120492,81216.56610743758,-50197.90088850627,371984.342354546,-11795.127368739668,5761.310632952746,-47205.24182642121,34.80216387212471,-73.68714020785488,597.7900842427839,98.98914727409179,-155.14053950041162,1710.96198344181,35.126221000659,-34.30232500662471,578.2241934337735,100.77770870997071,-46.22217976099667,1539.0411994040478,43.785957946838515,-1.04595331195602,590.4149023541377,37.46892183127377,9.604495440559605,428.24740577565734,46.05331409806405,19.30624560718474,442.7277073060654,39.39579231886173,20.2784686313557,320.2993209212361,49.62546680106172,24.52997458560515,332.6314717421757,60.72313684529724,24.71153365356763,344.4688484644418,70.27496271598174,20.765836561355727,354.2775750489762,79.51789545926191,15.19500965948018,364.1115899890419,88.10060979563471,7.597367757153027,373.93384353383453,94.84191390099323,-2.1646088364164227,382.8386699076313,100.80251842906482,-13.614787415494858,392.17213119069703,316.87482923696956,-79.5367040973091,1202.5365114486215,159.09338747252784,-59.585803785458424,592.341290786838,72.31837651974007,-1.817647825554686,471.9103539715574
361,2025-12-17 11:24:05.973771,3.8711876200513275,-2.9142567859058848,29.809836270912115,2.774225406204085,-3.194968866092581,30.062669868479038,5.6748949508475715,-2.7757791024943645,30.000648979958772,6.936933296613073,-2.913715326180415,30.323838424292997,4.566504468379989,-0.5715218117388766,29.66884778539228,4.6420759399329174,-0.16191132924165044,30.31563103382265,3.8222860239745504,-0.8153926511211098,30.71343333680643,5.644328922111673,-0.6385484081671221,30.70656204890363,3.503172020954283,0.17126269945695924,30.815539118360743,5.9584634663032885,0.3843074391837278,31.29321680243607,4.697786365372162,0.4242169872732134,30.978324929891606,4.561863623733728,0.9256939672783635,30.420995362392738,2.2940030833040628,-4.155350224291777,30.102166668436492,3.155431249637848,-4.151408957733863,29.073504795539318,4.027283864879769,-3.5039375149869145,28.995969036357522,5.348724088516683,-3.456132422535431,29.180086616413906,6.340520084922652,-3.927113944266431,28.937979454503065,7.366224644225099,-3.6100558770137665,29.391554064032572,1.7681591570811586,-3.7607659730670915,30.207664901697054,1.7785230235883625,-2.7786448717395875,30.414792540737075,1.8723095347315624,-1.8514510855218642,30.528497512525536,2.0284709115412793,-0.9412439216256714,30.56568851213623,2.2683947778641174,-0.09439373509619418,30.38235630903128,2.729323043951164,0.6467240478877505,31.050051967691292,3.198120951505269,1.291067318017926,30.70261950788845,3.827338095334759,1.902741419762605,31.127379617970146,4.696628909717066,2.2547539926210987,31.505455216432406,5.498583089131412,2.172471233130508,31.22540481121731,6.333198069967493,1.801323339230717,31.926451358094322,6.939556948291656,1.2578932374508442,31.788212710300428,7.460163710594654,0.5764680771964248,31.686412096841597,7.874692874154745,-0.24823045531417728,31.77107699383739,8.151553086472356,-1.1679301304379313,31.705612715079248,8.169278600437856,-2.0864688849638133,30.900797370678532,8.092206902683346,-3.0742709385061837,30.095387459224682,4.6420759399329174,-0.8153926511211098,30.528497512525536
362,2025-12-17 11:24:06.095488,2.5394736463784064,-1.9254509936845459,19.55236831064437,1.8399239814222186,-2.133414048371717,19.929080862788947,3.6869796850007153,-1.8059182880936053,19.495760131149396,4.488939714095789,-1.8720372322819419,19.619092090073238,3.035242020299824,-0.3930984374787934,19.781174014424998,3.0268279674253225,-0.10261044212045158,19.820562229933344,2.4744990889402425,-0.5290367181003205,19.90802119910784,3.6268626270103237,-0.3966134406706051,19.77228514577116,2.265785650901896,0.1135009759461999,19.960716188441765,3.8042821030827803,0.2718418799760565,20.031711447840983,2.9874358128003173,0.2815288185862571,19.781570351564664,2.945608696751591,0.6028203932204099,19.66331182317161,1.5018869286143053,-2.7252121655863375,19.608083610386952,2.1088570013675425,-2.802177955435945,19.41883042399341,2.7026298532244506,-2.3812698849616285,19.463186859872156,3.591555442063766,-2.3397595489058243,19.630126191849044,4.177619890420593,-2.60099971336218,19.064522523266167,4.826523431521889,-2.362685777706703,19.250212798079836,1.1592457810620742,-2.4640033895342364,19.702951365954117,1.1670818851847846,-1.8356416893401717,19.93635599189298,1.2264057686232908,-1.2249082281412569,19.99521691927476,1.3188043328970867,-0.6333257914714483,19.970540204149167,1.5005670766759795,-0.07739179327198224,20.26941469796697,1.7589111512619915,0.4183819748988933,20.086151528030655,2.0844331287237394,0.8473952966863451,20.152494806817476,2.4404635176232783,1.2330244506418644,19.975939149902505,2.954290449191406,1.454505819215955,19.892675722373276,3.4976868134107217,1.415036535733001,19.92825012876352,3.947070389220653,1.164777787670179,19.912181200137937,4.302186229127877,0.822674046473814,19.707657830779365,4.64538263787681,0.40683207818406003,19.711074886696593,4.865799359469208,-0.1064701304275106,19.58454990506614,5.042236143746808,-0.6821295259715501,19.58183859449212,5.1007877095676974,-1.2726375072393235,19.2598265786148,5.197482441925437,-1.954896566916283,19.29353739849714,2.9874358128003173,-0.5290367181003205,19.77228514577116
363,2025-12-17 11:24:06.211052,0.1369684128888073,-0.10439474690005954,1.0592835062752815,0.09416445462165027,-0.11015129502622126,1.023191973519837,0.20843063036081128,-0.10230837776257645,1.1047355151902576,0.2568220642833338,-0.10701597178185376,1.1232002797073155,0.1917688821159073,-0.02516101211863514,1.2565688932270727,0.19715550056197373,-0.006935582038212615,1.2992689331460698,0.1502748092478626,-0.03310824235317693,1.217121149995095,0.23379922034821807,-0.025723287853905177,1.2806202469862895,0.14617920221476793,0.006443758834394014,1.2994497954661024,0.26354325456058836,0.017948492174515482,1.3915691933188716,0.20335780035229334,0.018413814328520385,1.3567702371012176,0.20971894628213544,0.04303087468259744,1.4136481647140315,0.07309545761925802,-0.13395972199149664,0.9601269722316024,0.10441053896802464,-0.13941507155515748,0.9656425560145453,0.1405393370108479,-0.1245138624612821,1.0184805931690737,0.19138963509106713,-0.12476106338805959,1.0461584655857101,0.2256513742612226,-0.14021861797478577,1.033181529651325,0.2701356879490473,-0.1315743994410083,1.0779452721327045,0.05728624653661921,-0.12232654772168583,0.9765864098624145,0.0604464082553713,-0.09604116415890457,1.0349685778342668,0.06720873464739946,-0.06811154138230568,1.0969098080116328,0.07665435760896734,-0.03850998307464881,1.1663191882939405,0.09187421641910203,-0.006563774072640961,1.2422943642432402,0.11499002054167551,0.025743413977094915,1.323902437037521,0.1445233045156322,0.05712526259111006,1.4072371688539684,0.18107107502189615,0.09049563723879295,1.4988047433451945,0.23184798662771092,0.11381232790523835,1.5759064337935864,0.2787960462697037,0.11250052881800217,1.601500423606488,0.31011063918011167,0.09128931215719792,1.5760276939315483,0.33181246986731955,0.06399142805998297,1.5307447163907908,0.34465013630453073,0.03108076023703337,1.4684845387440413,0.34342916105120663,-0.0066812816127057514,1.386646569812122,0.33427103814000125,-0.04494391664277298,1.3016216160741305,0.3223375922616302,-0.07961917204747596,1.2202722390251892,0.3064025764953764,-0.11444517815274818,1.1374501170593856,0.19715550056197373,-0.03310824235317693,1.2422943642432402
364,2025-12-17 11:24:06.328169,1.9951215954837367,-1.5234844647893215,15.454303097235474,1.4290231703630025,-1.6713362995822254,15.604321566865659,2.8739015580579537,-1.4128691132294522,15.254464840034526,3.4616270184763347,-1.4370303553308323,15.17954101910116,2.3473518243696585,-0.3171222605971459,15.444794946818963,2.3441409695888855,-0.08371445395512564,15.512323016283833,1.8970672419028605,-0.41796063261719696,15.428535381201712,2.8218519729708933,-0.3132147958522325,15.514430306728677,1.7323466355780643,0.08672919335188764,15.464625913106357,2.904684595031222,0.20883002994406313,15.351385314702737,2.2957062517944373,0.20836785485125386,15.342315822649496,2.281154972943129,0.4762690878149937,15.401437430110139,1.1811632404664485,-2.1652099908763565,15.528280480214221,1.6597524963123202,-2.2304427189598623,15.382078282766432,2.145516900824226,-1.9090976587603499,15.61217713174297,2.8067178144802853,-1.8486034981555441,15.405473228404752,3.31935748146071,-2.074515091246752,15.243261778204367,3.770272475184211,-1.8432055191892216,15.090656017644083,0.920388716693621,-1.947730148524219,15.661623997083389,0.9194273258315595,-1.435869664743728,15.713154837871754,0.9509118540467472,-0.9527238870075375,15.52263684722407,1.0298588007412217,-0.4926829037812064,15.575152749511505,1.1517671684413062,-0.05944618686726125,15.559415991095886,1.3578344689138186,0.32493455560988355,15.635198977633012,1.5895821564967827,0.649500831456954,15.481921161192155,1.8727396761626856,0.9591513585150547,15.500086096455208,2.251380796846783,1.1214395365941867,15.305044952535802,2.670775688282161,1.1036723048686548,15.33632934417648,3.0330821830576897,0.9236758692915843,15.414468515236964,3.3633763449382217,0.6845397655997614,15.506090046012803,3.5956579971759473,0.3562125070021553,15.318281591566983,3.768499457920082,-0.0489027880796933,15.216268888633572,3.897665094590928,-0.4903139886247404,15.172424800646223,3.993093853407944,-0.9643735536454726,15.120792873265335,4.055593352578276,-1.493550325401512,15.06050353060696,2.2957062517944373,-0.41796063261719696,15.428535381201712
365,2025-12-17 11:24:06.945185,-0.07672687162697965,0.058851700446633945,-0.5978260770415026,-0.05394282890208939,0.0630959504365996,-0.5902789931236234,-0.11341819058015332,0.05610255224704198,-0.6069264877318612,-0.13842792673200902,0.057794324501477715,-0.6108160321360131,-0.09573907070813428,0.013220343655291374,-0.6322071231048048,-0.09627747837632397,0.003944391614880526,-0.6397122906811654,-0.07662632509454022,0.017115311436977063,-0.6265882499964691,-0.1154401589361124,0.013262411790617903,-0.6373834926785986,-0.07142088197569418,-0.003040705703372959,-0.6402324128701818,-0.12298148297854233,-0.008510405150714283,-0.6551912145476979,-0.09645080232401289,-0.008241421751335132,-0.6490126664660394,-0.09635690223719155,-0.01953918673750629,-0.6565901700922929,-0.04385593060748907,0.08002481048801695,-0.5767515566767153,-0.06180407470486585,0.08325750007729738,-0.5773074707254399,-0.08072663869846133,0.07187549102721162,-0.5882637469105235,-0.10760732076346585,0.07113069346735616,-0.5943455986612214,-0.12838918447301986,0.080331762934755,-0.5918782181386543,-0.1494578412623503,0.0734284358457917,-0.6018831643451437,-0.034458515323486025,0.07194720890997033,-0.5815311753572734,-0.035170092147907416,0.0542354393174136,-0.5934995553867014,-0.0373168818080305,0.037269893128794605,-0.6058895006911555,-0.0410961923069145,0.019995511512572856,-0.6190712078462915,-0.04693398448350856,0.0029716176605370775,-0.6316407546240412,-0.055877008619590135,-0.012579999997334154,-0.6444894008845242,-0.06699280176068656,-0.02664590579179821,-0.6566776260876765,-0.0802781596481424,-0.040409823308543695,-0.6689267678511689,-0.09858922093701607,-0.04918491244734255,-0.6790807765347733,-0.11757453762639092,-0.048560560377620035,-0.6825015581182987,-0.13269455509829242,-0.04004133020660977,-0.6805354921994569,-0.14569286840649526,-0.0293317872046777,-0.6751838486165167,-0.15578693741088806,-0.015052240497652239,-0.6675665476277655,-0.16173424243897594,0.0022570301005393678,-0.6567112294208974,-0.16444114809220203,0.020867095773737805,-0.6436310920734084,-0.16559475479242508,0.04023882762456918,-0.6303103871197613,-0.16492323626004188,0.06105540930856096,-0.6155754007145953,-0.09635690223719155,0.017115311436977063,-0.6316407546240412
366,2025-12-17 11:24:07.067887,2.876335876399026,-2.217242393611171,22.514346458549333,2.0428365627112455,-2.4045456580364353,22.46904968024738,4.185149100551466,-2.085221648668386,22.54615803773633,5.066360032316326,-2.1297601877934276,22.52731119790282,3.312350441502631,-0.5128126969866584,22.360502452909348,3.4065832579290256,-0.15786235494953565,23.130180876324356,2.780547811443706,-0.6472332049304748,23.130390854946388,4.1168185017945795,-0.481583427637782,23.11848256215915,2.66362920889232,0.11882472825209911,24.38867764343832,4.340005648607598,0.3394604616773433,23.52282126789433,3.371354938092266,0.29905600628087237,23.129811823943548,3.427811051374124,0.712017662080668,23.94464253157175,1.7115201286819988,-3.0923095939276743,22.286043677600144,2.3395449501903065,-3.1716985195582086,21.871647603692733,2.9979808425851924,-2.725394980632957,22.01775340506437,3.892679615884054,-2.6167478153624617,21.680557182229194,4.726329835921148,-3.0087606903369286,21.940352885582982,5.52968739582385,-2.7329171720378307,22.40233595016672,1.3901485942849767,-2.8320235070400734,23.153511171473806,1.411758833323975,-2.1523560794760708,23.74408842753736,1.481946284510675,-1.4709334935592877,24.26357769647982,1.5880812681160217,-0.7482265145481423,24.337256491662913,1.8367612926414947,-0.09733934638302039,25.283656639755392,2.1246384288774425,0.5279553338695939,25.277867391832178,2.5019570669197404,1.0614236713181822,25.247428909306652,2.9326895500431602,1.557955380803841,25.197608560906794,3.4345807034814255,1.8074899583112152,24.28766593426867,4.163577779153203,1.8090699613417165,24.729408801472278,4.666821694705087,1.5148169580478303,24.32263347914516,5.179902105243712,1.1250664415832228,24.36433284537017,5.629585534101657,0.6233760716217095,24.377060723885922,5.848373723002475,-0.007875856983370582,23.943088360546696,6.083555858798667,-0.7206132018441743,23.948439217772354,6.139137329367783,-1.441376150457195,23.450396828768994,6.131444388770269,-2.2179210323312923,22.91238208535154,3.4065832579290256,-0.6472332049304748,23.450396828768994
367,2025-12-17 11:24:07.187407,3.485735062825476,-2.7056976607883323,27.499201985303483,2.5439402005858023,-3.0161437794994637,28.173513328183386,4.989765235353411,-2.4973658143643385,27.001130771739984,5.9781094770439855,-2.527167259572178,26.708480726035564,3.6023371249900222,-0.5770813615582303,24.444439473558113,3.7763951308363723,-0.15838591192927348,25.705943323418182,3.1541011542107875,-0.7148655379352031,26.339605320118064,4.6676443816552755,-0.5298699700083169,26.269701152949143,3.026668105396965,0.21687959606828017,27.747461741265685,4.856793342124277,0.4161559844834032,26.349321673368937,3.7098657339722423,0.3475596462060927,25.52028793006446,3.7021891809271845,0.82401077641857,25.842131636721412,2.1705104806931037,-3.967381027422183,28.607682757451734,2.9255532024456077,-4.029405100654984,27.63467045276729,3.557178207013385,-3.274977259311747,26.30637186088643,4.667647528829836,-3.1953230564436117,26.16941984977347,5.702433989645813,-3.6770194145511677,26.68696660847815,6.743571563878946,-3.3519691433293457,27.469892454998224,1.8182364848319648,-3.6936223919068207,30.554380392631415,1.8029227531034295,-2.691556600662021,30.43223017980281,1.829143351355036,-1.7449273237608822,30.253903593212414,1.9291832325684775,-0.8294565264116561,29.732610889008832,2.197608781827915,0.017364914355838448,30.33321980181592,2.496735704518626,0.7476927583827694,29.667992669101316,2.8362326651654457,1.3284928848723914,28.615850127974944,3.1880485076040173,1.8073816676888075,27.325103643028328,3.765681962518249,2.0568826380675183,26.561545046673466,4.565691998224537,2.0806512540395055,27.049737144436875,5.339924561656764,1.8138476397580057,27.772102810693113,5.91881464874181,1.3643784252473534,27.766149001140768,6.63599389602646,0.819695313729825,28.726134982805828,7.061606847715787,0.05312059828716393,28.94685544475091,7.472080763905885,-0.8192083993172984,29.451791278348715,7.582921022764632,-1.7417229843140158,29.069352134510204,7.811838305071757,-2.818166913500384,29.35544456235962,3.7098657339722423,-0.7148655379352031,27.63467045276729
368,2025-12-17 11:24:07.302468,3.043483786835429,-2.4041651732521268,24.229204720568053,2.196875268484517,-2.6562596316413174,24.462423584550944,4.33678292042807,-2.204713561668232,23.647175053004577,5.175004607907361,-2.21973512700972,23.307771924800733,3.3495114850242294,-0.48695976484008896,22.72909100286606,3.4648738669936225,-0.14181916347047233,23.665253383252562,2.941273579283091,-0.6718677286216703,24.642339809526113,4.170025800573304,-0.49178218313492233,23.581905360186887,2.8006268409845667,0.14348589860318556,25.798478490696017,4.562147729049539,0.35674711871735343,24.856435765532147,3.499766554570674,0.3321179932324725,24.143854575342207,3.5054534351785875,0.7640727918436343,24.48893281277739,1.8270796589655316,-3.424144135167552,24.405098708276487,2.3961133017210043,-3.340477491195082,22.79846758092412,3.061422777904409,-2.8188551443930865,22.788335339512404,3.959708626303255,-2.7157528437504017,22.37689994717224,4.6357637534625935,-3.0178614370855175,21.89325246742924,5.485524479574446,-2.786125463295494,22.585043956333752,1.560119762101987,-3.3484937298021547,26.886212557036433,1.5714825739909235,-2.5082866961886157,27.246679342636288,1.5848132836463389,-1.6467582752795804,26.853588529065025,1.7587132012185747,-0.865557040336108,27.553324738912103,1.9136232023557984,-0.10201194586380598,26.973483987263243,2.22957270876349,0.5603935892393137,26.792589048878288,2.611600628812647,1.1343249244964175,26.529836790373313,3.125602695408261,1.6994103632873265,26.845111806451694,3.7284962620757036,1.9818220463832055,26.38194327624509,4.429038107622459,1.943535861427321,26.362939984859647,5.09021155369803,1.6410450344215803,26.714534342251746,5.748624230162501,1.2411759830296631,27.28208151199258,6.157994580071799,0.6514597418199034,27.019670040450897,6.329149803595061,-0.06643969475253098,26.29574785621856,6.520488477450795,-0.8419388000299926,26.07995741392148,6.651217201078451,-1.6460989530747583,25.850726777991117,6.476894149389938,-2.4612221860278325,24.687309655669992,3.499766554570674,-0.6718677286216703,24.856435765532147
369,2025-12-17 11:24:07.422872,5.409942100025952,-4.3560155266006015,43.2881921280651,3.792727556791078,-4.694684165626699,42.70211239307508,7.6482148749335535,-3.9458949650609907,41.6936401115251,9.33933623792079,-4.070021141333132,42.063482987398224,6.744783060221689,-0.9136386074145793,45.55414928395266,5.936046491483472,-0.24673836353475195,40.445868867460895,4.7878303669972215,-1.1527932487937764,40.15353038509927,7.102639566815217,-0.8644616154370278,40.032512392138734,3.877014504613959,0.09613701490057236,35.760793819972406,6.463857253375089,0.4015010258316374,35.15058163134794,5.604813014618423,0.4984033426052934,38.56775872392768,5.3040973397467,1.0964735723732018,36.85297844998192,3.1997263670841405,-6.186702808845028,43.66627651300167,5.0238608453319,-7.013841029302629,48.13379756533964,6.528834773743735,-5.997526267295841,48.76845739823396,8.351319642308333,-5.6934361467105825,47.187112147797684,9.807861117620911,-6.337815949526446,46.22356975688462,10.2652741700507,-5.240070484979031,42.21222914224389,2.183970033834888,-5.09839338914114,39.542771279900755,2.072945878599764,-3.637948881012341,37.70272586016315,2.1057633381516845,-2.4066520160729454,37.01397190814811,2.1732379299553273,-1.2614096332549172,35.16865517796979,2.391670572572289,-0.2582688117112345,34.37862055620724,2.691559533602756,0.5620602953100547,32.6123615697829,3.1377344462578605,1.2473780417195743,31.880879808403833,3.740138907586351,1.8909355802915995,32.095410032615135,4.614080971446652,2.299770465647988,32.474170416991896,5.365818129956741,2.1852182670684845,31.815268881696927,6.1023398618136895,1.7788651783055265,31.96969418446762,6.777324201729977,1.2519848290817224,32.23107730970607,7.417299829684937,0.5713399178796074,32.59246504109796,8.089619779928453,-0.28585601248209325,33.69613366936394,8.5346443589005,-1.3067185020421874,34.21592252991453,9.07329941771935,-2.467322723313255,35.40306803490684,9.673525545603228,-3.8583827156074104,36.99475113419585,5.604813014618423,-1.1527932487937764,37.01397190814811
370,2025-12-17 11:24:07.542616,9.050567561200044,-7.337790696709529,72.90990540475877,5.148289889385486,-6.393102198120924,58.534562662185344,16.15444077326776,-8.429919952668426,88.94582187516106,19.714050970053734,-8.739488083788359,89.6747407605927,10.260453654454372,-1.5460504421001395,69.56599675289851,6.704121503189076,-0.2815591774112571,45.9217112362338,5.867721115732178,-1.3837162205161913,49.48713729450961,14.378856756527682,-1.7698360269758386,81.72820773411142,5.300761423546744,0.2760686544155062,49.213407040844196,9.623900578301486,0.7274492896157065,52.898312983578506,7.344793325735187,0.6933983135345697,50.80340328268546,6.753806249878588,1.468047811834209,47.215404674324624,4.632782600432766,-8.993140806711256,63.80815288498848,7.122691890966996,-10.12909489621621,68.79870359134799,8.7835754674636,-8.262913063170297,65.98976850766913,16.025436815899464,-11.218776375062795,91.29333156768914,22.203826197493346,-14.723554151662528,105.68555445352268,28.25475466440602,-14.676406742028396,117.41408743081419,3.237450919480145,-7.46508041760675,59.252181287600074,3.409967350199716,-5.820880683865291,62.71159913210577,3.0352018872487174,-3.3074442728968125,53.912869055239916,3.559254186923339,-1.834069484242879,58.26495583395012,4.5952978753701625,-0.20660633749088006,66.48901866205301,3.3588170390453906,0.9165006491149125,41.11217706095151,4.568265731385658,2.0678265201395836,46.777606206565814,5.944213949029768,3.2534460343701674,51.293628447739195,6.330375890473685,3.343485193236199,44.81237415195267,8.32403496455711,3.610166566800692,49.94574144175797,18.387865347339545,5.791583340976139,97.41612998526831,23.009944285468986,4.7242572790841955,110.6294337970916,33.99984694802629,3.1755674255175768,151.15751376686066,36.63110491073001,-0.8518164571222536,154.5412962092567,63.78263520268034,-9.146466254689312,259.0733675838645,62.383646757878275,-16.61494851466525,246.87177045208202,62.19208353749924,-24.714985381313788,241.06961195765962,8.32403496455711,-1.7698360269758386,65.98976850766913
371,2025-12-17 11:24:07.660276,1.2823797588599997,-1.0479643039009199,10.33343906011274,0.9043564524889841,-1.1461627309731883,10.358853742926986,1.8336601469586253,-0.9617091916413665,10.087476395430013,2.186911373683247,-0.9722164820267198,9.919478889456709,1.5823044095738856,-0.23999799183219933,10.655465157123038,1.5665312613675166,-0.0756131494368805,10.604712458870596,1.2685480561811278,-0.306204880721084,10.626895313840103,1.835809702741342,-0.2260961683159615,10.375085513402054,1.158018125588338,0.061071345474921136,10.689673737682845,1.9004468064045523,0.14250814413510252,10.328996012571565,1.554371175731212,0.14404509330366405,10.638254331939718,1.540241176022602,0.33350979145631,10.657151849757495,0.7383245335501777,-1.465413032806785,10.282751129087005,1.0547581480337678,-1.5249910613676037,10.258891095652428,1.365065330366996,-1.2994949141013385,10.257257394254948,1.7694120958424215,-1.2452091948077122,10.079181459358274,2.0723588109420117,-1.381771636536772,9.854401994732486,2.3418357209545113,-1.2219667582196583,9.723500179642748,0.5485330799210403,-1.3054915021420117,10.27144675612628,0.5566998533263239,-0.9730070515059468,10.400470576333205,0.5817261984676138,-0.6500576074461416,10.462363329613977,0.643127802307769,-0.33508222890691886,10.62450912014636,0.7428504347311701,-0.025411269082812906,10.768212844097402,0.880602735425992,0.2388439194009455,10.742669470061053,1.0703070033355206,0.48828899253025526,10.871848632180036,1.270805599196502,0.7037554859397884,10.850295973780725,1.532580665823427,0.8141805332866927,10.700538284965932,1.753114432263762,0.7625191352339653,10.38961255121008,1.9555195924960433,0.6264525397380755,10.286358891514547,2.108984894314645,0.44242050954249895,10.071598240543171,2.2383837156693835,0.21654902532661366,9.915178719214568,2.3449899442933395,-0.04805901160017443,9.859047002584427,2.3905700214373407,-0.33602082264207384,9.704049999040613,2.4264480976453005,-0.639230871469897,9.603827725918455,2.471107747578259,-0.9753391701723865,9.587378375142682,1.554371175731212,-0.306204880721084,10.33343906011274
